FID_WQchem,OBJECTID,OBJECTID2,EventCode,StationCod,Collection,Collecti_1,SiteDepth,Stratifica,SampleDept,Depths,TotalPhosp,Chloride_m,Project,STISdepth,Comments,_LAKE,FID_,StationNam,StationC_1,Transect,Lake,Year,Project_1,stat_Depth,LatitudeDD,LongitudeD,Notes,STIS__,SITE,STATION,PROJECT_12,DAT,SiteDep,blk_dup,Strat_,Epi_Dep,up_dept,lw_dpth,Ave_dep,TP_ug,FID_EFDC,GRIDNO,IJ_VALUE,I_Value,J_Value,BedElev,I_Parent,J_Parent,Area,Mask,WSElev,ZRough,Sim_Result,Sim_Dir,Map_Value,Dry_Flag,Grid_Label,I_J_index,sig_thick,I_index,J_Index,I_J_inde_1,Water_Dept,Number_Lay,Sig_layer-K,
137,143,150,stn17_20180725_D_LEII,stn17,7/25/2018,20180725,59.00000000000,no data,2M-INT,"2, 8, 18, 20, 30, 40, 57.5",12.10000000000,22.14,LOLA/CSMI,8167-1,,Ontario,125,Station 17,stn17,1,Ontario,2018,CSMI,14.40000000000,43.22470000000,-79.27190000000,,8167-1,0,2M-INT,LOLA/CSMI,7/25/2018,59.00000000000,,no data,"2, 11.2",2.00000000000,2.00000000000,2.00000000000,12.10000000000,970,4.06400000000e+003,"(52,67)",52,67,-1.15210e+001,0,0,0.00000000000e+000,0,1.92000000000e-001,1.00000000000e-003,6.335132,,6.335132,0,,52-67,1.17130000000,52,67,52-67,11.71300000000,10,2,
138,144,151,stn17_20180725_D_LEII,stn17,7/25/2018,20180725,16.00000000000,no data,B2/ Hypo,"2, 6, 14",12.70000000000,22.08,LOLA/CSMI,8167-7,,Ontario,125,Station 17,stn17,1,Ontario,2018,CSMI,14.40000000000,43.22470000000,-79.27190000000,,8167-7,0,B2/ Hypo,LOLA/CSMI,7/25/2018,16.00000000000,,no data,"2, 6, 14",11.20000000000,11.20000000000,11.20000000000,12.70000000000,970,4.06400000000e+003,"(52,67)",52,67,-1.15210e+001,0,0,0.00000000000e+000,0,1.92000000000e-001,1.00000000000e-003,6.335132,,6.335132,0,,52-67,1.17130000000,52,67,52-67,11.71300000000,10,10,
139,145,152,stn18_20180725_D_LEII,stn18,7/25/2018,20180725,85.00000000000,no data,2M-INT,"2, 8, 18, 20, 29, 40, 83",2.54000000000,20.63,LOLA/CSMI,8168-1,,Ontario,126,Station 18,stn18,1,Ontario,2018,CSMI,85.50000000000,43.30360000000,-79.27810000000,,8168-1,0,2M-INT,LOLA/CSMI,7/25/2018,85.00000000000,,no data,"2, 8, 18, 29, 83",2.00000000000,18.00000000000,10.00000000000,2.54000000000,1143,5.90400000000e+003,"(55,77)",55,77,-8.40364e+001,0,0,0.00000000000e+000,0,1.92000000000e-001,1.00000000000e-003,4.844752,,4.844752,0,,55-77,8.42280000000,55,77,55-77,84.22800000000,10,2,
140,146,153,stn18_20180725_D_LEII,stn18,7/25/2018,20180725,85.00000000000,no data,40M/ DCL,,6.23000000000,24.44,LOLA/CSMI,8168-5,,Ontario,126,Station 18,stn18,1,Ontario,2018,CSMI,85.50000000000,43.30360000000,-79.27810000000,,8168-5,0,40M/ DCL,LOLA/CSMI,7/25/2018,85.00000000000,,,,29.00000000000,29.00000000000,29.00000000000,6.23000000000,1143,5.90400000000e+003,"(55,77)",55,77,-8.40364e+001,0,0,0.00000000000e+000,0,1.92000000000e-001,1.00000000000e-003,4.844752,,4.844752,0,,55-77,8.42280000000,55,77,55-77,84.22800000000,10,4,
141,147,154,stn18_20180725_D_LEII,stn18,7/25/2018,20180725,85.00000000000,no data,B2/ Hypo,,0.61000000000,24.6,LOLA/CSMI,8168-7,,Ontario,126,Station 18,stn18,1,Ontario,2018,CSMI,85.50000000000,43.30360000000,-79.27810000000,,8168-7,0,B2/ Hypo,LOLA/CSMI,7/25/2018,85.00000000000,,,,83.00000000000,83.00000000000,83.00000000000,0.61000000000,1143,5.90400000000e+003,"(55,77)",55,77,-8.40364e+001,0,0,0.00000000000e+000,0,1.92000000000e-001,1.00000000000e-003,4.844752,,4.844752,0,,55-77,8.42280000000,55,77,55-77,84.22800000000,10,10,
44,45,47,stn717_20180524_D_LG,stn717,5/24/2018,20180524,34.60000000000,Strat,2M-INT,"2, 5, 10, 14.1, 32.7",4.65000000000,22.56,LOLA/CSMI,8023-1,,Ontario,193,Station 717,stn717,4,Ontario,2018,CSMI,19.00000000000,43.30000000000,-77.44000000000,,8023-1,717,2M-INT,LOLA/CSMI,5/24/2018,34.60000000000,,Strat,"2, 5, 10, 14.1, 32.7",2.00000000000,10.00000000000,6.00000000000,4.65000000000,9478,5.94000000000e+002,"(181,38)",181,38,-3.51884e+001,0,0,0.00000000000e+000,0,1.92000000000e-001,1.00000000000e-003,5.345354,,5.345354,0,,181-38,3.53800000000,181,38,181-38,35.38000000000,10,2,
45,46,48,stn717_20180524_D_LG,stn717,5/24/2018,20180524,34.60000000000,Strat,40M/ DCL,,4.55000000000,22.68,LOLA/CSMI,8023-5,,Ontario,193,Station 717,stn717,4,Ontario,2018,CSMI,19.00000000000,43.30000000000,-77.44000000000,,8023-5,717,40M/ DCL,LOLA/CSMI,5/24/2018,34.60000000000,,,,14.10000000000,14.10000000000,14.10000000000,4.55000000000,9478,5.94000000000e+002,"(181,38)",181,38,-3.51884e+001,0,0,0.00000000000e+000,0,1.92000000000e-001,1.00000000000e-003,5.345354,,5.345354,0,,181-38,3.53800000000,181,38,181-38,35.38000000000,10,4,
46,47,49,stn717_20180524_D_LG,stn717,5/24/2018,20180524,34.60000000000,Strat,B2/ Hypo,,3.23000000000,22.81,LOLA/CSMI,8023-7,,Ontario,193,Station 717,stn717,4,Ontario,2018,CSMI,19.00000000000,43.30000000000,-77.44000000000,,8023-7,717,B2/ Hypo,LOLA/CSMI,5/24/2018,34.60000000000,,,,32.70000000000,32.70000000000,32.70000000000,3.23000000000,9478,5.94000000000e+002,"(181,38)",181,38,-3.51884e+001,0,0,0.00000000000e+000,0,1.92000000000e-001,1.00000000000e-003,5.345354,,5.345354,0,,181-38,3.53800000000,181,38,181-38,35.38000000000,10,10,
104,108,113,stn717_20180620_D_LG,stn717,6/20/2018,20180620,34.00000000000,Unstrat,2M-INT,"2, 10, 20, 32",2.71000000000,22.86,LOLA/CSMI,8063-1,,Ontario,193,Station 717,stn717,4,Ontario,2018,CSMI,19.00000000000,43.30000000000,-77.44000000000,,8063-1,717,2M-INT,LOLA/CSMI,6/20/2018,34.00000000000,,Unstrat,"2, 10, 20, 32",2.00000000000,20.00000000000,11.00000000000,2.71000000000,9478,5.94000000000e+002,"(181,38)",181,38,-3.51884e+001,0,0,0.00000000000e+000,0,1.92000000000e-001,1.00000000000e-003,5.345354,,5.345354,0,,181-38,3.53800000000,181,38,181-38,35.38000000000,10,4,
105,109,114,stn717_20180620_D_LG,stn717,6/20/2018,20180620,34.00000000000,Unstrat,B2/ Hypo,,6.42000000000,22.93,LOLA/CSMI,8063-7,,Ontario,193,Station 717,stn717,4,Ontario,2018,CSMI,19.00000000000,43.30000000000,-77.44000000000,,8063-7,717,B2/ Hypo,LOLA/CSMI,6/20/2018,34.00000000000,,,,32.00000000000,32.00000000000,32.00000000000,6.42000000000,9478,5.94000000000e+002,"(181,38)",181,38,-3.51884e+001,0,0,0.00000000000e+000,0,1.92000000000e-001,1.00000000000e-003,5.345354,,5.345354,0,,181-38,3.53800000000,181,38,181-38,35.38000000000,10,10,
41,42,44,stn58_20180524_D_LG,stn58,5/24/2018,20180524,89.00000000000,Strat,2M-INT,"2, 5, 10, 13.3, 87",6.69000000000,22.51,LOLA/CSMI,8022-1,,Ontario,171,Station 58,stn58,4,Ontario,2018,CSMI,99.00000000000,43.32800000000,-77.43800000000,,8022-1,58,2M-INT,LOLA/CSMI,5/24/2018,89.00000000000,,Strat,"2, 5, 10, 13.3, 87",2.00000000000,10.00000000000,6.00000000000,6.69000000000,9498,2.65000000000e+003,"(181,58)",181,58,-8.46860e+001,0,0,0.00000000000e+000,0,1.92000000000e-001,1.00000000000e-003,4.938173,,4.938173,0,,181-58,8.48780000000,181,58,181-58,84.87800000000,10,1,
42,43,45,stn58_20180524_D_LG,stn58,5/24/2018,20180524,89.00000000000,Strat,40M/ DCL,,3.65000000000,22.7,LOLA/CSMI,8022-5,,Ontario,171,Station 58,stn58,4,Ontario,2018,CSMI,99.00000000000,43.32800000000,-77.43800000000,,8022-5,58,40M/ DCL,LOLA/CSMI,5/24/2018,89.00000000000,,,,13.30000000000,13.30000000000,13.30000000000,3.65000000000,9498,2.65000000000e+003,"(181,58)",181,58,-8.46860e+001,0,0,0.00000000000e+000,0,1.92000000000e-001,1.00000000000e-003,4.938173,,4.938173,0,,181-58,8.48780000000,181,58,181-58,84.87800000000,10,2,
43,44,46,stn58_20180524_D_LG,stn58,5/24/2018,20180524,89.00000000000,Strat,B2/ Hypo,,2.23000000000,22.97,LOLA/CSMI,8022-7,,Ontario,171,Station 58,stn58,4,Ontario,2018,CSMI,99.00000000000,43.32800000000,-77.43800000000,,8022-7,58,B2/ Hypo,LOLA/CSMI,5/24/2018,89.00000000000,,,,87.00000000000,87.00000000000,87.00000000000,2.23000000000,9498,2.65000000000e+003,"(181,58)",181,58,-8.46860e+001,0,0,0.00000000000e+000,0,1.92000000000e-001,1.00000000000e-003,4.938173,,4.938173,0,,181-58,8.48780000000,181,58,181-58,84.87800000000,10,10,
101,105,110,stn58_20180620_D_LG,stn58,6/20/2018,20180620,87.10000000000,Strat,2M-INT,"2, 20, 85.1",2.62000000000,23,LOLA/CSMI,8062-1,,Ontario,171,Station 58,stn58,4,Ontario,2018,CSMI,99.00000000000,43.32800000000,-77.43800000000,,8062-1,58,2M-INT,LOLA/CSMI,6/20/2018,87.10000000000,,Strat,"2, 20, 85.1",2.00000000000,20.00000000000,11.00000000000,2.62000000000,9498,2.65000000000e+003,"(181,58)",181,58,-8.46860e+001,0,0,0.00000000000e+000,0,1.92000000000e-001,1.00000000000e-003,4.938173,,4.938173,0,,181-58,8.48780000000,181,58,181-58,84.87800000000,10,2,
102,106,111,stn58_20180620_D_LG,stn58,6/20/2018,20180620,87.10000000000,Strat,40M/ DCL,,4.88000000000,22.77,LOLA/CSMI,8062-5,,Ontario,171,Station 58,stn58,4,Ontario,2018,CSMI,99.00000000000,43.32800000000,-77.43800000000,,8062-5,58,40M/ DCL,LOLA/CSMI,6/20/2018,87.10000000000,,,,1.00000000000,1.00000000000,1.00000000000,4.88000000000,9498,2.65000000000e+003,"(181,58)",181,58,-8.46860e+001,0,0,0.00000000000e+000,0,1.92000000000e-001,1.00000000000e-003,4.938173,,4.938173,0,,181-58,8.48780000000,181,58,181-58,84.87800000000,10,1,
103,107,112,stn58_20180620_D_LG,stn58,6/20/2018,20180620,87.10000000000,Strat,B2/ Hypo,,3.66000000000,22.95,LOLA/CSMI,8062-7,,Ontario,171,Station 58,stn58,4,Ontario,2018,CSMI,99.00000000000,43.32800000000,-77.43800000000,,8062-7,58,B2/ Hypo,LOLA/CSMI,6/20/2018,87.10000000000,,,,85.10000000000,85.10000000000,85.10000000000,3.66000000000,9498,2.65000000000e+003,"(181,58)",181,58,-8.46860e+001,0,0,0.00000000000e+000,0,1.92000000000e-001,1.00000000000e-003,4.938173,,4.938173,0,,181-58,8.48780000000,181,58,181-58,84.87800000000,10,10,
74,77,81,stn35_20180619_D_LG,stn35,6/19/2018,20180619,29.00000000000,Strat,2M-INT,"2, 5, 16, 27",8.84000000000,22.79,LOLA/CSMI,8045-1,,Ontario,146,Station 35,stn35,2,Ontario,2018,CSMI,37.00000000000,43.36190000000,-78.72940000000,,8045-1,35,2M-INT,LOLA/CSMI,6/19/2018,29.00000000000,,Strat,"2, 5, 16, 27",2.00000000000,16.00000000000,9.00000000000,8.84000000000,3540,4.10800000000e+003,"(96,67)",96,67,-3.01325e+001,0,0,0.00000000000e+000,0,1.92000000000e-001,1.00000000000e-003,5.823115,,5.823115,0,,96-67,3.03240000000,96,67,96-67,30.32400000000,10,3,
75,78,82,stn35_20180619_D_LG,stn35,6/19/2018,20180619,29.00000000000,Strat,40M/ DCL,,8.56000000000,25.72,LOLA/CSMI,8045-5,,Ontario,146,Station 35,stn35,2,Ontario,2018,CSMI,37.00000000000,43.36190000000,-78.72940000000,,8045-5,35,40M/ DCL,LOLA/CSMI,6/19/2018,29.00000000000,,,,27.00000000000,27.00000000000,27.00000000000,8.56000000000,3540,4.10800000000e+003,"(96,67)",96,67,-3.01325e+001,0,0,0.00000000000e+000,0,1.92000000000e-001,1.00000000000e-003,5.823115,,5.823115,0,,96-67,3.03240000000,96,67,96-67,30.32400000000,10,9,
76,79,83,stn35_20180619_D_LG,stn35,6/19/2018,20180619,29.00000000000,Strat,B2/ Hypo,,8.73000000000,24.42,LOLA/CSMI,8045-7,,Ontario,146,Station 35,stn35,2,Ontario,2018,CSMI,37.00000000000,43.36190000000,-78.72940000000,,8045-7,35,B2/ Hypo,LOLA/CSMI,6/19/2018,29.00000000000,,,,27.00000000000,27.00000000000,27.00000000000,8.73000000000,3540,4.10800000000e+003,"(96,67)",96,67,-3.01325e+001,0,0,0.00000000000e+000,0,1.92000000000e-001,1.00000000000e-003,5.823115,,5.823115,0,,96-67,3.03240000000,96,67,96-67,30.32400000000,10,9,
135,139,146,stn35_20180727_D_LEII,stn35,7/27/2018,20180727,105.00000000000,no data,2M-INT,"2, 6, 10, 12, 20, 30, 103.5",12.00000000000,20.55,LOLA/CSMI,8160-1,,Ontario,146,Station 35,stn35,2,Ontario,2018,CSMI,37.00000000000,43.36190000000,-78.72940000000,,8160-1,0,2M-INT,LOLA/CSMI,7/27/2018,105.00000000000,,no data,"2, 10, 27.6",2.00000000000,10.00000000000,6.00000000000,12.00000000000,3540,4.10800000000e+003,"(96,67)",96,67,-3.01325e+001,0,0,0.00000000000e+000,0,1.92000000000e-001,1.00000000000e-003,5.823115,,5.823115,0,,96-67,3.03240000000,96,67,96-67,30.32400000000,10,2,
136,140,147,stn35_20180727_D_LEII,stn35,7/27/2018,20180727,104.00000000000,no data,B2/ Hypo,"2, 8, 18, 20, 24, 30, 100, 2",15.10000000000,22.99,LOLA/CSMI,8160-7,,Ontario,146,Station 35,stn35,2,Ontario,2018,CSMI,37.00000000000,43.36190000000,-78.72940000000,,8160-7,0,B2/ Hypo,LOLA/CSMI,7/27/2018,104.00000000000,,no data,,27.60000000000,27.60000000000,27.60000000000,15.10000000000,3540,4.10800000000e+003,"(96,67)",96,67,-3.01325e+001,0,0,0.00000000000e+000,0,1.92000000000e-001,1.00000000000e-003,5.823115,,5.823115,0,,96-67,3.03240000000,96,67,96-67,30.32400000000,10,10,
142,148,155,stn19_20180725_D_LEII,stn19,7/25/2018,20180725,105.00000000000,no data,2M-INT,"2, 6, 10, 12, 20, 30, 103.5",3.26000000000,21.64,LOLA/CSMI,8169-1,,Ontario,127,Station 19,stn19,1,Ontario,2018,CSMI,106.00000000000,43.38360000000,-79.28530000000,,8169-1,0,2M-INT,LOLA/CSMI,7/25/2018,105.00000000000,,no data,"2, 6, 10, 20, 103.5",2.00000000000,10.00000000000,6.00000000000,3.26000000000,1314,7.17000000000e+003,"(58,83)",58,83,-1.07564e+002,0,0,0.00000000000e+000,0,1.92000000000e-001,1.00000000000e-003,4.780319,,4.780319,0,,58-83,10.77560000000,58,83,58-83,107.75600000000,10,1,
143,149,156,stn19_20180725_D_LEII,stn19,7/25/2018,20180725,105.00000000000,no data,40M/ DCL,,0.61000000000,22.78,LOLA/CSMI,8169-5,,Ontario,127,Station 19,stn19,1,Ontario,2018,CSMI,106.00000000000,43.38360000000,-79.28530000000,,8169-5,0,40M/ DCL,LOLA/CSMI,7/25/2018,105.00000000000,,,,20.00000000000,20.00000000000,20.00000000000,0.61000000000,1314,7.17000000000e+003,"(58,83)",58,83,-1.07564e+002,0,0,0.00000000000e+000,0,1.92000000000e-001,1.00000000000e-003,4.780319,,4.780319,0,,58-83,10.77560000000,58,83,58-83,107.75600000000,10,2,
144,150,157,stn19_20180725_D_LEII,stn19,7/25/2018,20180725,105.00000000000,no data,B2/ Hypo,,2.80000000000,23.3,LOLA/CSMI,8169-7,,Ontario,127,Station 19,stn19,1,Ontario,2018,CSMI,106.00000000000,43.38360000000,-79.28530000000,,8169-7,0,B2/ Hypo,LOLA/CSMI,7/25/2018,105.00000000000,,,,103.50000000000,103.50000000000,103.50000000000,2.80000000000,1314,7.17000000000e+003,"(58,83)",58,83,-1.07564e+002,0,0,0.00000000000e+000,0,1.92000000000e-001,1.00000000000e-003,4.780319,,4.780319,0,,58-83,10.77560000000,58,83,58-83,107.75600000000,10,10,
27,28,30,stn38_20180522_D_LG,stn38,5/22/2018,20180522,18.30000000000,Unstrat,2M-INT,"2, 8.1, 16.2",2.44000000000,21.64,LOLA/CSMI,8017-1,,Ontario,149,Station 38,stn38,3,Ontario,2018,CSMI,20.00000000000,43.38330000000,-77.98940000000,,8017-1,38,2M-INT,LOLA/CSMI,5/22/2018,18.30000000000,,Unstrat,"2, 8.1, 16.2",2.00000000000,8.10000000000,5.10000000000,2.44000000000,6661,3.12600000000e+003,"(148,61)",148,61,-2.08395e+001,0,0,0.00000000000e+000,0,1.92000000000e-001,1.00000000000e-003,6.405596,,6.405596,0,,148-61,2.10320000000,148,61,148-61,21.03200000000,10,3,
28,29,31,stn38_20180522_D_LG,stn38,5/22/2018,20180522,18.30000000000,Unstrat,40M/ DCL,,3.62000000000,21.93,LOLA/CSMI,8017-5,,Ontario,149,Station 38,stn38,3,Ontario,2018,CSMI,20.00000000000,43.38330000000,-77.98940000000,,8017-5,38,40M/ DCL,LOLA/CSMI,5/22/2018,18.30000000000,,,,16.20000000000,16.20000000000,16.20000000000,3.62000000000,6661,3.12600000000e+003,"(148,61)",148,61,-2.08395e+001,0,0,0.00000000000e+000,0,1.92000000000e-001,1.00000000000e-003,6.405596,,6.405596,0,,148-61,2.10320000000,148,61,148-61,21.03200000000,10,8,
29,30,32,stn38_20180522_D_LG,stn38,5/22/2018,20180522,18.30000000000,Unstrat,B2/ Hypo,,1.63000000000,22.19,LOLA/CSMI,8017-7,,Ontario,149,Station 38,stn38,3,Ontario,2018,CSMI,20.00000000000,43.38330000000,-77.98940000000,,8017-7,38,B2/ Hypo,LOLA/CSMI,5/22/2018,18.30000000000,,,,16.20000000000,16.20000000000,16.20000000000,1.63000000000,6661,3.12600000000e+003,"(148,61)",148,61,-2.08395e+001,0,0,0.00000000000e+000,0,1.92000000000e-001,1.00000000000e-003,6.405596,,6.405596,0,,148-61,2.10320000000,148,61,148-61,21.03200000000,10,8,
162,172,181,stn38_20180927_D_LG,stn38,9/27/2018,20180927,17.00000000000,Unstrat,2M-INT,"2, 5, 10, 15",6.02000000000,22.53,LOLA/CSMI,8307-1,,Ontario,149,Station 38,stn38,3,Ontario,2018,CSMI,20.00000000000,43.38330000000,-77.98940000000,,8307-1,38,2M-INT,LOLA/CSMI,9/27/2018,17.00000000000,,Unstrat,"2, 5, 10, 15",2.00000000000,10.00000000000,6.00000000000,6.02000000000,6661,3.12600000000e+003,"(148,61)",148,61,-2.08395e+001,0,0,0.00000000000e+000,0,1.92000000000e-001,1.00000000000e-003,6.405596,,6.405596,0,,148-61,2.10320000000,148,61,148-61,21.03200000000,10,3,
163,173,182,stn38_20180927_D_LG,stn38,9/27/2018,20180927,17.00000000000,Unstrat,B2/ Hypo,,5.10000000000,22.47,LOLA/CSMI,8307-7,,Ontario,149,Station 38,stn38,3,Ontario,2018,CSMI,20.00000000000,43.38330000000,-77.98940000000,,8307-7,38,B2/ Hypo,LOLA/CSMI,9/27/2018,17.00000000000,,,,15.00000000000,15.00000000000,15.00000000000,5.10000000000,6661,3.12600000000e+003,"(148,61)",148,61,-2.08395e+001,0,0,0.00000000000e+000,0,1.92000000000e-001,1.00000000000e-003,6.405596,,6.405596,0,,148-61,2.10320000000,148,61,148-61,21.03200000000,10,8,
12,12,12,stn34_20180521_D_LG,stn34,5/21/2018,20180521,135.50000000000,Strat,2M-INT,"2, 5, 10, 75.3, 133.5",7.54000000000,21.21,LOLA/CSMI,8004-1,,Ontario,145,Station 34,stn34,2,Ontario,2018,CSMI,136.00000000000,43.46110000000,-78.75940000000,,8004-1,34,2M-INT,LOLA/CSMI,5/21/2018,135.50000000000,,Strat,"2, 5, 10, 75.3, 133.5",2.00000000000,10.00000000000,6.00000000000,7.54000000000,3612,6.34900000000e+003,"(97,79)",97,79,-1.41000e+002,0,0,0.00000000000e+000,0,1.92000000000e-001,1.00000000000e-003,4.681736,,4.681736,0,,97-79,14.11920000000,97,79,97-79,141.19200000000,10,1,
13,13,13,stn34_20180521_D_LG,stn34,5/21/2018,20180521,135.50000000000,Strat,40M/ DCL,,5.96000000000,22.94,LOLA/CSMI,8004-5,,Ontario,145,Station 34,stn34,2,Ontario,2018,CSMI,136.00000000000,43.46110000000,-78.75940000000,,8004-5,34,40M/ DCL,LOLA/CSMI,5/21/2018,135.50000000000,,,,75.30000000000,75.30000000000,75.30000000000,5.96000000000,3612,6.34900000000e+003,"(97,79)",97,79,-1.41000e+002,0,0,0.00000000000e+000,0,1.92000000000e-001,1.00000000000e-003,4.681736,,4.681736,0,,97-79,14.11920000000,97,79,97-79,141.19200000000,10,6,
14,14,14,stn34_20180521_D_LG,stn34,5/21/2018,20180521,135.50000000000,Strat,B2/ Hypo,,5.47000000000,23,LOLA/CSMI,8004-7,,Ontario,145,Station 34,stn34,2,Ontario,2018,CSMI,136.00000000000,43.46110000000,-78.75940000000,,8004-7,34,B2/ Hypo,LOLA/CSMI,5/21/2018,135.50000000000,,,,133.50000000000,133.50000000000,133.50000000000,5.47000000000,3612,6.34900000000e+003,"(97,79)",97,79,-1.41000e+002,0,0,0.00000000000e+000,0,1.92000000000e-001,1.00000000000e-003,4.681736,,4.681736,0,,97-79,14.11920000000,97,79,97-79,141.19200000000,10,10,
132,136,143,stn34_20180727_D_LEII,stn34,7/27/2018,20180727,141.00000000000,0,2M-INT,,42.60000000000,21.64,LOLA/CSMI,8159-1,,Ontario,145,Station 34,stn34,2,Ontario,2018,CSMI,136.00000000000,43.46110000000,-78.75940000000,,8159-1,0,2M-INT,LOLA/CSMI,7/27/2018,141.00000000000,,,"2, 5, 8, 22, 134",2.00000000000,8.00000000000,5.00000000000,42.60000000000,3612,6.34900000000e+003,"(97,79)",97,79,-1.41000e+002,0,0,0.00000000000e+000,0,1.92000000000e-001,1.00000000000e-003,4.681736,,4.681736,0,,97-79,14.11920000000,97,79,97-79,141.19200000000,10,1,
133,137,144,stn34_20180727_D_LEII,stn34,7/27/2018,20180727,13.20000000000,0,40M/ DCL,"2, 6, 11.2",20.00000000000,22.18,LOLA/CSMI,8159-5,,Ontario,145,Station 34,stn34,2,Ontario,2018,CSMI,136.00000000000,43.46110000000,-78.75940000000,,8159-5,0,40M/ DCL,LOLA/CSMI,7/27/2018,13.20000000000,,no data,,22.00000000000,22.00000000000,22.00000000000,20.00000000000,3612,6.34900000000e+003,"(97,79)",97,79,-1.41000e+002,0,0,0.00000000000e+000,0,1.92000000000e-001,1.00000000000e-003,4.681736,,4.681736,0,,97-79,14.11920000000,97,79,97-79,141.19200000000,10,2,
134,138,145,stn34_20180727_D_LEII,stn34,7/27/2018,20180727,85.00000000000,0,B2/ Hypo,"2, 8, 18, 20, 29, 40, 83",66.70000000000,22.54,LOLA/CSMI,8159-7,,Ontario,145,Station 34,stn34,2,Ontario,2018,CSMI,136.00000000000,43.46110000000,-78.75940000000,,8159-7,0,B2/ Hypo,LOLA/CSMI,7/27/2018,85.00000000000,,no data,,134.00000000000,134.00000000000,134.00000000000,66.70000000000,3612,6.34900000000e+003,"(97,79)",97,79,-1.41000e+002,0,0,0.00000000000e+000,0,1.92000000000e-001,1.00000000000e-003,4.681736,,4.681736,0,,97-79,14.11920000000,97,79,97-79,141.19200000000,10,10,
38,39,41,stn55_20180524_D_LG,stn55,5/24/2018,20180524,190.90000000000,Unstrat,2M-INT,"2, 10, 20, 95.5, 188.9",2.09000000000,21.83,LOLA/CSMI,8021-1,,Ontario,167,Station 55,stn55,4,Ontario,2018,CSMI,192.00000000000,43.44390000000,-77.43890000000,,8021-1,55,2M-INT,LOLA/CSMI,5/24/2018,190.90000000000,,Unstrat,"2, 10, 20, 95.5, 188.9",2.00000000000,20.00000000000,11.00000000000,2.09000000000,9416,6.22900000000e+003,"(180,78)",180,78,-1.95108e+002,0,0,0.00000000000e+000,0,1.92000000000e-001,1.00000000000e-003,4.834577,,4.834577,0,,180-78,19.53000000000,180,78,180-78,195.30000000000,10,1,
39,40,42,stn55_20180524_D_LG,stn55,5/24/2018,20180524,190.90000000000,Unstrat,40M/ DCL,,1.40000000000,22.73,LOLA/CSMI,8021-5,,Ontario,167,Station 55,stn55,4,Ontario,2018,CSMI,192.00000000000,43.44390000000,-77.43890000000,,8021-5,55,40M/ DCL,LOLA/CSMI,5/24/2018,190.90000000000,,,,95.50000000000,95.50000000000,95.50000000000,1.40000000000,9416,6.22900000000e+003,"(180,78)",180,78,-1.95108e+002,0,0,0.00000000000e+000,0,1.92000000000e-001,1.00000000000e-003,4.834577,,4.834577,0,,180-78,19.53000000000,180,78,180-78,195.30000000000,10,5,
40,41,43,stn55_20180524_D_LG,stn55,5/24/2018,20180524,190.90000000000,Unstrat,B2/ Hypo,,4.51000000000,22.75,LOLA/CSMI,8021-7,,Ontario,167,Station 55,stn55,4,Ontario,2018,CSMI,192.00000000000,43.44390000000,-77.43890000000,,8021-7,55,B2/ Hypo,LOLA/CSMI,5/24/2018,190.90000000000,,,,188.90000000000,188.90000000000,188.90000000000,4.51000000000,9416,6.22900000000e+003,"(180,78)",180,78,-1.95108e+002,0,0,0.00000000000e+000,0,1.92000000000e-001,1.00000000000e-003,4.834577,,4.834577,0,,180-78,19.53000000000,180,78,180-78,195.30000000000,10,10,
98,102,107,stn55_20180620_N_LG,stn55,6/20/2018,20180620,190.40000000000,Strat,2M-INT,"2, 6, 12, 188.4",4.57000000000,23.07,LOLA/CSMI,8061-1,,Ontario,167,Station 55,stn55,4,Ontario,2018,CSMI,192.00000000000,43.44390000000,-77.43890000000,,8061-1,55,2M-INT,LOLA/CSMI,6/20/2018,190.40000000000,,Strat,"2, 6, 12, 188.4",2.00000000000,6.00000000000,4.00000000000,4.57000000000,9416,6.22900000000e+003,"(180,78)",180,78,-1.95108e+002,0,0,0.00000000000e+000,0,1.92000000000e-001,1.00000000000e-003,4.834577,,4.834577,0,,180-78,19.53000000000,180,78,180-78,195.30000000000,10,1,
99,103,108,stn55_20180620_N_LG,stn55,6/20/2018,20180620,190.40000000000,Strat,40M/ DCL,,4.43000000000,22.95,LOLA/CSMI,8061-5,,Ontario,167,Station 55,stn55,4,Ontario,2018,CSMI,192.00000000000,43.44390000000,-77.43890000000,,8061-5,55,40M/ DCL,LOLA/CSMI,6/20/2018,190.40000000000,,,,12.00000000000,12.00000000000,12.00000000000,4.43000000000,9416,6.22900000000e+003,"(180,78)",180,78,-1.95108e+002,0,0,0.00000000000e+000,0,1.92000000000e-001,1.00000000000e-003,4.834577,,4.834577,0,,180-78,19.53000000000,180,78,180-78,195.30000000000,10,1,
100,104,109,stn55_20180620_N_LG,stn55,6/20/2018,20180620,190.40000000000,Strat,B2/ Hypo,,0.61000000000,22.96,LOLA/CSMI,8061-7,,Ontario,167,Station 55,stn55,4,Ontario,2018,CSMI,192.00000000000,43.44390000000,-77.43890000000,,8061-7,55,B2/ Hypo,LOLA/CSMI,6/20/2018,190.40000000000,,,,188.40000000000,188.40000000000,188.40000000000,0.61000000000,9416,6.22900000000e+003,"(180,78)",180,78,-1.95108e+002,0,0,0.00000000000e+000,0,1.92000000000e-001,1.00000000000e-003,4.834577,,4.834577,0,,180-78,19.53000000000,180,78,180-78,195.30000000000,10,10,
24,25,27,stn39_20180522_D_LG,stn39,5/22/2018,20180522,153.00000000000,Unstrat,2M-INT,"2, 7, 20, 76.5, 151",4.76000000000,22.58,LOLA/CSMI,8016-1,,Ontario,150,Station 39,stn39,3,Ontario,2018,CSMI,154.00000000000,43.48610000000,-78.00030000000,,8016-1,39,2M-INT,LOLA/CSMI,5/22/2018,153.00000000000,,Unstrat,"2, 7, 20, 76.5, 151",2.00000000000,20.00000000000,11.00000000000,4.76000000000,6616,6.19600000000e+003,"(147,78)",147,78,-1.60676e+002,0,0,0.00000000000e+000,0,1.92000000000e-001,1.00000000000e-003,4.599446,,4.599446,0,,147-78,16.08680000000,147,78,147-78,160.86800000000,10,1,
25,26,28,stn39_20180522_D_LG,stn39,5/22/2018,20180522,153.00000000000,Unstrat,40M/ DCL,,2.41000000000,22.49,LOLA/CSMI,8016-5,,Ontario,150,Station 39,stn39,3,Ontario,2018,CSMI,154.00000000000,43.48610000000,-78.00030000000,,8016-5,39,40M/ DCL,LOLA/CSMI,5/22/2018,153.00000000000,,,,76.50000000000,76.50000000000,76.50000000000,2.41000000000,6616,6.19600000000e+003,"(147,78)",147,78,-1.60676e+002,0,0,0.00000000000e+000,0,1.92000000000e-001,1.00000000000e-003,4.599446,,4.599446,0,,147-78,16.08680000000,147,78,147-78,160.86800000000,10,5,
26,27,29,stn39_20180522_D_LG,stn39,5/22/2018,20180522,153.00000000000,Unstrat,B2/ Hypo,,2.55000000000,22.8,LOLA/CSMI,8016-7,,Ontario,150,Station 39,stn39,3,Ontario,2018,CSMI,154.00000000000,43.48610000000,-78.00030000000,,8016-7,39,B2/ Hypo,LOLA/CSMI,5/22/2018,153.00000000000,,,,151.00000000000,151.00000000000,151.00000000000,2.55000000000,6616,6.19600000000e+003,"(147,78)",147,78,-1.60676e+002,0,0,0.00000000000e+000,0,1.92000000000e-001,1.00000000000e-003,4.599446,,4.599446,0,,147-78,16.08680000000,147,78,147-78,160.86800000000,10,10,
86,89,94,stn39_20180620_D_LG,stn39,6/20/2018,20180620,153.70000000000,Strat,2M-INT,"1.9, 6, 14, 151.6",2.28000000000,22.99,LOLA/CSMI,8056-1,,Ontario,150,Station 39,stn39,3,Ontario,2018,CSMI,154.00000000000,43.48610000000,-78.00030000000,,8056-1,39,2M-INT,LOLA/CSMI,6/20/2018,153.70000000000,,Strat,"1.9, 6, 14, 151.6",1.90000000000,6.00000000000,4.00000000000,2.28000000000,6616,6.19600000000e+003,"(147,78)",147,78,-1.60676e+002,0,0,0.00000000000e+000,0,1.92000000000e-001,1.00000000000e-003,4.599446,,4.599446,0,,147-78,16.08680000000,147,78,147-78,160.86800000000,10,1,
87,90,95,stn39_20180620_D_LG,stn39,6/20/2018,20180620,153.70000000000,Strat,40M/ DCL,,3.44000000000,22.95,LOLA/CSMI,8056-5,,Ontario,150,Station 39,stn39,3,Ontario,2018,CSMI,154.00000000000,43.48610000000,-78.00030000000,,8056-5,39,40M/ DCL,LOLA/CSMI,6/20/2018,153.70000000000,,,,14.00000000000,14.00000000000,14.00000000000,3.44000000000,6616,6.19600000000e+003,"(147,78)",147,78,-1.60676e+002,0,0,0.00000000000e+000,0,1.92000000000e-001,1.00000000000e-003,4.599446,,4.599446,0,,147-78,16.08680000000,147,78,147-78,160.86800000000,10,1,
88,91,96,stn39_20180620_D_LG,stn39,6/20/2018,20180620,153.70000000000,Strat,B2/ Hypo,,0.61000000000,23.09,LOLA/CSMI,8056-7,,Ontario,150,Station 39,stn39,3,Ontario,2018,CSMI,154.00000000000,43.48610000000,-78.00030000000,,8056-7,39,B2/ Hypo,LOLA/CSMI,6/20/2018,153.70000000000,,,,151.60000000000,151.60000000000,151.60000000000,0.61000000000,6616,6.19600000000e+003,"(147,78)",147,78,-1.60676e+002,0,0,0.00000000000e+000,0,1.92000000000e-001,1.00000000000e-003,4.599446,,4.599446,0,,147-78,16.08680000000,147,78,147-78,160.86800000000,10,10,
159,169,178,stn39_20180927_D_LG,stn39,9/27/2018,20180927,152.70000000000,Strat,2M-INT,"2, 7, 14, 24, 150",5.84000000000,22,LOLA/CSMI,8306-1,,Ontario,150,Station 39,stn39,3,Ontario,2018,CSMI,154.00000000000,43.48610000000,-78.00030000000,,8306-1,39,2M-INT,LOLA/CSMI,9/27/2018,152.70000000000,,Strat,"2, 7, 14, 24, 150",2.00000000000,14.00000000000,8.00000000000,5.84000000000,6616,6.19600000000e+003,"(147,78)",147,78,-1.60676e+002,0,0,0.00000000000e+000,0,1.92000000000e-001,1.00000000000e-003,4.599446,,4.599446,0,,147-78,16.08680000000,147,78,147-78,160.86800000000,10,1,
160,170,179,stn39_20180927_D_LG,stn39,9/27/2018,20180927,152.70000000000,Strat,40M/ DCL,,7.21000000000,22.79,LOLA/CSMI,8306-5,,Ontario,150,Station 39,stn39,3,Ontario,2018,CSMI,154.00000000000,43.48610000000,-78.00030000000,,8306-5,39,40M/ DCL,LOLA/CSMI,9/27/2018,152.70000000000,,,,24.00000000000,24.00000000000,24.00000000000,7.21000000000,6616,6.19600000000e+003,"(147,78)",147,78,-1.60676e+002,0,0,0.00000000000e+000,0,1.92000000000e-001,1.00000000000e-003,4.599446,,4.599446,0,,147-78,16.08680000000,147,78,147-78,160.86800000000,10,2,
161,171,180,stn39_20180927_D_LG,stn39,9/27/2018,20180927,152.70000000000,Strat,B2/ Hypo,,5.94000000000,23.15,LOLA/CSMI,8306-7,,Ontario,150,Station 39,stn39,3,Ontario,2018,CSMI,154.00000000000,43.48610000000,-78.00030000000,,8306-7,39,B2/ Hypo,LOLA/CSMI,9/27/2018,152.70000000000,,,,150.00000000000,150.00000000000,150.00000000000,5.94000000000,6616,6.19600000000e+003,"(147,78)",147,78,-1.60676e+002,0,0,0.00000000000e+000,0,1.92000000000e-001,1.00000000000e-003,4.599446,,4.599446,0,,147-78,16.08680000000,147,78,147-78,160.86800000000,10,10,
145,153,161,stn9_20180725_D_LEII,stn9,7/25/2018,20180725,59.00000000000,no data,2M-INT,"2, 8, 18, 20, 30, 40, 57.5",4.90000000000,23.84,LOLA/CSMI,8171-1,,Ontario,211,Station 9,stn9,1,Ontario,2018,CSMI,58.00000000000,43.58670000000,-79.39500000000,,8171-1,0,2M-INT,LOLA/CSMI,7/25/2018,59.00000000000,,no data,"2, 8, 18, 30, 57.5",2.00000000000,18.00000000000,10.00000000000,4.90000000000,1332,1.11920000000e+004,"(58,101)",58,101,-6.03499e+001,0,0,0.00000000000e+000,0,1.92000000000e-001,1.00000000000e-003,5.952535,,5.952535,0,,58-101,6.05420000000,58,101,58-101,60.54200000000,10,2,
146,154,162,stn9_20180725_D_LEII,stn9,7/25/2018,20180725,59.00000000000,no data,40M/ DCL,,1.61000000000,23.12,LOLA/CSMI,8171-5,,Ontario,211,Station 9,stn9,1,Ontario,2018,CSMI,58.00000000000,43.58670000000,-79.39500000000,,8171-5,0,40M/ DCL,LOLA/CSMI,7/25/2018,59.00000000000,,,,30.00000000000,30.00000000000,30.00000000000,1.61000000000,1332,1.11920000000e+004,"(58,101)",58,101,-6.03499e+001,0,0,0.00000000000e+000,0,1.92000000000e-001,1.00000000000e-003,5.952535,,5.952535,0,,58-101,6.05420000000,58,101,58-101,60.54200000000,10,5,
147,155,163,stn9_20180725_D_LEII,stn9,7/25/2018,20180725,59.00000000000,no data,B2/ Hypo,,5.47000000000,23.08,LOLA/CSMI,8171-7,,Ontario,211,Station 9,stn9,1,Ontario,2018,CSMI,58.00000000000,43.58670000000,-79.39500000000,,8171-7,0,B2/ Hypo,LOLA/CSMI,7/25/2018,59.00000000000,,,,57.50000000000,57.50000000000,57.50000000000,5.47000000000,1332,1.11920000000e+004,"(58,101)",58,101,-6.03499e+001,0,0,0.00000000000e+000,0,1.92000000000e-001,1.00000000000e-003,5.952535,,5.952535,0,,58-101,6.05420000000,58,101,58-101,60.54200000000,10,10,
9,9,9,stn33_20180521_D_LG,stn33,5/21/2018,20180521,135.70000000000,Unstrat,2M-INT,"2, 10, 20, 67.9, 133.7",7.45000000000,22.87,LOLA/CSMI,8003-1,,Ontario,143,Station 33,stn33,2,Ontario,2018,CSMI,138.00000000000,43.59640000000,-78.81440000000,,8003-1,33,2M-INT,LOLA/CSMI,5/21/2018,135.70000000000,,Unstrat,"2, 10, 20, 67.9, 133.7",2.00000000000,20.00000000000,11.00000000000,7.45000000000,3623,8.83500000000e+003,"(97,90)",97,90,-1.38455e+002,0,0,0.00000000000e+000,0,1.92000000000e-001,1.00000000000e-003,4.813006,,4.813006,0,,97-90,13.86470000000,97,90,97-90,138.64700000000,10,1,
10,10,10,stn33_20180521_D_LG,stn33,5/21/2018,20180521,135.70000000000,Unstrat,40M/ DCL,,6.59000000000,22.82,LOLA/CSMI,8003-5,,Ontario,143,Station 33,stn33,2,Ontario,2018,CSMI,138.00000000000,43.59640000000,-78.81440000000,,8003-5,33,40M/ DCL,LOLA/CSMI,5/21/2018,135.70000000000,,,,67.90000000000,67.90000000000,67.90000000000,6.59000000000,3623,8.83500000000e+003,"(97,90)",97,90,-1.38455e+002,0,0,0.00000000000e+000,0,1.92000000000e-001,1.00000000000e-003,4.813006,,4.813006,0,,97-90,13.86470000000,97,90,97-90,138.64700000000,10,5,
11,11,11,stn33_20180521_D_LG,stn33,5/21/2018,20180521,135.70000000000,Unstrat,B2/ Hypo,,6.30000000000,23.01,LOLA/CSMI,8003-7,,Ontario,143,Station 33,stn33,2,Ontario,2018,CSMI,138.00000000000,43.59640000000,-78.81440000000,,8003-7,33,B2/ Hypo,LOLA/CSMI,5/21/2018,135.70000000000,,,,133.70000000000,133.70000000000,133.70000000000,6.30000000000,3623,8.83500000000e+003,"(97,90)",97,90,-1.38455e+002,0,0,0.00000000000e+000,0,1.92000000000e-001,1.00000000000e-003,4.813006,,4.813006,0,,97-90,13.86470000000,97,90,97-90,138.64700000000,10,10,
71,72,75,stn33_20180619_D_LG,stn33,6/19/2018,20180619,135.70000000000,Strat,2M-INT,"2, 5, 23, 133.7",8.09000000000,23.47,LOLA/CSMI,8043-1,,Ontario,143,Station 33,stn33,2,Ontario,2018,CSMI,138.00000000000,43.59640000000,-78.81440000000,,8043-1,33,2M-INT,LOLA/CSMI,6/19/2018,135.70000000000,,Strat,"2, 5, 23, 133.7",2.00000000000,5.00000000000,3.50000000000,8.09000000000,3623,8.83500000000e+003,"(97,90)",97,90,-1.38455e+002,0,0,0.00000000000e+000,0,1.92000000000e-001,1.00000000000e-003,4.813006,,4.813006,0,,97-90,13.86470000000,97,90,97-90,138.64700000000,10,1,
72,73,76,stn33_20180619_D_LG,stn33,6/19/2018,20180619,135.70000000000,Strat,40M/ DCL,,11.40000000000,23.15,LOLA/CSMI,8043-5,,Ontario,143,Station 33,stn33,2,Ontario,2018,CSMI,138.00000000000,43.59640000000,-78.81440000000,,8043-5,33,40M/ DCL,LOLA/CSMI,6/19/2018,135.70000000000,,,,23.00000000000,23.00000000000,23.00000000000,11.40000000000,3623,8.83500000000e+003,"(97,90)",97,90,-1.38455e+002,0,0,0.00000000000e+000,0,1.92000000000e-001,1.00000000000e-003,4.813006,,4.813006,0,,97-90,13.86470000000,97,90,97-90,138.64700000000,10,2,
73,74,77,stn33_20180619_D_LG,stn33,6/19/2018,20180619,135.70000000000,Strat,B2/ Hypo,,6.18000000000,23.24,LOLA/CSMI,8043-7,,Ontario,143,Station 33,stn33,2,Ontario,2018,CSMI,138.00000000000,43.59640000000,-78.81440000000,,8043-7,33,B2/ Hypo,LOLA/CSMI,6/19/2018,135.70000000000,,,,133.70000000000,133.70000000000,133.70000000000,6.18000000000,3623,8.83500000000e+003,"(97,90)",97,90,-1.38455e+002,0,0,0.00000000000e+000,0,1.92000000000e-001,1.00000000000e-003,4.813006,,4.813006,0,,97-90,13.86470000000,97,90,97-90,138.64700000000,10,10,
129,133,140,stn33_20180726_D_LEII,stn33,7/26/2018,20180726,29.00000000000,0,2M-INT,,10.50000000000,22.24,LOLA/CSMI,8158-1,,Ontario,143,Station 33,stn33,2,Ontario,2018,CSMI,138.00000000000,43.59640000000,-78.81440000000,,8158-1,0,2M-INT,LOLA/CSMI,7/26/2018,29.00000000000,,,"2, 6, 8, 15, 131.7",2.00000000000,8.00000000000,5.00000000000,10.50000000000,3623,8.83500000000e+003,"(97,90)",97,90,-1.38455e+002,0,0,0.00000000000e+000,0,1.92000000000e-001,1.00000000000e-003,4.813006,,4.813006,0,,97-90,13.86470000000,97,90,97-90,138.64700000000,10,1,
130,134,141,stn33_20180726_D_LEII,stn33,7/26/2018,20180726,141.60000000000,0,40M/ DCL,"2, 5, 7, 11, 14, 25, 131.5",12.70000000000,22.39,LOLA/CSMI,8158-5,,Ontario,143,Station 33,stn33,2,Ontario,2018,CSMI,138.00000000000,43.59640000000,-78.81440000000,,8158-5,0,40M/ DCL,LOLA/CSMI,7/26/2018,141.60000000000,,no data,,15.00000000000,15.00000000000,15.00000000000,12.70000000000,3623,8.83500000000e+003,"(97,90)",97,90,-1.38455e+002,0,0,0.00000000000e+000,0,1.92000000000e-001,1.00000000000e-003,4.813006,,4.813006,0,,97-90,13.86470000000,97,90,97-90,138.64700000000,10,2,
131,135,142,stn33_20180726_D_LEII,stn33,7/26/2018,20180726,141.00000000000,0,B2/ Hypo,"2, 5, 8, 15, 20, 25, 133.2, 20",8.29000000000,22.4,LOLA/CSMI,8158-7,,Ontario,143,Station 33,stn33,2,Ontario,2018,CSMI,138.00000000000,43.59640000000,-78.81440000000,,8158-7,0,B2/ Hypo,LOLA/CSMI,7/26/2018,141.00000000000,,Strat,,131.70000000000,131.70000000000,131.70000000000,8.29000000000,3623,8.83500000000e+003,"(97,90)",97,90,-1.38455e+002,0,0,0.00000000000e+000,0,1.92000000000e-001,1.00000000000e-003,4.813006,,4.813006,0,,97-90,13.86470000000,97,90,97-90,138.64700000000,10,10,
150,158,166,stn33_20180925_N_LG,stn33,9/25/2018,20180925,134.50000000000,Strat,2M-INT,"2, 10, 15, 25, 132.5",8.87000000000,22.8,LOLA/CSMI,8299-1,,Ontario,143,Station 33,stn33,2,Ontario,2018,CSMI,138.00000000000,43.59640000000,-78.81440000000,,8299-1,0,2M-INT,LOLA/CSMI,9/25/2018,134.50000000000,,Strat,"2, 10, 15, 25, 132.5",2.00000000000,15.00000000000,8.50000000000,8.87000000000,3623,8.83500000000e+003,"(97,90)",97,90,-1.38455e+002,0,0,0.00000000000e+000,0,1.92000000000e-001,1.00000000000e-003,4.813006,,4.813006,0,,97-90,13.86470000000,97,90,97-90,138.64700000000,10,1,
151,159,167,stn33_20180925_N_LG,stn33,9/25/2018,20180925,134.50000000000,Strat,40M/ DCL,,8.30000000000,22.75,LOLA/CSMI,8299-5,,Ontario,143,Station 33,stn33,2,Ontario,2018,CSMI,138.00000000000,43.59640000000,-78.81440000000,,8299-5,0,40M/ DCL,LOLA/CSMI,9/25/2018,134.50000000000,,,,25.00000000000,25.00000000000,25.00000000000,8.30000000000,3623,8.83500000000e+003,"(97,90)",97,90,-1.38455e+002,0,0,0.00000000000e+000,0,1.92000000000e-001,1.00000000000e-003,4.813006,,4.813006,0,,97-90,13.86470000000,97,90,97-90,138.64700000000,10,2,
152,160,168,stn33_20180925_N_LG,stn33,9/25/2018,20180925,134.50000000000,Strat,B2/ Hypo,,5.71000000000,22.81,LOLA/CSMI,8299-7,,Ontario,143,Station 33,stn33,2,Ontario,2018,CSMI,138.00000000000,43.59640000000,-78.81440000000,,8299-7,0,B2/ Hypo,LOLA/CSMI,9/25/2018,134.50000000000,,,,132.50000000000,132.50000000000,132.50000000000,5.71000000000,3623,8.83500000000e+003,"(97,90)",97,90,-1.38455e+002,0,0,0.00000000000e+000,0,1.92000000000e-001,1.00000000000e-003,4.813006,,4.813006,0,,97-90,13.86470000000,97,90,97-90,138.64700000000,10,10,
59,60,62,stn70_20180523_D_LG,stn70,5/23/2018,20180523,163.80000000000,Unstrat,2M-INT,"2, 10, 20, 82, 161.8",4.90000000000,22.68,LOLA/CSMI,8028-1,,Ontario,188,Station 70,stn70,5,Ontario,2018,CSMI,165.70000000000,43.54150000000,-76.61766700000,,8028-1,70,2M-INT,LOLA/CSMI,5/23/2018,163.80000000000,,Unstrat,"2, 10, 20, 82, 161.8",2.00000000000,20.00000000000,11.00000000000,4.90000000000,12704,7.79700000000e+003,"(226,85)",226,85,-1.79589e+002,0,0,0.00000000000e+000,0,1.92000000000e-001,1.00000000000e-003,4.602976,,4.602976,0,,226-85,17.97810000000,226,85,226-85,179.78100000000,10,1,
60,61,63,stn70_20180523_D_LG,stn70,5/23/2018,20180523,163.80000000000,Unstrat,40M/ DCL,,4.82000000000,22.65,LOLA/CSMI,8028-5,,Ontario,188,Station 70,stn70,5,Ontario,2018,CSMI,165.70000000000,43.54150000000,-76.61766700000,,8028-5,70,40M/ DCL,LOLA/CSMI,5/23/2018,163.80000000000,,,,82.00000000000,82.00000000000,82.00000000000,4.82000000000,12704,7.79700000000e+003,"(226,85)",226,85,-1.79589e+002,0,0,0.00000000000e+000,0,1.92000000000e-001,1.00000000000e-003,4.602976,,4.602976,0,,226-85,17.97810000000,226,85,226-85,179.78100000000,10,5,
61,62,64,stn70_20180523_D_LG,stn70,5/23/2018,20180523,163.80000000000,Unstrat,B2/ Hypo,,2.76000000000,22.78,LOLA/CSMI,8028-7,,Ontario,188,Station 70,stn70,5,Ontario,2018,CSMI,165.70000000000,43.54150000000,-76.61766700000,,8028-7,70,B2/ Hypo,LOLA/CSMI,5/23/2018,163.80000000000,,,,161.80000000000,161.80000000000,161.80000000000,2.76000000000,12704,7.79700000000e+003,"(226,85)",226,85,-1.79589e+002,0,0,0.00000000000e+000,0,1.92000000000e-001,1.00000000000e-003,4.602976,,4.602976,0,,226-85,17.97810000000,226,85,226-85,179.78100000000,10,9,
118,122,127,stn70_20180621_D_LG,stn70,6/21/2018,20180621,168.50000000000,Strat,2M-INT,"2, 5.1, 10, 15, 166.5",2.32000000000,23.24,LOLA/CSMI,8068-1,,Ontario,188,Station 70,stn70,5,Ontario,2018,CSMI,165.70000000000,43.54150000000,-76.61766700000,,8068-1,70,2M-INT,LOLA/CSMI,6/21/2018,168.50000000000,,Strat,"2, 5.1, 10, 15, 166.5",2.00000000000,10.00000000000,6.00000000000,2.32000000000,12704,7.79700000000e+003,"(226,85)",226,85,-1.79589e+002,0,0,0.00000000000e+000,0,1.92000000000e-001,1.00000000000e-003,4.602976,,4.602976,0,,226-85,17.97810000000,226,85,226-85,179.78100000000,10,1,
119,123,128,stn70_20180621_D_LG,stn70,6/21/2018,20180621,168.50000000000,Strat,40M/ DCL,,1.23000000000,23.11,LOLA/CSMI,8068-5,,Ontario,188,Station 70,stn70,5,Ontario,2018,CSMI,165.70000000000,43.54150000000,-76.61766700000,,8068-5,70,40M/ DCL,LOLA/CSMI,6/21/2018,168.50000000000,,,,15.00000000000,15.00000000000,15.00000000000,1.23000000000,12704,7.79700000000e+003,"(226,85)",226,85,-1.79589e+002,0,0,0.00000000000e+000,0,1.92000000000e-001,1.00000000000e-003,4.602976,,4.602976,0,,226-85,17.97810000000,226,85,226-85,179.78100000000,10,1,
120,124,129,stn70_20180621_D_LG,stn70,6/21/2018,20180621,168.50000000000,Strat,B2/ Hypo,,1.23000000000,23.04,LOLA/CSMI,8068-7,,Ontario,188,Station 70,stn70,5,Ontario,2018,CSMI,165.70000000000,43.54150000000,-76.61766700000,,8068-7,70,B2/ Hypo,LOLA/CSMI,6/21/2018,168.50000000000,,,,166.50000000000,166.50000000000,166.50000000000,1.23000000000,12704,7.79700000000e+003,"(226,85)",226,85,-1.79589e+002,0,0,0.00000000000e+000,0,1.92000000000e-001,1.00000000000e-003,4.602976,,4.602976,0,,226-85,17.97810000000,226,85,226-85,179.78100000000,10,10,
170,180,189,stn70_20180924_D_LG,stn70,9/24/2018,20180924,165.70000000000,Strat,2M-INT,"2, 5, 9, 15, 163.7",8.70000000000,22.12,LOLA/CSMI,8318-1,,Ontario,188,Station 70,stn70,5,Ontario,2018,CSMI,165.70000000000,43.54150000000,-76.61766700000,,8318-1,70,2M-INT,LOLA/CSMI,9/24/2018,165.70000000000,,Strat,"2, 5, 9, 15, 163.7",2.00000000000,9.00000000000,5.50000000000,8.70000000000,12704,7.79700000000e+003,"(226,85)",226,85,-1.79589e+002,0,0,0.00000000000e+000,0,1.92000000000e-001,1.00000000000e-003,4.602976,,4.602976,0,,226-85,17.97810000000,226,85,226-85,179.78100000000,10,1,
171,181,190,stn70_20180924_D_LG,stn70,9/24/2018,20180924,165.70000000000,Strat,40M/ DCL,,5.54000000000,22.55,LOLA/CSMI,8318-5,,Ontario,188,Station 70,stn70,5,Ontario,2018,CSMI,165.70000000000,43.54150000000,-76.61766700000,,8318-5,70,40M/ DCL,LOLA/CSMI,9/24/2018,165.70000000000,,,,15.00000000000,15.00000000000,15.00000000000,5.54000000000,12704,7.79700000000e+003,"(226,85)",226,85,-1.79589e+002,0,0,0.00000000000e+000,0,1.92000000000e-001,1.00000000000e-003,4.602976,,4.602976,0,,226-85,17.97810000000,226,85,226-85,179.78100000000,10,1,
172,182,191,stn70_20180924_D_LG,stn70,9/24/2018,20180924,165.70000000000,Strat,B2/ Hypo,,3.35000000000,23.06,LOLA/CSMI,8318-7,,Ontario,188,Station 70,stn70,5,Ontario,2018,CSMI,165.70000000000,43.54150000000,-76.61766700000,,8318-7,70,B2/ Hypo,LOLA/CSMI,9/24/2018,165.70000000000,,,,163.70000000000,163.70000000000,163.70000000000,3.35000000000,12704,7.79700000000e+003,"(226,85)",226,85,-1.79589e+002,0,0,0.00000000000e+000,0,1.92000000000e-001,1.00000000000e-003,4.602976,,4.602976,0,,226-85,17.97810000000,226,85,226-85,179.78100000000,10,10,
21,22,24,stn40_20180522_D_LG,stn40,5/22/2018,20180522,181.80000000000,Unstrat,2M-INT,"2, 10, 20.1, 90.8, 179.8",3.37000000000,22.81,LOLA/CSMI,8015-1,,Ontario,152,Station 40,stn40,3,Ontario,2018,CSMI,190.00000000000,43.59030000000,-78.01170000000,,8015-1,40,2M-INT,LOLA/CSMI,5/22/2018,181.80000000000,,Unstrat,"2, 10, 20.1, 90.8, 179.8",2.00000000000,20.10000000000,11.10000000000,3.37000000000,6564,7.71700000000e+003,"(146,85)",146,85,-1.83992e+002,0,0,0.00000000000e+000,0,1.92000000000e-001,1.00000000000e-003,4.695895,,4.695895,0,,146-85,18.41840000000,146,85,146-85,184.18400000000,10,1,
22,23,25,stn40_20180522_D_LG,stn40,5/22/2018,20180522,181.80000000000,Unstrat,40M/ DCL,,2.03000000000,22.92,LOLA/CSMI,8015-5,,Ontario,152,Station 40,stn40,3,Ontario,2018,CSMI,190.00000000000,43.59030000000,-78.01170000000,,8015-5,40,40M/ DCL,LOLA/CSMI,5/22/2018,181.80000000000,,,,90.80000000000,90.80000000000,90.80000000000,2.03000000000,6564,7.71700000000e+003,"(146,85)",146,85,-1.83992e+002,0,0,0.00000000000e+000,0,1.92000000000e-001,1.00000000000e-003,4.695895,,4.695895,0,,146-85,18.41840000000,146,85,146-85,184.18400000000,10,5,
23,24,26,stn40_20180522_D_LG,stn40,5/22/2018,20180522,181.80000000000,Unstrat,B2/ Hypo,,2.22000000000,22.69,LOLA/CSMI,8015-7,,Ontario,152,Station 40,stn40,3,Ontario,2018,CSMI,190.00000000000,43.59030000000,-78.01170000000,,8015-7,40,B2/ Hypo,LOLA/CSMI,5/22/2018,181.80000000000,,,,179.80000000000,179.80000000000,179.80000000000,2.22000000000,6564,7.71700000000e+003,"(146,85)",146,85,-1.83992e+002,0,0,0.00000000000e+000,0,1.92000000000e-001,1.00000000000e-003,4.695895,,4.695895,0,,146-85,18.41840000000,146,85,146-85,184.18400000000,10,10,
83,86,91,stn40_20180620_D_LG,stn40,6/20/2018,20180620,181.70000000000,Strat,2M-INT,"2, 4.9, 11.9, 179.7",3.03000000000,23.69,LOLA/CSMI,8055-1,,Ontario,152,Station 40,stn40,3,Ontario,2018,CSMI,190.00000000000,43.59030000000,-78.01170000000,,8055-1,40,2M-INT,LOLA/CSMI,6/20/2018,181.70000000000,,Strat,"2, 4.9, 11.9, 179.7",2.00000000000,4.90000000000,3.50000000000,3.03000000000,6564,7.71700000000e+003,"(146,85)",146,85,-1.83992e+002,0,0,0.00000000000e+000,0,1.92000000000e-001,1.00000000000e-003,4.695895,,4.695895,0,,146-85,18.41840000000,146,85,146-85,184.18400000000,10,1,
84,87,92,stn40_20180620_D_LG,stn40,6/20/2018,20180620,181.70000000000,Strat,40M/ DCL,,2.19000000000,23.13,LOLA/CSMI,8055-5,,Ontario,152,Station 40,stn40,3,Ontario,2018,CSMI,190.00000000000,43.59030000000,-78.01170000000,,8055-5,40,40M/ DCL,LOLA/CSMI,6/20/2018,181.70000000000,,,,11.90000000000,11.90000000000,11.90000000000,2.19000000000,6564,7.71700000000e+003,"(146,85)",146,85,-1.83992e+002,0,0,0.00000000000e+000,0,1.92000000000e-001,1.00000000000e-003,4.695895,,4.695895,0,,146-85,18.41840000000,146,85,146-85,184.18400000000,10,1,
85,88,93,stn40_20180620_D_LG,stn40,6/20/2018,20180620,181.70000000000,Strat,B2/ Hypo,,0.61000000000,23.2,LOLA/CSMI,8055-7,,Ontario,152,Station 40,stn40,3,Ontario,2018,CSMI,190.00000000000,43.59030000000,-78.01170000000,,8055-7,40,B2/ Hypo,LOLA/CSMI,6/20/2018,181.70000000000,,,,179.70000000000,179.70000000000,179.70000000000,0.61000000000,6564,7.71700000000e+003,"(146,85)",146,85,-1.83992e+002,0,0,0.00000000000e+000,0,1.92000000000e-001,1.00000000000e-003,4.695895,,4.695895,0,,146-85,18.41840000000,146,85,146-85,184.18400000000,10,10,
156,166,175,stn40_20180927_D_LG,stn40,9/27/2018,20180927,180.00000000000,Strat,2M-INT,"2, 5, 8, 18, 178",2.78000000000,22.56,LOLA/CSMI,8305-1,,Ontario,152,Station 40,stn40,3,Ontario,2018,CSMI,190.00000000000,43.59030000000,-78.01170000000,,8305-1,40,2M-INT,LOLA/CSMI,9/27/2018,180.00000000000,,Strat,"2, 5, 8, 18, 178",2.00000000000,8.00000000000,5.00000000000,2.78000000000,6564,7.71700000000e+003,"(146,85)",146,85,-1.83992e+002,0,0,0.00000000000e+000,0,1.92000000000e-001,1.00000000000e-003,4.695895,,4.695895,0,,146-85,18.41840000000,146,85,146-85,184.18400000000,10,1,
157,167,176,stn40_20180927_D_LG,stn40,9/27/2018,20180927,180.00000000000,Strat,40M/ DCL,,3.04000000000,23.15,LOLA/CSMI,8305-5,,Ontario,152,Station 40,stn40,3,Ontario,2018,CSMI,190.00000000000,43.59030000000,-78.01170000000,,8305-5,40,40M/ DCL,LOLA/CSMI,9/27/2018,180.00000000000,,,,18.00000000000,18.00000000000,18.00000000000,3.04000000000,6564,7.71700000000e+003,"(146,85)",146,85,-1.83992e+002,0,0,0.00000000000e+000,0,1.92000000000e-001,1.00000000000e-003,4.695895,,4.695895,0,,146-85,18.41840000000,146,85,146-85,184.18400000000,10,1,
158,168,177,stn40_20180927_D_LG,stn40,9/27/2018,20180927,180.00000000000,Strat,B2/ Hypo,,10.00000000000,22.74,LOLA/CSMI,8305-7,,Ontario,152,Station 40,stn40,3,Ontario,2018,CSMI,190.00000000000,43.59030000000,-78.01170000000,,8305-7,40,B2/ Hypo,LOLA/CSMI,9/27/2018,180.00000000000,,,,178.00000000000,178.00000000000,178.00000000000,10.00000000000,6564,7.71700000000e+003,"(146,85)",146,85,-1.83992e+002,0,0,0.00000000000e+000,0,1.92000000000e-001,1.00000000000e-003,4.695895,,4.695895,0,,146-85,18.41840000000,146,85,146-85,184.18400000000,10,10,
148,156,164,stn8_20180725_D_LEII,stn8,7/25/2018,20180725,16.00000000000,no data,2M-INT,"2, 6, 14",9.69000000000,26.94,LOLA/CSMI,8172-1,,Ontario,203,Station 8,stn8,1,Ontario,2018,CSMI,15.60000000000,43.62310000000,-79.45280000000,,8172-1,0,2M-INT,LOLA/CSMI,7/25/2018,16.00000000000,,no data,"2, 6, 14",2.00000000000,6.00000000000,4.00000000000,9.69000000000,1220,1.19820000000e+004,"(56,105)",56,105,-1.49503e+001,0,0,0.00000000000e+000,0,1.92000000000e-001,1.00000000000e-003,6.18892,,6.188920,0,,56-105,1.51420000000,56,105,56-105,15.14200000000,10,3,
149,157,165,stn8_20180725_D_LEII,stn8,7/25/2018,20180725,16.00000000000,no data,B2/ Hypo,,6.03000000000,23.7,LOLA/CSMI,8172-7,,Ontario,203,Station 8,stn8,1,Ontario,2018,CSMI,15.60000000000,43.62310000000,-79.45280000000,,8172-7,0,B2/ Hypo,LOLA/CSMI,7/25/2018,16.00000000000,,,,14.00000000000,14.00000000000,14.00000000000,6.03000000000,1220,1.19820000000e+004,"(56,105)",56,105,-1.49503e+001,0,0,0.00000000000e+000,0,1.92000000000e-001,1.00000000000e-003,6.18892,,6.188920,0,,56-105,1.51420000000,56,105,56-105,15.14200000000,10,10,
35,36,38,stn716_20180524_D_LG,stn716,5/24/2018,20180524,148.60000000000,Unstrat,2M-INT,"2, 10, 20, 74.3, 146.6",2.60000000000,no samp,LOLA/CSMI,8020-1,,Ontario,192,Station 716,stn716,4,Ontario,2018,CSMI,151.00000000000,43.59720000000,-77.44000000000,,8020-1,716,2M-INT,LOLA/CSMI,5/24/2018,148.60000000000,,Unstrat,"2, 10, 20, 74.3, 146.6",2.00000000000,20.00000000000,11.00000000000,2.60000000000,9322,8.67900000000e+003,"(179,89)",179,89,-1.52685e+002,0,0,0.00000000000e+000,0,1.92000000000e-001,1.00000000000e-003,4.841982,,4.841982,0,,179-89,15.28770000000,179,89,179-89,152.87700000000,10,1,
36,37,39,stn716_20180524_D_LG,stn716,5/24/2018,20180524,148.60000000000,Unstrat,40M/ DCL,,3.32000000000,23.14,LOLA/CSMI,8020-5,,Ontario,192,Station 716,stn716,4,Ontario,2018,CSMI,151.00000000000,43.59720000000,-77.44000000000,,8020-5,716,40M/ DCL,LOLA/CSMI,5/24/2018,148.60000000000,,,,74.30000000000,74.30000000000,74.30000000000,3.32000000000,9322,8.67900000000e+003,"(179,89)",179,89,-1.52685e+002,0,0,0.00000000000e+000,0,1.92000000000e-001,1.00000000000e-003,4.841982,,4.841982,0,,179-89,15.28770000000,179,89,179-89,152.87700000000,10,5,
37,38,40,stn716_20180524_D_LG,stn716,5/24/2018,20180524,148.60000000000,Unstrat,B2/ Hypo,,4.26000000000,22.82,LOLA/CSMI,8020-7,,Ontario,192,Station 716,stn716,4,Ontario,2018,CSMI,151.00000000000,43.59720000000,-77.44000000000,,8020-7,716,B2/ Hypo,LOLA/CSMI,5/24/2018,148.60000000000,,,,146.60000000000,146.60000000000,146.60000000000,4.26000000000,9322,8.67900000000e+003,"(179,89)",179,89,-1.52685e+002,0,0,0.00000000000e+000,0,1.92000000000e-001,1.00000000000e-003,4.841982,,4.841982,0,,179-89,15.28770000000,179,89,179-89,152.87700000000,10,10,
95,99,104,stn716_20180622_D_LG,stn716,6/22/2018,20180622,147.50000000000,Strat,2M-INT,"2, 6, 15, 145.5",6.80000000000,23.15,LOLA/CSMI,8060-1,,Ontario,192,Station 716,stn716,4,Ontario,2018,CSMI,151.00000000000,43.59720000000,-77.44000000000,,8060-1,716,2M-INT,LOLA/CSMI,6/22/2018,147.50000000000,,Strat,"2, 6, 15, 145.5",2.00000000000,6.00000000000,4.00000000000,6.80000000000,9322,8.67900000000e+003,"(179,89)",179,89,-1.52685e+002,0,0,0.00000000000e+000,0,1.92000000000e-001,1.00000000000e-003,4.841982,,4.841982,0,,179-89,15.28770000000,179,89,179-89,152.87700000000,10,1,
96,100,105,stn716_20180622_D_LG,stn716,6/22/2018,20180622,147.50000000000,Strat,40M/ DCL,,6.52000000000,23.18,LOLA/CSMI,8060-5,,Ontario,192,Station 716,stn716,4,Ontario,2018,CSMI,151.00000000000,43.59720000000,-77.44000000000,,8060-5,716,40M/ DCL,LOLA/CSMI,6/22/2018,147.50000000000,,,,15.00000000000,15.00000000000,15.00000000000,6.52000000000,9322,8.67900000000e+003,"(179,89)",179,89,-1.52685e+002,0,0,0.00000000000e+000,0,1.92000000000e-001,1.00000000000e-003,4.841982,,4.841982,0,,179-89,15.28770000000,179,89,179-89,152.87700000000,10,1,
97,101,106,stn716_20180622_D_LG,stn716,6/22/2018,20180622,147.50000000000,Strat,B2/ Hypo,,5.67000000000,22.7,LOLA/CSMI,8060-7,,Ontario,192,Station 716,stn716,4,Ontario,2018,CSMI,151.00000000000,43.59720000000,-77.44000000000,,8060-7,716,B2/ Hypo,LOLA/CSMI,6/22/2018,147.50000000000,,,,145.50000000000,145.50000000000,145.50000000000,5.67000000000,9322,8.67900000000e+003,"(179,89)",179,89,-1.52685e+002,0,0,0.00000000000e+000,0,1.92000000000e-001,1.00000000000e-003,4.841982,,4.841982,0,,179-89,15.28770000000,179,89,179-89,152.87700000000,10,10,
56,57,59,stn69_20180523_N_LG,stn69,5/23/2018,20180523,191.30000000000,Unstrat,2M-INT,"2, 10, 20, 95.5, 189.3",3.69000000000,22.68,LOLA/CSMI,8027-1,,Ontario,185,Station 69,stn69,5,Ontario,2018,CSMI,15.80000000000,43.60530000000,-76.71470000000,,8027-1,69,2M-INT,LOLA/CSMI,5/23/2018,191.30000000000,,Unstrat,"2, 10, 20, 95.5, 189.3",2.00000000000,20.00000000000,11.00000000000,3.69000000000,12504,8.72200000000e+003,"(222,89)",222,89,-1.95876e+002,0,0,0.00000000000e+000,0,1.92000000000e-001,1.00000000000e-003,4.680252,,4.680252,0,,222-89,19.60680000000,222,89,222-89,196.06800000000,10,1,
57,58,60,stn69_20180523_N_LG,stn69,5/23/2018,20180523,191.30000000000,Unstrat,40M/ DCL,,3.91000000000,22.44,LOLA/CSMI,8027-5,,Ontario,185,Station 69,stn69,5,Ontario,2018,CSMI,15.80000000000,43.60530000000,-76.71470000000,,8027-5,69,40M/ DCL,LOLA/CSMI,5/23/2018,191.30000000000,,,,95.50000000000,95.50000000000,95.50000000000,3.91000000000,12504,8.72200000000e+003,"(222,89)",222,89,-1.95876e+002,0,0,0.00000000000e+000,0,1.92000000000e-001,1.00000000000e-003,4.680252,,4.680252,0,,222-89,19.60680000000,222,89,222-89,196.06800000000,10,5,
58,59,61,stn69_20180523_N_LG,stn69,5/23/2018,20180523,191.30000000000,Unstrat,B2/ Hypo,,3.72000000000,22.67,LOLA/CSMI,8027-7,,Ontario,185,Station 69,stn69,5,Ontario,2018,CSMI,15.80000000000,43.60530000000,-76.71470000000,,8027-7,69,B2/ Hypo,LOLA/CSMI,5/23/2018,191.30000000000,,,,189.30000000000,189.30000000000,189.30000000000,3.72000000000,12504,8.72200000000e+003,"(222,89)",222,89,-1.95876e+002,0,0,0.00000000000e+000,0,1.92000000000e-001,1.00000000000e-003,4.680252,,4.680252,0,,222-89,19.60680000000,222,89,222-89,196.06800000000,10,10,
115,119,124,stn69_20180621_N_LG,stn69,6/21/2018,20180621,192.10000000000,Strat,2M-INT,"2.1, 4.9, 8, 11.1, 190.1",4.66000000000,23.2,LOLA/CSMI,8067-1,,Ontario,185,Station 69,stn69,5,Ontario,2018,CSMI,15.80000000000,43.60530000000,-76.71470000000,,8067-1,69,2M-INT,LOLA/CSMI,6/21/2018,192.10000000000,,Strat,"2.1, 4.9, 8, 11.1, 190.1",2.00000000000,4.90000000000,3.50000000000,4.66000000000,12504,8.72200000000e+003,"(222,89)",222,89,-1.95876e+002,0,0,0.00000000000e+000,0,1.92000000000e-001,1.00000000000e-003,4.680252,,4.680252,0,,222-89,19.60680000000,222,89,222-89,196.06800000000,10,1,
116,120,125,stn69_20180621_N_LG,stn69,6/21/2018,20180621,192.10000000000,Strat,40M/ DCL,,5.32000000000,22.23,LOLA/CSMI,8067-5,,Ontario,185,Station 69,stn69,5,Ontario,2018,CSMI,15.80000000000,43.60530000000,-76.71470000000,,8067-5,69,40M/ DCL,LOLA/CSMI,6/21/2018,192.10000000000,,,,11.10000000000,11.10000000000,11.10000000000,5.32000000000,12504,8.72200000000e+003,"(222,89)",222,89,-1.95876e+002,0,0,0.00000000000e+000,0,1.92000000000e-001,1.00000000000e-003,4.680252,,4.680252,0,,222-89,19.60680000000,222,89,222-89,196.06800000000,10,1,
117,121,126,stn69_20180621_N_LG,stn69,6/21/2018,20180621,192.10000000000,Strat,B2/ Hypo,,2.01000000000,23.1,LOLA/CSMI,8067-7,,Ontario,185,Station 69,stn69,5,Ontario,2018,CSMI,15.80000000000,43.60530000000,-76.71470000000,,8067-7,69,B2/ Hypo,LOLA/CSMI,6/21/2018,192.10000000000,,,,190.10000000000,190.10000000000,190.10000000000,2.01000000000,12504,8.72200000000e+003,"(222,89)",222,89,-1.95876e+002,0,0,0.00000000000e+000,0,1.92000000000e-001,1.00000000000e-003,4.680252,,4.680252,0,,222-89,19.60680000000,222,89,222-89,196.06800000000,10,10,
167,177,186,stn69_20180924_D_LG,stn69,9/24/2018,20180924,183.80000000000,Strat,2M-INT,"2, 5, 9, 19, 40, 181.8",6.58000000000,22.45,LOLA/CSMI,8317-1,,Ontario,185,Station 69,stn69,5,Ontario,2018,CSMI,15.80000000000,43.60530000000,-76.71470000000,,8317-1,69,2M-INT,LOLA/CSMI,9/24/2018,183.80000000000,,Strat,"2, 5, 9,40, 181.8",2.00000000000,9.00000000000,5.50000000000,6.58000000000,12504,8.72200000000e+003,"(222,89)",222,89,-1.95876e+002,0,0,0.00000000000e+000,0,1.92000000000e-001,1.00000000000e-003,4.680252,,4.680252,0,,222-89,19.60680000000,222,89,222-89,196.06800000000,10,1,
168,178,187,stn69_20180924_D_LG,stn69,9/24/2018,20180924,183.80000000000,Strat,40M/ DCL,,2.89000000000,22.69,LOLA/CSMI,8317-5,,Ontario,185,Station 69,stn69,5,Ontario,2018,CSMI,15.80000000000,43.60530000000,-76.71470000000,,8317-5,69,40M/ DCL,LOLA/CSMI,9/24/2018,183.80000000000,,,,40.00000000000,40.00000000000,40.00000000000,2.89000000000,12504,8.72200000000e+003,"(222,89)",222,89,-1.95876e+002,0,0,0.00000000000e+000,0,1.92000000000e-001,1.00000000000e-003,4.680252,,4.680252,0,,222-89,19.60680000000,222,89,222-89,196.06800000000,10,3,
169,179,188,stn69_20180924_D_LG,stn69,9/24/2018,20180924,183.80000000000,Strat,B2/ Hypo,,5.18000000000,22.66,LOLA/CSMI,8317-7,,Ontario,185,Station 69,stn69,5,Ontario,2018,CSMI,15.80000000000,43.60530000000,-76.71470000000,,8317-7,69,B2/ Hypo,LOLA/CSMI,9/24/2018,183.80000000000,,,,181.80000000000,181.80000000000,181.80000000000,5.18000000000,12504,8.72200000000e+003,"(222,89)",222,89,-1.95876e+002,0,0,0.00000000000e+000,0,1.92000000000e-001,1.00000000000e-003,4.680252,,4.680252,0,,222-89,19.60680000000,222,89,222-89,196.06800000000,10,10,
53,54,56,stn715_20180522_N_LG,stn715,5/22/2018,20180522,152.70000000000,Unstrat,2M-INT,"2, 10, 20, 76.4, 150.7",2.79000000000,22.75,LOLA/CSMI,8026-1,,Ontario,191,Station 715,stn715,5,Ontario,2018,CSMI,151.00000000000,43.63560000000,-76.96940000000,,8026-1,715,2M-INT,LOLA/CSMI,5/22/2018,152.70000000000,,Unstrat,"2, 10, 20, 76.4, 150.7",2.00000000000,20.00000000000,11.00000000000,2.79000000000,11739,9.63400000000e+003,"(209,93)",209,93,-1.49662e+002,0,0,0.00000000000e+000,0,1.92000000000e-001,1.00000000000e-003,4.836807,,4.836807,0,,209-93,14.98540000000,209,93,209-93,149.85400000000,10,1,
54,55,57,stn715_20180522_N_LG,stn715,5/22/2018,20180522,152.70000000000,Unstrat,40M/ DCL,,2.75000000000,22.83,LOLA/CSMI,8026-5,,Ontario,191,Station 715,stn715,5,Ontario,2018,CSMI,151.00000000000,43.63560000000,-76.96940000000,,8026-5,715,40M/ DCL,LOLA/CSMI,5/22/2018,152.70000000000,,,,76.40000000000,76.40000000000,76.40000000000,2.75000000000,11739,9.63400000000e+003,"(209,93)",209,93,-1.49662e+002,0,0,0.00000000000e+000,0,1.92000000000e-001,1.00000000000e-003,4.836807,,4.836807,0,,209-93,14.98540000000,209,93,209-93,149.85400000000,10,6,
55,56,58,stn715_20180522_N_LG,stn715,5/22/2018,20180522,152.70000000000,Unstrat,B2/ Hypo,,1.66000000000,22.87,LOLA/CSMI,8026-7,,Ontario,191,Station 715,stn715,5,Ontario,2018,CSMI,151.00000000000,43.63560000000,-76.96940000000,,8026-7,715,B2/ Hypo,LOLA/CSMI,5/22/2018,152.70000000000,,,,150.70000000000,150.70000000000,150.70000000000,1.66000000000,11739,9.63400000000e+003,"(209,93)",209,93,-1.49662e+002,0,0,0.00000000000e+000,0,1.92000000000e-001,1.00000000000e-003,4.836807,,4.836807,0,,209-93,14.98540000000,209,93,209-93,149.85400000000,10,10,
112,116,121,stn715_20180620_N_LG,stn715,6/20/2018,20180620,192.10000000000,Strat,2M-INT,"2.1, 4.9, 11.1, 190.1",4.33000000000,23.41,LOLA/CSMI,8066-1,,Ontario,191,Station 715,stn715,5,Ontario,2018,CSMI,151.00000000000,43.63560000000,-76.96940000000,,8066-1,715,2M-INT,LOLA/CSMI,6/20/2018,192.10000000000,,Strat,"2.1, 4.9, 11.1, 190.1",2.10000000000,4.90000000000,3.50000000000,4.33000000000,11739,9.63400000000e+003,"(209,93)",209,93,-1.49662e+002,0,0,0.00000000000e+000,0,1.92000000000e-001,1.00000000000e-003,4.836807,,4.836807,0,,209-93,14.98540000000,209,93,209-93,149.85400000000,10,1,
113,117,122,stn715_20180620_N_LG,stn715,6/20/2018,20180620,192.10000000000,Strat,40M/ DCL,,6.38000000000,23.08,LOLA/CSMI,8066-5,,Ontario,191,Station 715,stn715,5,Ontario,2018,CSMI,151.00000000000,43.63560000000,-76.96940000000,,8066-5,715,40M/ DCL,LOLA/CSMI,6/20/2018,192.10000000000,,,,11.10000000000,11.10000000000,11.10000000000,6.38000000000,11739,9.63400000000e+003,"(209,93)",209,93,-1.49662e+002,0,0,0.00000000000e+000,0,1.92000000000e-001,1.00000000000e-003,4.836807,,4.836807,0,,209-93,14.98540000000,209,93,209-93,149.85400000000,10,1,
114,118,123,stn715_20180620_N_LG,stn715,6/20/2018,20180620,192.10000000000,Strat,B2/ Hypo,,3.90000000000,23.03,LOLA/CSMI,8066-7,,Ontario,191,Station 715,stn715,5,Ontario,2018,CSMI,151.00000000000,43.63560000000,-76.96940000000,,8066-7,715,B2/ Hypo,LOLA/CSMI,6/20/2018,192.10000000000,,,,190.10000000000,190.10000000000,190.10000000000,3.90000000000,11739,9.63400000000e+003,"(209,93)",209,93,-1.49662e+002,0,0,0.00000000000e+000,0,1.92000000000e-001,1.00000000000e-003,4.836807,,4.836807,0,,209-93,14.98540000000,209,93,209-93,149.85400000000,10,10,
164,174,183,stn715_20180924_D_LG,stn715,9/24/2018,20180924,149.00000000000,Strat,2M-INT,"2, 5, 9, 20, 147",4.00000000000,22.85,LOLA/CSMI,8316-1,,Ontario,191,Station 715,stn715,5,Ontario,2018,CSMI,151.00000000000,43.63560000000,-76.96940000000,,8316-1,715,2M-INT,LOLA/CSMI,9/24/2018,149.00000000000,,Strat,"2, 5, 9, 20, 147",2.00000000000,9.00000000000,5.50000000000,4.00000000000,11739,9.63400000000e+003,"(209,93)",209,93,-1.49662e+002,0,0,0.00000000000e+000,0,1.92000000000e-001,1.00000000000e-003,4.836807,,4.836807,0,,209-93,14.98540000000,209,93,209-93,149.85400000000,10,1,
165,175,184,stn715_20180924_D_LG,stn715,9/24/2018,20180924,149.00000000000,Strat,40M/ DCL,,8.28000000000,22.65,LOLA/CSMI,8316-5,,Ontario,191,Station 715,stn715,5,Ontario,2018,CSMI,151.00000000000,43.63560000000,-76.96940000000,,8316-5,715,40M/ DCL,LOLA/CSMI,9/24/2018,149.00000000000,,,,20.00000000000,20.00000000000,20.00000000000,8.28000000000,11739,9.63400000000e+003,"(209,93)",209,93,-1.49662e+002,0,0,0.00000000000e+000,0,1.92000000000e-001,1.00000000000e-003,4.836807,,4.836807,0,,209-93,14.98540000000,209,93,209-93,149.85400000000,10,2,
166,176,185,stn715_20180924_D_LG,stn715,9/24/2018,20180924,149.00000000000,Strat,B2/ Hypo,,7.44000000000,22.74,LOLA/CSMI,8316-7,,Ontario,191,Station 715,stn715,5,Ontario,2018,CSMI,151.00000000000,43.63560000000,-76.96940000000,,8316-7,715,B2/ Hypo,LOLA/CSMI,9/24/2018,149.00000000000,,,,147.00000000000,147.00000000000,147.00000000000,7.44000000000,11739,9.63400000000e+003,"(209,93)",209,93,-1.49662e+002,0,0,0.00000000000e+000,0,1.92000000000e-001,1.00000000000e-003,4.836807,,4.836807,0,,209-93,14.98540000000,209,93,209-93,149.85400000000,10,10,
6,6,6,stn27_20180521_D_LG,stn27,5/21/2018,20180521,101.30000000000,Unstrat,2M-INT,"2, 10, 20, 50.7, 99.3",6.06000000000,23.8,LOLA/CSMI,8002-1,,Ontario,134,Station 27,stn27,2,Ontario,2018,CSMI,100.00000000000,43.69000000000,-78.83000000000,,8002-1,27,2M-INT,LOLA/CSMI,5/21/2018,101.30000000000,,Unstrat,"2, 10, 20, 50.7, 99.3",2.00000000000,20.00000000000,11.00000000000,6.06000000000,3691,1.03950000000e+004,"(98,97)",98,97,-1.06245e+002,0,0,0.00000000000e+000,0,1.92000000000e-001,1.00000000000e-003,4.786705,,4.786705,0,,98-97,10.64370000000,98,97,98-97,106.43700000000,10,2,
7,7,7,stn27_20180521_D_LG,stn27,5/21/2018,20180521,101.30000000000,Unstrat,40M/ DCL,,6.46000000000,22.82,LOLA/CSMI,8002-5,,Ontario,134,Station 27,stn27,2,Ontario,2018,CSMI,100.00000000000,43.69000000000,-78.83000000000,,8002-5,27,40M/ DCL,LOLA/CSMI,5/21/2018,101.30000000000,,,,50.70000000000,50.70000000000,50.70000000000,6.46000000000,3691,1.03950000000e+004,"(98,97)",98,97,-1.06245e+002,0,0,0.00000000000e+000,0,1.92000000000e-001,1.00000000000e-003,4.786705,,4.786705,0,,98-97,10.64370000000,98,97,98-97,106.43700000000,10,5,
8,8,8,stn27_20180521_D_LG,stn27,5/21/2018,20180521,101.30000000000,Unstrat,B2/ Hypo,,8.73000000000,22.78,LOLA/CSMI,8002-7,,Ontario,134,Station 27,stn27,2,Ontario,2018,CSMI,100.00000000000,43.69000000000,-78.83000000000,,8002-7,27,B2/ Hypo,LOLA/CSMI,5/21/2018,101.30000000000,,,,99.30000000000,99.30000000000,99.30000000000,8.73000000000,3691,1.03950000000e+004,"(98,97)",98,97,-1.06245e+002,0,0,0.00000000000e+000,0,1.92000000000e-001,1.00000000000e-003,4.786705,,4.786705,0,,98-97,10.64370000000,98,97,98-97,106.43700000000,10,10,
68,69,72,stn27_20180619_D_LG,stn27,6/19/2018,20180619,102.50000000000,Strat,2M-INT,"2, 7, 25, 100.4",8.00000000000,23.68,LOLA/CSMI,8042-1,,Ontario,134,Station 27,stn27,2,Ontario,2018,CSMI,100.00000000000,43.69000000000,-78.83000000000,,8042-1,27,2M-INT,LOLA/CSMI,6/19/2018,102.50000000000,,Strat,"2, 7, 25, 100.4",2.00000000000,7.00000000000,4.50000000000,8.00000000000,3691,1.03950000000e+004,"(98,97)",98,97,-1.06245e+002,0,0,0.00000000000e+000,0,1.92000000000e-001,1.00000000000e-003,4.786705,,4.786705,0,,98-97,10.64370000000,98,97,98-97,106.43700000000,10,1,
69,70,73,stn27_20180619_D_LG,stn27,6/19/2018,20180619,102.50000000000,Strat,40M/ DCL,,6.90000000000,23.43,LOLA/CSMI,8042-5,,Ontario,134,Station 27,stn27,2,Ontario,2018,CSMI,100.00000000000,43.69000000000,-78.83000000000,,8042-5,27,40M/ DCL,LOLA/CSMI,6/19/2018,102.50000000000,,,,25.00000000000,25.00000000000,25.00000000000,6.90000000000,3691,1.03950000000e+004,"(98,97)",98,97,-1.06245e+002,0,0,0.00000000000e+000,0,1.92000000000e-001,1.00000000000e-003,4.786705,,4.786705,0,,98-97,10.64370000000,98,97,98-97,106.43700000000,10,3,
70,71,74,stn27_20180619_D_LG,stn27,6/19/2018,20180619,102.50000000000,Strat,B2/ Hypo,,7.30000000000,23.29,LOLA/CSMI,8042-7,,Ontario,134,Station 27,stn27,2,Ontario,2018,CSMI,100.00000000000,43.69000000000,-78.83000000000,,8042-7,27,B2/ Hypo,LOLA/CSMI,6/19/2018,102.50000000000,,,,100.40000000000,100.40000000000,100.40000000000,7.30000000000,3691,1.03950000000e+004,"(98,97)",98,97,-1.06245e+002,0,0,0.00000000000e+000,0,1.92000000000e-001,1.00000000000e-003,4.786705,,4.786705,0,,98-97,10.64370000000,98,97,98-97,106.43700000000,10,10,
126,130,137,stn27_20180726_D_LEII,stn27,7/26/2018,20180726,29.00000000000,no data,2M-INT,"2, 10, 27.6",13.90000000000,22.57,LOLA/CSMI,8157-1,,Ontario,134,Station 27,stn27,2,Ontario,2018,CSMI,100.00000000000,43.69000000000,-78.83000000000,,8157-1,0,2M-INT,LOLA/CSMI,7/26/2018,29.00000000000,,no data,"2, 5, 8, 20, 98.8",2.00000000000,8.00000000000,5.00000000000,13.90000000000,3691,1.03950000000e+004,"(98,97)",98,97,-1.06245e+002,0,0,0.00000000000e+000,0,1.92000000000e-001,1.00000000000e-003,4.786705,,4.786705,0,,98-97,10.64370000000,98,97,98-97,106.43700000000,10,1,
127,131,138,stn27_20180726_D_LEII,stn27,7/26/2018,20180726,29.00000000000,no data,40M/ DCL,,9.59000000000,22.66,LOLA/CSMI,8157-5,,Ontario,134,Station 27,stn27,2,Ontario,2018,CSMI,100.00000000000,43.69000000000,-78.83000000000,,8157-5,0,40M/ DCL,LOLA/CSMI,7/26/2018,29.00000000000,,,,20.00000000000,20.00000000000,20.00000000000,9.59000000000,3691,1.03950000000e+004,"(98,97)",98,97,-1.06245e+002,0,0,0.00000000000e+000,0,1.92000000000e-001,1.00000000000e-003,4.786705,,4.786705,0,,98-97,10.64370000000,98,97,98-97,106.43700000000,10,2,
128,132,139,stn27_20180726_D_LEII,stn27,7/26/2018,20180726,29.00000000000,no data,B2/ Hypo,,8.79000000000,22.66,LOLA/CSMI,8157-7,,Ontario,134,Station 27,stn27,2,Ontario,2018,CSMI,100.00000000000,43.69000000000,-78.83000000000,,8157-7,0,B2/ Hypo,LOLA/CSMI,7/26/2018,29.00000000000,,,,98.80000000000,98.80000000000,98.80000000000,8.79000000000,3691,1.03950000000e+004,"(98,97)",98,97,-1.06245e+002,0,0,0.00000000000e+000,0,1.92000000000e-001,1.00000000000e-003,4.786705,,4.786705,0,,98-97,10.64370000000,98,97,98-97,106.43700000000,10,10,
18,19,21,stn41_20180522_D_LG,stn41,5/22/2018,20180522,128.00000000000,Unstrat,2M-INT,"2, 10, 20, 64, 126",0.61000000000,22.95,LOLA/CSMI,8014-1,,Ontario,153,Station 41,stn41,3,Ontario,2018,CSMI,128.00000000000,43.71670000000,-78.02690000000,,8014-1,41,2M-INT,LOLA/CSMI,5/22/2018,128.00000000000,,Unstrat,"2, 10, 20, 64, 126",2.00000000000,20.00000000000,11.00000000000,0.61000000000,6512,9.79100000000e+003,"(145,94)",145,94,-1.31001e+002,0,0,0.00000000000e+000,0,1.92000000000e-001,1.00000000000e-003,4.85221,,4.852210,0,,145-94,13.11930000000,145,94,145-94,131.19300000000,10,1,
19,20,22,stn41_20180522_D_LG,stn41,5/22/2018,20180522,128.00000000000,Unstrat,40M/ DCL,,3.77000000000,22.93,LOLA/CSMI,8014-5,,Ontario,153,Station 41,stn41,3,Ontario,2018,CSMI,128.00000000000,43.71670000000,-78.02690000000,,8014-5,41,40M/ DCL,LOLA/CSMI,5/22/2018,128.00000000000,,,,64.00000000000,64.00000000000,64.00000000000,3.77000000000,6512,9.79100000000e+003,"(145,94)",145,94,-1.31001e+002,0,0,0.00000000000e+000,0,1.92000000000e-001,1.00000000000e-003,4.85221,,4.852210,0,,145-94,13.11930000000,145,94,145-94,131.19300000000,10,5,
20,21,23,stn41_20180522_D_LG,stn41,5/22/2018,20180522,128.00000000000,Unstrat,B2/ Hypo,,1.68000000000,22.58,LOLA/CSMI,8014-7,,Ontario,153,Station 41,stn41,3,Ontario,2018,CSMI,128.00000000000,43.71670000000,-78.02690000000,,8014-7,41,B2/ Hypo,LOLA/CSMI,5/22/2018,128.00000000000,,,,126.00000000000,126.00000000000,126.00000000000,1.68000000000,6512,9.79100000000e+003,"(145,94)",145,94,-1.31001e+002,0,0,0.00000000000e+000,0,1.92000000000e-001,1.00000000000e-003,4.85221,,4.852210,0,,145-94,13.11930000000,145,94,145-94,131.19300000000,10,10,
80,83,88,stn41_20180620_N_LG,stn41,6/20/2018,20180620,127.70000000000,Strat,2M-INT,"2, 7, 18, 125.7",2.14000000000,23.77,LOLA/CSMI,8054-1,,Ontario,153,Station 41,stn41,3,Ontario,2018,CSMI,128.00000000000,43.71670000000,-78.02690000000,,8054-1,41,2M-INT,LOLA/CSMI,6/20/2018,127.70000000000,,Strat,"2, 7, 18, 125.7",2.00000000000,7.00000000000,4.50000000000,2.14000000000,6512,9.79100000000e+003,"(145,94)",145,94,-1.31001e+002,0,0,0.00000000000e+000,0,1.92000000000e-001,1.00000000000e-003,4.85221,,4.852210,0,,145-94,13.11930000000,145,94,145-94,131.19300000000,10,1,
81,84,89,stn41_20180620_N_LG,stn41,6/20/2018,20180620,127.70000000000,Strat,40M/ DCL,,1.96000000000,23.34,LOLA/CSMI,8054-5,,Ontario,153,Station 41,stn41,3,Ontario,2018,CSMI,128.00000000000,43.71670000000,-78.02690000000,,8054-5,41,40M/ DCL,LOLA/CSMI,6/20/2018,127.70000000000,,,,18.00000000000,18.00000000000,18.00000000000,1.96000000000,6512,9.79100000000e+003,"(145,94)",145,94,-1.31001e+002,0,0,0.00000000000e+000,0,1.92000000000e-001,1.00000000000e-003,4.85221,,4.852210,0,,145-94,13.11930000000,145,94,145-94,131.19300000000,10,2,
82,85,90,stn41_20180620_N_LG,stn41,6/20/2018,20180620,127.70000000000,Strat,B2/ Hypo,,5.96000000000,23.35,LOLA/CSMI,8054-7,,Ontario,153,Station 41,stn41,3,Ontario,2018,CSMI,128.00000000000,43.71670000000,-78.02690000000,,8054-7,41,B2/ Hypo,LOLA/CSMI,6/20/2018,127.70000000000,,,,125.70000000000,125.70000000000,125.70000000000,5.96000000000,6512,9.79100000000e+003,"(145,94)",145,94,-1.31001e+002,0,0,0.00000000000e+000,0,1.92000000000e-001,1.00000000000e-003,4.85221,,4.852210,0,,145-94,13.11930000000,145,94,145-94,131.19300000000,10,10,
153,163,172,stn41_20180927_D_LG,stn41,9/27/2018,20180927,126.50000000000,Strat,2M-INT,"2, 5, 8, 18, 124.5",7.10000000000,22.66,LOLA/CSMI,8304-1,,Ontario,153,Station 41,stn41,3,Ontario,2018,CSMI,128.00000000000,43.71670000000,-78.02690000000,,8304-1,41,2M-INT,LOLA/CSMI,9/27/2018,126.50000000000,,Strat,"2, 5, 8, 18, 124.5",2.00000000000,8.00000000000,5.00000000000,7.10000000000,6512,9.79100000000e+003,"(145,94)",145,94,-1.31001e+002,0,0,0.00000000000e+000,0,1.92000000000e-001,1.00000000000e-003,4.85221,,4.852210,0,,145-94,13.11930000000,145,94,145-94,131.19300000000,10,1,
154,164,173,stn41_20180927_D_LG,stn41,9/27/2018,20180927,126.50000000000,Strat,40M/ DCL,,6.10000000000,22.61,LOLA/CSMI,8304-5,,Ontario,153,Station 41,stn41,3,Ontario,2018,CSMI,128.00000000000,43.71670000000,-78.02690000000,,8304-5,41,40M/ DCL,LOLA/CSMI,9/27/2018,126.50000000000,,,,18.00000000000,18.00000000000,18.00000000000,6.10000000000,6512,9.79100000000e+003,"(145,94)",145,94,-1.31001e+002,0,0,0.00000000000e+000,0,1.92000000000e-001,1.00000000000e-003,4.85221,,4.852210,0,,145-94,13.11930000000,145,94,145-94,131.19300000000,10,2,
155,165,174,stn41_20180927_D_LG,stn41,9/27/2018,20180927,126.50000000000,Strat,B2/ Hypo,,5.82000000000,22.88,LOLA/CSMI,8304-7,,Ontario,153,Station 41,stn41,3,Ontario,2018,CSMI,128.00000000000,43.71670000000,-78.02690000000,,8304-7,41,B2/ Hypo,LOLA/CSMI,9/27/2018,126.50000000000,,,,124.50000000000,124.50000000000,124.50000000000,5.82000000000,6512,9.79100000000e+003,"(145,94)",145,94,-1.31001e+002,0,0,0.00000000000e+000,0,1.92000000000e-001,1.00000000000e-003,4.85221,,4.852210,0,,145-94,13.11930000000,145,94,145-94,131.19300000000,10,10,
3,3,3,stn28_20180521_D_LG,stn28,5/21/2018,20180521,61.70000000000,Unstrat,2M-INT,"2, 10, 20, 30, 59.7",7.31000000000,23.48,LOLA/CSMI,8001-1,,Ontario,135,Station 28,stn28,2,Ontario,2018,CSMI,61.00000000000,43.77500000000,-78.85330000000,,8001-1,28,2M-INT,LOLA/CSMI,5/21/2018,61.70000000000,,Unstrat,"2, 10, 20, 30, 59.7",2.00000000000,20.00000000000,11.00000000000,7.31000000000,3697,1.16390000000e+004,"(98,103)",98,103,-6.28009e+001,0,0,0.00000000000e+000,0,1.92000000000e-001,1.00000000000e-003,4.466057,,4.466057,0,,98-103,6.29930000000,98,103,98-103,62.99300000000,10,2,
4,4,4,stn28_20180521_D_LG,stn28,5/21/2018,20180521,61.70000000000,Unstrat,40M/ DCL,,8.87000000000,23.14,LOLA/CSMI,8001-5,,Ontario,135,Station 28,stn28,2,Ontario,2018,CSMI,61.00000000000,43.77500000000,-78.85330000000,,8001-5,28,40M/ DCL,LOLA/CSMI,5/21/2018,61.70000000000,,,,30.00000000000,30.00000000000,30.00000000000,8.87000000000,3697,1.16390000000e+004,"(98,103)",98,103,-6.28009e+001,0,0,0.00000000000e+000,0,1.92000000000e-001,1.00000000000e-003,4.466057,,4.466057,0,,98-103,6.29930000000,98,103,98-103,62.99300000000,10,5,
5,5,5,stn28_20180521_D_LG,stn28,5/21/2018,20180521,61.70000000000,Unstrat,B2/ Hypo,,7.16000000000,23.09,LOLA/CSMI,8001-7,,Ontario,135,Station 28,stn28,2,Ontario,2018,CSMI,61.00000000000,43.77500000000,-78.85330000000,,8001-7,28,B2/ Hypo,LOLA/CSMI,5/21/2018,61.70000000000,,,,59.70000000000,59.70000000000,59.70000000000,7.16000000000,3697,1.16390000000e+004,"(98,103)",98,103,-6.28009e+001,0,0,0.00000000000e+000,0,1.92000000000e-001,1.00000000000e-003,4.466057,,4.466057,0,,98-103,6.29930000000,98,103,98-103,62.99300000000,10,10,
65,66,69,stn28_20180619_D_LG,stn28,6/19/2018,20180619,61.80000000000,Strat,2M-INT,"2, 5, 10, 23, 59.8",6.36000000000,24.19,LOLA/CSMI,8041-1,,Ontario,135,Station 28,stn28,2,Ontario,2018,CSMI,61.00000000000,43.77500000000,-78.85330000000,,8041-1,28,2M-INT,LOLA/CSMI,6/19/2018,61.80000000000,,Strat,"2, 5, 10, 23, 59.8",2.00000000000,10.00000000000,6.00000000000,6.36000000000,3697,1.16390000000e+004,"(98,103)",98,103,-6.28009e+001,0,0,0.00000000000e+000,0,1.92000000000e-001,1.00000000000e-003,4.466057,,4.466057,0,,98-103,6.29930000000,98,103,98-103,62.99300000000,10,1,
66,67,70,stn28_20180619_D_LG,stn28,6/19/2018,20180619,61.80000000000,Strat,40M/ DCL,,6.10000000000,23.03,LOLA/CSMI,8041-5,,Ontario,135,Station 28,stn28,2,Ontario,2018,CSMI,61.00000000000,43.77500000000,-78.85330000000,,8041-5,28,40M/ DCL,LOLA/CSMI,6/19/2018,61.80000000000,,,,23.00000000000,23.00000000000,23.00000000000,6.10000000000,3697,1.16390000000e+004,"(98,103)",98,103,-6.28009e+001,0,0,0.00000000000e+000,0,1.92000000000e-001,1.00000000000e-003,4.466057,,4.466057,0,,98-103,6.29930000000,98,103,98-103,62.99300000000,10,4,
67,68,71,stn28_20180619_D_LG,stn28,6/19/2018,20180619,61.80000000000,Strat,B2/ Hypo,,6.07000000000,23.58,LOLA/CSMI,8041-7,,Ontario,135,Station 28,stn28,2,Ontario,2018,CSMI,61.00000000000,43.77500000000,-78.85330000000,,8041-7,28,B2/ Hypo,LOLA/CSMI,6/19/2018,61.80000000000,,,,59.80000000000,59.80000000000,59.80000000000,6.07000000000,3697,1.16390000000e+004,"(98,103)",98,103,-6.28009e+001,0,0,0.00000000000e+000,0,1.92000000000e-001,1.00000000000e-003,4.466057,,4.466057,0,,98-103,6.29930000000,98,103,98-103,62.99300000000,10,10,
123,127,134,stn28_20180726_D_LEII,stn28,7/26/2018,20180726,100.00000000000,no data,2M-INT,"2, 5, 8, 15, 20, 21, 98.8",10.10000000000,22.9,LOLA/CSMI,8156-1,,Ontario,135,Station 28,stn28,2,Ontario,2018,CSMI,61.00000000000,43.77500000000,-78.85330000000,,8156-1,0,2M-INT,LOLA/CSMI,7/26/2018,100.00000000000,,no data,"2, 7, 12, 22, 59.6",2.00000000000,12.00000000000,7.00000000000,10.10000000000,3697,1.16390000000e+004,"(98,103)",98,103,-6.28009e+001,0,0,0.00000000000e+000,0,1.92000000000e-001,1.00000000000e-003,4.466057,,4.466057,0,,98-103,6.29930000000,98,103,98-103,62.99300000000,10,2,
124,128,135,stn28_20180726_D_LEII,stn28,7/26/2018,20180726,145.00000000000,no data,40M/ DCL,"2, 6, 6, 8, 15, 22, 131.7",11.40000000000,23.09,LOLA/CSMI,8156-5,,Ontario,135,Station 28,stn28,2,Ontario,2018,CSMI,61.00000000000,43.77500000000,-78.85330000000,,8156-5,0,40M/ DCL,LOLA/CSMI,7/26/2018,145.00000000000,,no data,,22.00000000000,22.00000000000,22.00000000000,11.40000000000,3697,1.16390000000e+004,"(98,103)",98,103,-6.28009e+001,0,0,0.00000000000e+000,0,1.92000000000e-001,1.00000000000e-003,4.466057,,4.466057,0,,98-103,6.29930000000,98,103,98-103,62.99300000000,10,4,
125,129,136,stn28_20180726_D_LEII,stn28,7/26/2018,20180726,140.00000000000,no data,B2/ Hypo,"2, 5, 8, 15, 22, 30, 134",8.56000000000,23.01,LOLA/CSMI,8156-7,,Ontario,135,Station 28,stn28,2,Ontario,2018,CSMI,61.00000000000,43.77500000000,-78.85330000000,,8156-7,0,B2/ Hypo,LOLA/CSMI,7/26/2018,140.00000000000,,no data,,59.60000000000,59.60000000000,59.60000000000,8.56000000000,3697,1.16390000000e+004,"(98,103)",98,103,-6.28009e+001,0,0,0.00000000000e+000,0,1.92000000000e-001,1.00000000000e-003,4.466057,,4.466057,0,,98-103,6.29930000000,98,103,98-103,62.99300000000,10,10,
50,51,53,stn63_20180523_D_LG,stn63,5/23/2018,20180523,86.30000000000,Unstrat,2M-INT,"2, 10, 20, 43.2, 84.3",3.92000000000,23.19,LOLA/CSMI,8025-1,,Ontario,177,Station 63,stn63,5,Ontario,2018,CSMI,87.00000000000,43.73170000000,-77.01690000000,,8025-1,63,2M-INT,LOLA/CSMI,5/23/2018,86.30000000000,,Unstrat,"2, 10, 20, 43.2, 84.3",2.00000000000,20.00000000000,11.00000000000,3.92000000000,11594,1.11340000000e+004,"(207,100)",207,100,-8.93758e+001,0,0,0.00000000000e+000,0,1.92000000000e-001,1.00000000000e-003,5.161365,,5.161365,0,,207-100,8.95680000000,207,100,207-100,89.56800000000,10,2,
51,52,54,stn63_20180523_D_LG,stn63,5/23/2018,20180523,86.30000000000,Unstrat,40M/ DCL,,3.12000000000,23.05,LOLA/CSMI,8025-5,,Ontario,177,Station 63,stn63,5,Ontario,2018,CSMI,87.00000000000,43.73170000000,-77.01690000000,,8025-5,63,40M/ DCL,LOLA/CSMI,5/23/2018,86.30000000000,,,,43.20000000000,43.20000000000,43.20000000000,3.12000000000,11594,1.11340000000e+004,"(207,100)",207,100,-8.93758e+001,0,0,0.00000000000e+000,0,1.92000000000e-001,1.00000000000e-003,5.161365,,5.161365,0,,207-100,8.95680000000,207,100,207-100,89.56800000000,10,5,
52,53,55,stn63_20180523_D_LG,stn63,5/23/2018,20180523,86.30000000000,Unstrat,B2/ Hypo,,3.41000000000,22.99,LOLA/CSMI,8025-7,,Ontario,177,Station 63,stn63,5,Ontario,2018,CSMI,87.00000000000,43.73170000000,-77.01690000000,,8025-7,63,B2/ Hypo,LOLA/CSMI,5/23/2018,86.30000000000,,,,84.30000000000,84.30000000000,84.30000000000,3.41000000000,11594,1.11340000000e+004,"(207,100)",207,100,-8.93758e+001,0,0,0.00000000000e+000,0,1.92000000000e-001,1.00000000000e-003,5.161365,,5.161365,0,,207-100,8.95680000000,207,100,207-100,89.56800000000,10,10,
109,113,118,stn63_20180621_D_LG,stn63,6/21/2018,20180621,85.20000000000,Strat,2M-INT,"2, 5, 9, 18, 83.2",3.35000000000,23.4,LOLA/CSMI,8065-1,,Ontario,177,Station 63,stn63,5,Ontario,2018,CSMI,87.00000000000,43.73170000000,-77.01690000000,,8065-1,63,2M-INT,LOLA/CSMI,6/21/2018,85.20000000000,,Strat,"2, 5, 9, 18, 83.2",2.00000000000,0.00000000000,1.00000000000,3.35000000000,11594,1.11340000000e+004,"(207,100)",207,100,-8.93758e+001,0,0,0.00000000000e+000,0,1.92000000000e-001,1.00000000000e-003,5.161365,,5.161365,0,,207-100,8.95680000000,207,100,207-100,89.56800000000,10,1,
110,114,119,stn63_20180621_D_LG,stn63,6/21/2018,20180621,85.20000000000,Strat,40M/ DCL,,2.45000000000,23.3,LOLA/CSMI,8065-5,,Ontario,177,Station 63,stn63,5,Ontario,2018,CSMI,87.00000000000,43.73170000000,-77.01690000000,,8065-5,63,40M/ DCL,LOLA/CSMI,6/21/2018,85.20000000000,,,,18.00000000000,18.00000000000,18.00000000000,2.45000000000,11594,1.11340000000e+004,"(207,100)",207,100,-8.93758e+001,0,0,0.00000000000e+000,0,1.92000000000e-001,1.00000000000e-003,5.161365,,5.161365,0,,207-100,8.95680000000,207,100,207-100,89.56800000000,10,3,
111,115,120,stn63_20180621_D_LG,stn63,6/21/2018,20180621,85.20000000000,Strat,B2/ Hypo,,3.32000000000,23.37,LOLA/CSMI,8065-7,,Ontario,177,Station 63,stn63,5,Ontario,2018,CSMI,87.00000000000,43.73170000000,-77.01690000000,,8065-7,63,B2/ Hypo,LOLA/CSMI,6/21/2018,85.20000000000,,,,83.20000000000,83.20000000000,83.20000000000,3.32000000000,11594,1.11340000000e+004,"(207,100)",207,100,-8.93758e+001,0,0,0.00000000000e+000,0,1.92000000000e-001,1.00000000000e-003,5.161365,,5.161365,0,,207-100,8.95680000000,207,100,207-100,89.56800000000,10,10,
32,33,35,stn49_20180524_D_LG,stn49,5/24/2018,20180524,47.40000000000,Unstrat,2M-INT,"2, 7, 14, 23.7, 45.4",2.65000000000,23.46,LOLA/CSMI,8019-1,,Ontario,159,Station 49,stn49,4,Ontario,2018,CSMI,50.00000000000,43.77060000000,-77.43830000000,,8019-1,49,2M-INT,LOLA/CSMI,5/24/2018,47.40000000000,,Unstrat,"2, 7, 14, 23.7, 45.4",2.00000000000,14.00000000000,8.00000000000,2.65000000000,9125,1.13110000000e+004,"(177,101)",177,101,-5.09748e+001,0,0,0.00000000000e+000,0,1.92000000000e-001,1.00000000000e-003,5.190392,,5.190392,0,,177-101,5.11670000000,177,101,177-101,51.16700000000,10,2,
33,34,36,stn49_20180524_D_LG,stn49,5/24/2018,20180524,47.40000000000,Unstrat,40M/ DCL,,0.61000000000,23.34,LOLA/CSMI,8019-5,,Ontario,159,Station 49,stn49,4,Ontario,2018,CSMI,50.00000000000,43.77060000000,-77.43830000000,,8019-5,49,40M/ DCL,LOLA/CSMI,5/24/2018,47.40000000000,,,,23.70000000000,23.70000000000,23.70000000000,0.61000000000,9125,1.13110000000e+004,"(177,101)",177,101,-5.09748e+001,0,0,0.00000000000e+000,0,1.92000000000e-001,1.00000000000e-003,5.190392,,5.190392,0,,177-101,5.11670000000,177,101,177-101,51.16700000000,10,5,
34,35,37,stn49_20180524_D_LG,stn49,5/24/2018,20180524,47.40000000000,Unstrat,B2/ Hypo,,1.23000000000,23.61,LOLA/CSMI,8019-7,,Ontario,159,Station 49,stn49,4,Ontario,2018,CSMI,50.00000000000,43.77060000000,-77.43830000000,,8019-7,49,B2/ Hypo,LOLA/CSMI,5/24/2018,47.40000000000,,,,45.40000000000,45.40000000000,45.40000000000,1.23000000000,9125,1.13110000000e+004,"(177,101)",177,101,-5.09748e+001,0,0,0.00000000000e+000,0,1.92000000000e-001,1.00000000000e-003,5.190392,,5.190392,0,,177-101,5.11670000000,177,101,177-101,51.16700000000,10,9,
92,96,101,stn49_20180622_D_LG,stn49,6/22/2018,20180622,46.90000000000,Strat,2M-INT,"2, 6, 11, 18, 44.9",6.57000000000,23.58,LOLA/CSMI,8059-1,,Ontario,159,Station 49,stn49,4,Ontario,2018,CSMI,50.00000000000,43.77060000000,-77.43830000000,,8059-1,49,2M-INT,LOLA/CSMI,6/22/2018,46.90000000000,,Strat,"2, 6, 11, 18, 44.9",2.00000000000,11.00000000000,6.50000000000,6.57000000000,9125,1.13110000000e+004,"(177,101)",177,101,-5.09748e+001,0,0,0.00000000000e+000,0,1.92000000000e-001,1.00000000000e-003,5.190392,,5.190392,0,,177-101,5.11670000000,177,101,177-101,51.16700000000,10,2,
93,97,102,stn49_20180622_D_LG,stn49,6/22/2018,20180622,46.90000000000,Strat,40M/ DCL,,5.04000000000,23.33,LOLA/CSMI,8059-5,,Ontario,159,Station 49,stn49,4,Ontario,2018,CSMI,50.00000000000,43.77060000000,-77.43830000000,,8059-5,49,40M/ DCL,LOLA/CSMI,6/22/2018,46.90000000000,,,,18.00000000000,18.00000000000,18.00000000000,5.04000000000,9125,1.13110000000e+004,"(177,101)",177,101,-5.09748e+001,0,0,0.00000000000e+000,0,1.92000000000e-001,1.00000000000e-003,5.190392,,5.190392,0,,177-101,5.11670000000,177,101,177-101,51.16700000000,10,4,
94,98,103,stn49_20180622_D_LG,stn49,6/22/2018,20180622,46.90000000000,Strat,B2/ Hypo,,3.15000000000,23.39,LOLA/CSMI,8059-7,,Ontario,159,Station 49,stn49,4,Ontario,2018,CSMI,50.00000000000,43.77060000000,-77.43830000000,,8059-7,49,B2/ Hypo,LOLA/CSMI,6/22/2018,46.90000000000,,,,44.90000000000,44.90000000000,44.90000000000,3.15000000000,9125,1.13110000000e+004,"(177,101)",177,101,-5.09748e+001,0,0,0.00000000000e+000,0,1.92000000000e-001,1.00000000000e-003,5.190392,,5.190392,0,,177-101,5.11670000000,177,101,177-101,51.16700000000,10,9,
1,1,1,stn29_20180521_D_LG,stn29,5/21/2018,20180521,29.00000000000,Unstrat,2M-INT,"2, 10, 15, 27",9.97000000000,24.31,LOLA/CSMI,8000-1,,Ontario,136,Station 29,stn29,2,Ontario,2018,CSMI,32.00000000000,43.81830000000,-78.87000000000,,8000-1,29,2M-INT,LOLA/CSMI,5/21/2018,29.00000000000,,Unstrat,"2, 10, 15, 27",2.00000000000,10.00000000000,6.00000000000,9.97000000000,3700,1.21900000000e+004,"(98,106)",98,106,-3.00057e+001,0,0,0.00000000000e+000,0,1.92000000000e-001,1.00000000000e-003,5.259996,,5.259996,0,,98-106,3.01980000000,98,106,98-106,30.19800000000,10,2,
2,2,2,stn29_20180521_D_LG,stn29,5/21/2018,20180521,29.00000000000,Unstrat,B2/ Hypo,,7.26000000000,23.61,LOLA/CSMI,8000-7,,Ontario,136,Station 29,stn29,2,Ontario,2018,CSMI,32.00000000000,43.81830000000,-78.87000000000,,8000-7,29,B2/ Hypo,LOLA/CSMI,5/21/2018,29.00000000000,,,,27.00000000000,15.00000000000,21.00000000000,7.26000000000,3700,1.21900000000e+004,"(98,106)",98,106,-3.00057e+001,0,0,0.00000000000e+000,0,1.92000000000e-001,1.00000000000e-003,5.259996,,5.259996,0,,98-106,3.01980000000,98,106,98-106,30.19800000000,10,7,
62,63,66,stn29_20180619_D_LG,stn29,6/19/2018,20180619,29.00000000000,Strat,2M-INT,"2, 4, 8, 13, 27",6.55000000000,24.36,LOLA/CSMI,8040-1,,Ontario,136,Station 29,stn29,2,Ontario,2018,CSMI,32.00000000000,43.81830000000,-78.87000000000,,8040-1,29,2M-INT,LOLA/CSMI,6/19/2018,29.00000000000,,Strat,"2, 4, 8, 13, 27",2.00000000000,8.00000000000,5.00000000000,6.55000000000,3700,1.21900000000e+004,"(98,106)",98,106,-3.00057e+001,0,0,0.00000000000e+000,0,1.92000000000e-001,1.00000000000e-003,5.259996,,5.259996,0,,98-106,3.01980000000,98,106,98-106,30.19800000000,10,2,
63,64,67,stn29_20180619_D_LG,stn29,6/19/2018,20180619,29.00000000000,Strat,40M/ DCL,,5.77000000000,24.02,LOLA/CSMI,8040-5,,Ontario,136,Station 29,stn29,2,Ontario,2018,CSMI,32.00000000000,43.81830000000,-78.87000000000,,8040-5,29,40M/ DCL,LOLA/CSMI,6/19/2018,29.00000000000,,,,13.00000000000,13.00000000000,13.00000000000,5.77000000000,3700,1.21900000000e+004,"(98,106)",98,106,-3.00057e+001,0,0,0.00000000000e+000,0,1.92000000000e-001,1.00000000000e-003,5.259996,,5.259996,0,,98-106,3.01980000000,98,106,98-106,30.19800000000,10,5,
64,65,68,stn29_20180619_D_LG,stn29,6/19/2018,20180619,29.00000000000,Strat,B2/ Hypo,,5.62000000000,23.83,LOLA/CSMI,8040-7,,Ontario,136,Station 29,stn29,2,Ontario,2018,CSMI,32.00000000000,43.81830000000,-78.87000000000,,8040-7,29,B2/ Hypo,LOLA/CSMI,6/19/2018,29.00000000000,,,,27.00000000000,27.00000000000,27.00000000000,5.62000000000,3700,1.21900000000e+004,"(98,106)",98,106,-3.00057e+001,0,0,0.00000000000e+000,0,1.92000000000e-001,1.00000000000e-003,5.259996,,5.259996,0,,98-106,3.01980000000,98,106,98-106,30.19800000000,10,9,
121,125,132,stn29_20180726_D_LEII,stn29,7/26/2018,20180726,30.00000000000,no data,2M-INT,"2, 10, 17, 22, 28.7",12.90000000000,23.1,LOLA/CSMI,8155-1,,Ontario,136,Station 29,stn29,2,Ontario,2018,CSMI,32.00000000000,43.81830000000,-78.87000000000,,8155-1,0,2M-INT,LOLA/CSMI,7/26/2018,30.00000000000,,no data,"2, 10, 17, 28.7",2.00000000000,17.00000000000,9.50000000000,12.90000000000,3700,1.21900000000e+004,"(98,106)",98,106,-3.00057e+001,0,0,0.00000000000e+000,0,1.92000000000e-001,1.00000000000e-003,5.259996,,5.259996,0,,98-106,3.01980000000,98,106,98-106,30.19800000000,10,4,
122,126,133,stn29_20180726_D_LEII,stn29,7/26/2018,20180726,62.00000000000,no data,B2/ Hypo,"2, 7, 12, 15, 22, 15, 59.6",8.11000000000,23,LOLA/CSMI,8155-7,,Ontario,136,Station 29,stn29,2,Ontario,2018,CSMI,32.00000000000,43.81830000000,-78.87000000000,,8155-7,0,B2/ Hypo,LOLA/CSMI,7/26/2018,62.00000000000,,no data,,28.70000000000,28.70000000000,28.70000000000,8.11000000000,3700,1.21900000000e+004,"(98,106)",98,106,-3.00057e+001,0,0,0.00000000000e+000,0,1.92000000000e-001,1.00000000000e-003,5.259996,,5.259996,0,,98-106,3.01980000000,98,106,98-106,30.19800000000,10,10,
15,16,18,stn42_20180522_D_LG,stn42,5/22/2018,20180522,66.40000000000,Unstrat,2M-INT,"2, 10, 20, 33.2, 64.3",3.92000000000,23.08,LOLA/CSMI,8013-1,,Ontario,154,Station 42,stn42,3,Ontario,2018,CSMI,65.00000000000,43.83970000000,-78.03690000000,,8013-1,42,2M-INT,LOLA/CSMI,5/22/2018,66.40000000000,,Unstrat,"2, 10, 20, 33.2, 64.3",2.00000000000,20.00000000000,11.00000000000,3.92000000000,6460,1.14830000000e+004,"(144,102)",144,102,-6.66654e+001,0,0,0.00000000000e+000,0,1.92000000000e-001,1.00000000000e-003,5.040346,,5.040346,0,,144-102,6.68570000000,144,102,144-102,66.85700000000,10,2,
16,17,19,stn42_20180522_D_LG,stn42,5/22/2018,20180522,66.40000000000,Unstrat,40M/ DCL,,2.63000000000,23.21,LOLA/CSMI,8013-5,,Ontario,154,Station 42,stn42,3,Ontario,2018,CSMI,65.00000000000,43.83970000000,-78.03690000000,,8013-5,42,40M/ DCL,LOLA/CSMI,5/22/2018,66.40000000000,,,,33.20000000000,33.20000000000,33.20000000000,2.63000000000,6460,1.14830000000e+004,"(144,102)",144,102,-6.66654e+001,0,0,0.00000000000e+000,0,1.92000000000e-001,1.00000000000e-003,5.040346,,5.040346,0,,144-102,6.68570000000,144,102,144-102,66.85700000000,10,5,
17,18,20,stn42_20180522_D_LG,stn42,5/22/2018,20180522,66.40000000000,Unstrat,B2/ Hypo,,0.61000000000,23.08,LOLA/CSMI,8013-7,,Ontario,154,Station 42,stn42,3,Ontario,2018,CSMI,65.00000000000,43.83970000000,-78.03690000000,,8013-7,42,B2/ Hypo,LOLA/CSMI,5/22/2018,66.40000000000,,,,64.30000000000,64.30000000000,64.30000000000,0.61000000000,6460,1.14830000000e+004,"(144,102)",144,102,-6.66654e+001,0,0,0.00000000000e+000,0,1.92000000000e-001,1.00000000000e-003,5.040346,,5.040346,0,,144-102,6.68570000000,144,102,144-102,66.85700000000,10,10,
77,80,85,stn42_20180620_D_LG,stn42,6/20/2018,20180620,66.45000000000,Strat,2M-INT,"2, 5, 11.2, 64.4",7.31000000000,23.71,LOLA/CSMI,8053-1,,Ontario,154,Station 42,stn42,3,Ontario,2018,CSMI,65.00000000000,43.83970000000,-78.03690000000,,8053-1,42,2M-INT,LOLA/CSMI,6/20/2018,66.45000000000,,Strat,"2, 5, 11.2, 64.4",2.00000000000,5.00000000000,3.50000000000,7.31000000000,6460,1.14830000000e+004,"(144,102)",144,102,-6.66654e+001,0,0,0.00000000000e+000,0,1.92000000000e-001,1.00000000000e-003,5.040346,,5.040346,0,,144-102,6.68570000000,144,102,144-102,66.85700000000,10,1,
78,81,86,stn42_20180620_D_LG,stn42,6/20/2018,20180620,66.45000000000,Strat,40M/ DCL,,8.73000000000,23.87,LOLA/CSMI,8053-5,,Ontario,154,Station 42,stn42,3,Ontario,2018,CSMI,65.00000000000,43.83970000000,-78.03690000000,,8053-5,42,40M/ DCL,LOLA/CSMI,6/20/2018,66.45000000000,,,,11.20000000000,11.20000000000,11.20000000000,8.73000000000,6460,1.14830000000e+004,"(144,102)",144,102,-6.66654e+001,0,0,0.00000000000e+000,0,1.92000000000e-001,1.00000000000e-003,5.040346,,5.040346,0,,144-102,6.68570000000,144,102,144-102,66.85700000000,10,2,
79,82,87,stn42_20180620_D_LG,stn42,6/20/2018,20180620,66.45000000000,Strat,B2/ Hypo,,6.42000000000,22.94,LOLA/CSMI,8053-7,,Ontario,154,Station 42,stn42,3,Ontario,2018,CSMI,65.00000000000,43.83970000000,-78.03690000000,,8053-7,42,B2/ Hypo,LOLA/CSMI,6/20/2018,66.45000000000,,,,64.40000000000,64.40000000000,64.40000000000,6.42000000000,6460,1.14830000000e+004,"(144,102)",144,102,-6.66654e+001,0,0,0.00000000000e+000,0,1.92000000000e-001,1.00000000000e-003,5.040346,,5.040346,0,,144-102,6.68570000000,144,102,144-102,66.85700000000,10,10,
30,31,33,stn48_20180524_D_LG,stn48,5/24/2018,20180524,36.00000000000,Unstrat,2M-INT,"2, 10, 23, 34",3.32000000000,23.61,LOLA/CSMI,8018-1,,Ontario,158,Station 48,stn48,4,Ontario,2018,CSMI,53.00000000000,43.88000000000,-77.44000000000,,8018-1,48,2M-INT,LOLA/CSMI,5/24/2018,36.00000000000,,Unstrat,"2, 10, 23, 34",2.00000000000,23.00000000000,12.50000000000,3.32000000000,9025,1.26100000000e+004,"(176,108)",176,108,-3.52397e+001,0,0,0.00000000000e+000,0,1.92000000000e-001,1.00000000000e-003,6.03568,,6.035680,0,,176-108,3.54320000000,176,108,176-108,35.43200000000,10,4,
31,32,34,stn48_20180524_D_LG,stn48,5/24/2018,20180524,36.00000000000,Unstrat,B2/ Hypo,,2.04000000000,23.82,LOLA/CSMI,8018-7,,Ontario,158,Station 48,stn48,4,Ontario,2018,CSMI,53.00000000000,43.88000000000,-77.44000000000,,8018-7,48,B2/ Hypo,LOLA/CSMI,5/24/2018,36.00000000000,,,,34.00000000000,34.00000000000,34.00000000000,2.04000000000,9025,1.26100000000e+004,"(176,108)",176,108,-3.52397e+001,0,0,0.00000000000e+000,0,1.92000000000e-001,1.00000000000e-003,6.03568,,6.035680,0,,176-108,3.54320000000,176,108,176-108,35.43200000000,10,10,
89,93,98,stn48_20180622_D_LG,stn48,6/22/2018,20180622,36.20000000000,Strat,2M-INT,"2, 4, 11, 34.2",1.89000000000,23.67,LOLA/CSMI,8058-1,,Ontario,158,Station 48,stn48,4,Ontario,2018,CSMI,53.00000000000,43.88000000000,-77.44000000000,,8058-1,48,2M-INT,LOLA/CSMI,6/22/2018,36.20000000000,,Strat,"2, 4, 11, 34.2",2.00000000000,4.00000000000,3.00000000000,1.89000000000,9025,1.26100000000e+004,"(176,108)",176,108,-3.52397e+001,0,0,0.00000000000e+000,0,1.92000000000e-001,1.00000000000e-003,6.03568,,6.035680,0,,176-108,3.54320000000,176,108,176-108,35.43200000000,10,1,
90,94,99,stn48_20180622_D_LG,stn48,6/22/2018,20180622,36.20000000000,Strat,40M/ DCL,,1.74000000000,23.69,LOLA/CSMI,8058-5,,Ontario,158,Station 48,stn48,4,Ontario,2018,CSMI,53.00000000000,43.88000000000,-77.44000000000,,8058-5,48,40M/ DCL,LOLA/CSMI,6/22/2018,36.20000000000,,,,11.00000000000,11.00000000000,11.00000000000,1.74000000000,9025,1.26100000000e+004,"(176,108)",176,108,-3.52397e+001,0,0,0.00000000000e+000,0,1.92000000000e-001,1.00000000000e-003,6.03568,,6.035680,0,,176-108,3.54320000000,176,108,176-108,35.43200000000,10,4,
91,95,100,stn48_20180622_D_LG,stn48,6/22/2018,20180622,36.20000000000,Strat,B2/ Hypo,,1.38000000000,23.77,LOLA/CSMI,8058-7,,Ontario,158,Station 48,stn48,4,Ontario,2018,CSMI,53.00000000000,43.88000000000,-77.44000000000,,8058-7,48,B2/ Hypo,LOLA/CSMI,6/22/2018,36.20000000000,,,,34.20000000000,34.20000000000,34.20000000000,1.38000000000,9025,1.26100000000e+004,"(176,108)",176,108,-3.52397e+001,0,0,0.00000000000e+000,0,1.92000000000e-001,1.00000000000e-003,6.03568,,6.035680,0,,176-108,3.54320000000,176,108,176-108,35.43200000000,10,10,
47,48,50,stn62_20180523_D_LG,stn62,5/23/2018,20180523,47.30000000000,Unstrat,2M-INT,"2, 5, 10, 23.7, 45.3",4.47000000000,23.14,LOLA/CSMI,8024-1,,Ontario,176,Station 62,stn62,5,Ontario,2018,CSMI,18.00000000000,43.88000000000,-76.99940000000,,8024-1,62,2M-INT,LOLA/CSMI,5/23/2018,47.30000000000,,Unstrat,"2, 5, 10, 23.7, 45.3",2.00000000000,10.00000000000,6.00000000000,4.47000000000,11756,1.28390000000e+004,"(209,110)",209,110,-1.16814e+001,0,0,0.00000000000e+000,0,1.92000000000e-001,1.00000000000e-003,6.976048,,6.976048,0,,209-110,1.18730000000,209,110,209-110,11.87300000000,10,6,
48,49,51,stn62_20180523_D_LG,stn62,5/23/2018,20180523,47.30000000000,Unstrat,40M/ DCL,,2.58000000000,23.21,LOLA/CSMI,8024-5,,Ontario,176,Station 62,stn62,5,Ontario,2018,CSMI,18.00000000000,43.88000000000,-76.99940000000,,8024-5,62,40M/ DCL,LOLA/CSMI,5/23/2018,47.30000000000,,,,23.70000000000,23.70000000000,23.70000000000,2.58000000000,11756,1.28390000000e+004,"(209,110)",209,110,-1.16814e+001,0,0,0.00000000000e+000,0,1.92000000000e-001,1.00000000000e-003,6.976048,,6.976048,0,,209-110,1.18730000000,209,110,209-110,11.87300000000,10,10,
49,50,52,stn62_20180523_D_LG,stn62,5/23/2018,20180523,47.30000000000,Unstrat,B2/ Hypo,,2.56000000000,23.4,LOLA/CSMI,8024-7,,Ontario,176,Station 62,stn62,5,Ontario,2018,CSMI,18.00000000000,43.88000000000,-76.99940000000,,8024-7,62,B2/ Hypo,LOLA/CSMI,5/23/2018,47.30000000000,,,,45.30000000000,45.30000000000,45.30000000000,2.56000000000,11756,1.28390000000e+004,"(209,110)",209,110,-1.16814e+001,0,0,0.00000000000e+000,0,1.92000000000e-001,1.00000000000e-003,6.976048,,6.976048,0,,209-110,1.18730000000,209,110,209-110,11.87300000000,10,10,
106,110,115,stn62_20180621_D_LG,stn62,6/21/2018,20180621,46.50000000000,Strat,2M-INT,"2, 5, 7, 15, 44.5",3.98000000000,22.07,LOLA/CSMI,8064-1,,Ontario,176,Station 62,stn62,5,Ontario,2018,CSMI,18.00000000000,43.88000000000,-76.99940000000,,8064-1,62,2M-INT,LOLA/CSMI,6/21/2018,46.50000000000,,Strat,"2, 5, 7, 15, 44.5",2.00000000000,7.00000000000,4.50000000000,3.98000000000,11756,1.28390000000e+004,"(209,110)",209,110,-1.16814e+001,0,0,0.00000000000e+000,0,1.92000000000e-001,1.00000000000e-003,6.976048,,6.976048,0,,209-110,1.18730000000,209,110,209-110,11.87300000000,10,4,
107,111,116,stn62_20180621_D_LG,stn62,6/21/2018,20180621,46.50000000000,Strat,40M/ DCL,,3.63000000000,22.76,LOLA/CSMI,8064-5,,Ontario,176,Station 62,stn62,5,Ontario,2018,CSMI,18.00000000000,43.88000000000,-76.99940000000,,8064-5,62,40M/ DCL,LOLA/CSMI,6/21/2018,46.50000000000,,,,15.00000000000,15.00000000000,15.00000000000,3.63000000000,11756,1.28390000000e+004,"(209,110)",209,110,-1.16814e+001,0,0,0.00000000000e+000,0,1.92000000000e-001,1.00000000000e-003,6.976048,,6.976048,0,,209-110,1.18730000000,209,110,209-110,11.87300000000,10,10,
108,112,117,stn62_20180621_D_LG,stn62,6/21/2018,20180621,46.50000000000,Strat,B2/ Hypo,,1.35000000000,23.37,LOLA/CSMI,8064-7,,Ontario,176,Station 62,stn62,5,Ontario,2018,CSMI,18.00000000000,43.88000000000,-76.99940000000,,8064-7,62,B2/ Hypo,LOLA/CSMI,6/21/2018,46.50000000000,,,,44.50000000000,44.50000000000,44.50000000000,1.35000000000,11756,1.28390000000e+004,"(209,110)",209,110,-1.16814e+001,0,0,0.00000000000e+000,0,1.92000000000e-001,1.00000000000e-003,6.976048,,6.976048,0,,209-110,1.18730000000,209,110,209-110,11.87300000000,10,10,
