FID_LOLA20,Date,Lat,Long,I,J,Depth_m,TP_ug_L,Site,Sta_depth_,Field10,Field11,FID_EFDC,GRIDNO,IJ_VALUE,I_Value,J_Value,BedElev,I_Parent,J_Parent,Area,Mask,WSElev,ZRough,Sim_Result,Sim_Dir,Map_Value,Dry_Flag,Grid_Label,I_J_index,sig_thick,I_index,J_Index,I_J_inde_1,Water_Dept,Number_Lay,Sig_layer-K,
23,5/21/2013,43.22470000000,-79.27190000000,,,12.60000000000,5.79000000000,17,14.40000000000,,,970,4.06400000000e+003,"(52,67)",52,67,-1.15210e+001,0,0,0.00000000000e+000,0,1.92000000000e-001,1.00000000000e-003,6.335132,,6.335132,0,,52-67,1.17130000000,52,67,52-67,11.71300000000,10,10,
24,5/21/2013,43.22470000000,-79.27190000000,,,5.00000000000,7.60200000000,17,14.40000000000,,,970,4.06400000000e+003,"(52,67)",52,67,-1.15210e+001,0,0,0.00000000000e+000,0,1.92000000000e-001,1.00000000000e-003,6.335132,,6.335132,0,,52-67,1.17130000000,52,67,52-67,11.71300000000,10,5,
86,7/8/2013,43.22470000000,-79.27190000000,,,0.00000000000,9.09200000000,17,14.40000000000,,,970,4.06400000000e+003,"(52,67)",52,67,-1.15210e+001,0,0,0.00000000000e+000,0,1.92000000000e-001,1.00000000000e-003,6.335132,,6.335132,0,,52-67,1.17130000000,52,67,52-67,11.71300000000,10,1,
87,7/8/2013,43.22470000000,-79.27190000000,,,0.00000000000,8.91000000000,17,14.40000000000,,,970,4.06400000000e+003,"(52,67)",52,67,-1.15210e+001,0,0,0.00000000000e+000,0,1.92000000000e-001,1.00000000000e-003,6.335132,,6.335132,0,,52-67,1.17130000000,52,67,52-67,11.71300000000,10,1,
108,7/12/2013,43.29700000000,-79.00500000000,,,0.00000000000,8.54800000000,22,0.00000000000,,,2206,3.56600000000e+003,"(74,64)",74,64,-1.20000e+001,0,0,0.00000000000e+000,0,1.92000000000e-001,1.00000000000e-003,1.590707,,1.590707,0,,74-64,1.21920000000,74,64,74-64,12.19200000000,10,1,
25,5/21/2013,43.30360000000,-79.27810000000,,,87.00000000000,4.81000000000,18,85.50000000000,,,1143,5.90400000000e+003,"(55,77)",55,77,-8.40364e+001,0,0,0.00000000000e+000,0,1.92000000000e-001,1.00000000000e-003,4.844752,,4.844752,0,,55-77,8.42280000000,55,77,55-77,84.22800000000,10,10,
26,5/21/2013,43.30360000000,-79.27810000000,,,5.00000000000,7.86200000000,18,85.50000000000,,,1143,5.90400000000e+003,"(55,77)",55,77,-8.40364e+001,0,0,0.00000000000e+000,0,1.92000000000e-001,1.00000000000e-003,4.844752,,4.844752,0,,55-77,8.42280000000,55,77,55-77,84.22800000000,10,1,
27,5/21/2013,43.30360000000,-79.27810000000,,,0.00000000000,5.93900000000,18,85.50000000000,,,1143,5.90400000000e+003,"(55,77)",55,77,-8.40364e+001,0,0,0.00000000000e+000,0,1.92000000000e-001,1.00000000000e-003,4.844752,,4.844752,0,,55-77,8.42280000000,55,77,55-77,84.22800000000,10,1,
28,5/21/2013,43.30360000000,-79.27810000000,,,16.00000000000,7.11200000000,18,85.50000000000,,,1143,5.90400000000e+003,"(55,77)",55,77,-8.40364e+001,0,0,0.00000000000e+000,0,1.92000000000e-001,1.00000000000e-003,4.844752,,4.844752,0,,55-77,8.42280000000,55,77,55-77,84.22800000000,10,2,
88,7/8/2013,43.30360000000,-79.27810000000,,,0.00000000000,4.68400000000,18,85.50000000000,,,1143,5.90400000000e+003,"(55,77)",55,77,-8.40364e+001,0,0,0.00000000000e+000,0,1.92000000000e-001,1.00000000000e-003,4.844752,,4.844752,0,,55-77,8.42280000000,55,77,55-77,84.22800000000,10,1,
89,7/8/2013,43.30360000000,-79.27810000000,,,0.00000000000,9.57900000000,18,85.50000000000,,,1143,5.90400000000e+003,"(55,77)",55,77,-8.40364e+001,0,0,0.00000000000e+000,0,1.92000000000e-001,1.00000000000e-003,4.844752,,4.844752,0,,55-77,8.42280000000,55,77,55-77,84.22800000000,10,1,
90,7/8/2013,43.30360000000,-79.27810000000,,,0.00000000000,4.35100000000,18,85.50000000000,,,1143,5.90400000000e+003,"(55,77)",55,77,-8.40364e+001,0,0,0.00000000000e+000,0,1.92000000000e-001,1.00000000000e-003,4.844752,,4.844752,0,,55-77,8.42280000000,55,77,55-77,84.22800000000,10,1,
91,7/8/2013,43.30360000000,-79.27810000000,,,0.00000000000,6.21900000000,18,85.50000000000,,,1143,5.90400000000e+003,"(55,77)",55,77,-8.40364e+001,0,0,0.00000000000e+000,0,1.92000000000e-001,1.00000000000e-003,4.844752,,4.844752,0,,55-77,8.42280000000,55,77,55-77,84.22800000000,10,1,
75,5/23/2013,43.28170000000,-77.44000000000,,,32.00000000000,5.38300000000,717,25.00000000000,,,9465,2.69000000000e+002,"(181,25)",181,25,-1.29550e+001,0,0,0.00000000000e+000,0,1.92000000000e-001,1.00000000000e-003,6.662704,,6.662704,0,,181-25,1.31470000000,181,25,181-25,13.14700000000,10,10,
76,5/23/2013,43.28170000000,-77.44000000000,,,5.00000000000,4.15400000000,717,25.00000000000,,,9465,2.69000000000e+002,"(181,25)",181,25,-1.29550e+001,0,0,0.00000000000e+000,0,1.92000000000e-001,1.00000000000e-003,6.662704,,6.662704,0,,181-25,1.31470000000,181,25,181-25,13.14700000000,10,4,
77,5/23/2013,43.28170000000,-77.44000000000,,,15.00000000000,4.47600000000,717,25.00000000000,,,9465,2.69000000000e+002,"(181,25)",181,25,-1.29550e+001,0,0,0.00000000000e+000,0,1.92000000000e-001,1.00000000000e-003,6.662704,,6.662704,0,,181-25,1.31470000000,181,25,181-25,13.14700000000,10,10,
112,7/12/2013,43.28170000000,-77.44000000000,,,0.00000000000,0.00000000000,717,25.00000000000,,,9465,2.69000000000e+002,"(181,25)",181,25,-1.29550e+001,0,0,0.00000000000e+000,0,1.92000000000e-001,1.00000000000e-003,6.662704,,6.662704,0,,181-25,1.31470000000,181,25,181-25,13.14700000000,10,1,
113,7/12/2013,43.28170000000,-77.44000000000,,,0.00000000000,3.68000000000,717,25.00000000000,,,9465,2.69000000000e+002,"(181,25)",181,25,-1.29550e+001,0,0,0.00000000000e+000,0,1.92000000000e-001,1.00000000000e-003,6.662704,,6.662704,0,,181-25,1.31470000000,181,25,181-25,13.14700000000,10,1,
184,7/21/2013,43.28170000000,-77.44000000000,,,5.00000000000,4.08600000000,717,25.00000000000,,,9465,2.69000000000e+002,"(181,25)",181,25,-1.29550e+001,0,0,0.00000000000e+000,0,1.92000000000e-001,1.00000000000e-003,6.662704,,6.662704,0,,181-25,1.31470000000,181,25,181-25,13.14700000000,10,4,
185,7/21/2013,43.28170000000,-77.44000000000,,,32.00000000000,4.86100000000,717,25.00000000000,,,9465,2.69000000000e+002,"(181,25)",181,25,-1.29550e+001,0,0,0.00000000000e+000,0,1.92000000000e-001,1.00000000000e-003,6.662704,,6.662704,0,,181-25,1.31470000000,181,25,181-25,13.14700000000,10,10,
133,7/19/2013,43.36000000000,-78.73000000000,,,22.00000000000,2.95400000000,35,37.00000000000,,,3540,4.10800000000e+003,"(96,67)",96,67,-3.01325e+001,0,0,0.00000000000e+000,0,1.92000000000e-001,1.00000000000e-003,5.823115,,5.823115,0,,96-67,3.03240000000,96,67,96-67,30.32400000000,10,8,
134,7/19/2013,43.36000000000,-78.73000000000,,,5.00000000000,7.42600000000,35,37.00000000000,,,3540,4.10800000000e+003,"(96,67)",96,67,-3.01325e+001,0,0,0.00000000000e+000,0,1.92000000000e-001,1.00000000000e-003,5.823115,,5.823115,0,,96-67,3.03240000000,96,67,96-67,30.32400000000,10,2,
135,7/19/2013,43.36000000000,-78.73000000000,,,5.00000000000,0.00000000000,35,37.00000000000,,,3540,4.10800000000e+003,"(96,67)",96,67,-3.01325e+001,0,0,0.00000000000e+000,0,1.92000000000e-001,1.00000000000e-003,5.823115,,5.823115,0,,96-67,3.03240000000,96,67,96-67,30.32400000000,10,2,
136,7/19/2013,43.36000000000,-78.73000000000,,,17.00000000000,3.13600000000,35,37.00000000000,,,3540,4.10800000000e+003,"(96,67)",96,67,-3.01325e+001,0,0,0.00000000000e+000,0,1.92000000000e-001,1.00000000000e-003,5.823115,,5.823115,0,,96-67,3.03240000000,96,67,96-67,30.32400000000,10,6,
215,9/10/2013,43.36000000000,-78.73000000000,,,5.00000000000,7.53300000000,35,37.00000000000,,,3540,4.10800000000e+003,"(96,67)",96,67,-3.01325e+001,0,0,0.00000000000e+000,0,1.92000000000e-001,1.00000000000e-003,5.823115,,5.823115,0,,96-67,3.03240000000,96,67,96-67,30.32400000000,10,2,
216,9/10/2013,43.36000000000,-78.73000000000,,,15.00000000000,6.29800000000,35,37.00000000000,,,3540,4.10800000000e+003,"(96,67)",96,67,-3.01325e+001,0,0,0.00000000000e+000,0,1.92000000000e-001,1.00000000000e-003,5.823115,,5.823115,0,,96-67,3.03240000000,96,67,96-67,30.32400000000,10,5,
217,9/10/2013,43.36000000000,-78.73000000000,,,24.00000000000,4.69200000000,35,37.00000000000,,,3540,4.10800000000e+003,"(96,67)",96,67,-3.01325e+001,0,0,0.00000000000e+000,0,1.92000000000e-001,1.00000000000e-003,5.823115,,5.823115,0,,96-67,3.03240000000,96,67,96-67,30.32400000000,10,8,
109,7/12/2013,43.31400000000,-76.99900000000,,,0.00000000000,8.04700000000,95,0.00000000000,,,11478,4.04400000000e+003,"(206,66)",206,66,-3.92941e+001,0,0,0.00000000000e+000,0,1.92000000000e-001,1.00000000000e-003,5.188133,,5.188133,0,,206-66,3.94860000000,206,66,206-66,39.48600000000,10,1,
110,7/12/2013,43.31400000000,-76.99900000000,,,0.00000000000,9.52000000000,95,0.00000000000,,,11478,4.04400000000e+003,"(206,66)",206,66,-3.92941e+001,0,0,0.00000000000e+000,0,1.92000000000e-001,1.00000000000e-003,5.188133,,5.188133,0,,206-66,3.94860000000,206,66,206-66,39.48600000000,10,1,
111,7/12/2013,43.31400000000,-76.99900000000,,,0.00000000000,5.62300000000,95,0.00000000000,,,11478,4.04400000000e+003,"(206,66)",206,66,-3.92941e+001,0,0,0.00000000000e+000,0,1.92000000000e-001,1.00000000000e-003,5.188133,,5.188133,0,,206-66,3.94860000000,206,66,206-66,39.48600000000,10,1,
59,5/23/2013,43.33000000000,-77.44000000000,,,97.00000000000,4.90700000000,58,0.00000000000,,,9499,2.81900000000e+003,"(181,59)",181,59,-8.94659e+001,0,0,0.00000000000e+000,0,1.92000000000e-001,1.00000000000e-003,4.924602,,4.924602,0,,181-59,8.96580000000,181,59,181-59,89.65800000000,10,10,
60,5/23/2013,43.33000000000,-77.44000000000,,,5.00000000000,5.91200000000,58,0.00000000000,,,9499,2.81900000000e+003,"(181,59)",181,59,-8.94659e+001,0,0,0.00000000000e+000,0,1.92000000000e-001,1.00000000000e-003,4.924602,,4.924602,0,,181-59,8.96580000000,181,59,181-59,89.65800000000,10,1,
61,5/23/2013,43.33000000000,-77.44000000000,,,80.00000000000,5.87400000000,58,0.00000000000,,,9499,2.81900000000e+003,"(181,59)",181,59,-8.94659e+001,0,0,0.00000000000e+000,0,1.92000000000e-001,1.00000000000e-003,4.924602,,4.924602,0,,181-59,8.96580000000,181,59,181-59,89.65800000000,10,9,
62,5/23/2013,43.33000000000,-77.44000000000,,,20.00000000000,5.69700000000,58,0.00000000000,,,9499,2.81900000000e+003,"(181,59)",181,59,-8.94659e+001,0,0,0.00000000000e+000,0,1.92000000000e-001,1.00000000000e-003,4.924602,,4.924602,0,,181-59,8.96580000000,181,59,181-59,89.65800000000,10,3,
165,7/21/2013,43.33000000000,-77.44000000000,,,5.00000000000,3.44400000000,58,0.00000000000,,,9499,2.81900000000e+003,"(181,59)",181,59,-8.94659e+001,0,0,0.00000000000e+000,0,1.92000000000e-001,1.00000000000e-003,4.924602,,4.924602,0,,181-59,8.96580000000,181,59,181-59,89.65800000000,10,1,
166,7/21/2013,43.33000000000,-77.44000000000,,,100.00000000000,5.35800000000,58,0.00000000000,,,9499,2.81900000000e+003,"(181,59)",181,59,-8.94659e+001,0,0,0.00000000000e+000,0,1.92000000000e-001,1.00000000000e-003,4.924602,,4.924602,0,,181-59,8.96580000000,181,59,181-59,89.65800000000,10,10,
167,7/21/2013,43.33000000000,-77.44000000000,,,27.00000000000,4.82400000000,58,0.00000000000,,,9499,2.81900000000e+003,"(181,59)",181,59,-8.94659e+001,0,0,0.00000000000e+000,0,1.92000000000e-001,1.00000000000e-003,4.924602,,4.924602,0,,181-59,8.96580000000,181,59,181-59,89.65800000000,10,4,
168,7/21/2013,43.33000000000,-77.44000000000,,,159.00000000000,5.28100000000,58,0.00000000000,,,9499,2.81900000000e+003,"(181,59)",181,59,-8.94659e+001,0,0,0.00000000000e+000,0,1.92000000000e-001,1.00000000000e-003,4.924602,,4.924602,0,,181-59,8.96580000000,181,59,181-59,89.65800000000,10,10,
29,5/21/2013,43.38360000000,-79.28530000000,,,5.00000000000,7.41000000000,19,106.30000000000,,,1314,7.17000000000e+003,"(58,83)",58,83,-1.07564e+002,0,0,0.00000000000e+000,0,1.92000000000e-001,1.00000000000e-003,4.780319,,4.780319,0,,58-83,10.77560000000,58,83,58-83,107.75600000000,10,1,
30,5/21/2013,43.38360000000,-79.28530000000,,,60.00000000000,4.98100000000,19,106.30000000000,,,1314,7.17000000000e+003,"(58,83)",58,83,-1.07564e+002,0,0,0.00000000000e+000,0,1.92000000000e-001,1.00000000000e-003,4.780319,,4.780319,0,,58-83,10.77560000000,58,83,58-83,107.75600000000,10,6,
31,5/21/2013,43.38360000000,-79.28530000000,,,25.00000000000,6.02100000000,19,106.30000000000,,,1314,7.17000000000e+003,"(58,83)",58,83,-1.07564e+002,0,0,0.00000000000e+000,0,1.92000000000e-001,1.00000000000e-003,4.780319,,4.780319,0,,58-83,10.77560000000,58,83,58-83,107.75600000000,10,3,
32,5/21/2013,43.38360000000,-79.28530000000,,,104.00000000000,4.98200000000,19,106.30000000000,,,1314,7.17000000000e+003,"(58,83)",58,83,-1.07564e+002,0,0,0.00000000000e+000,0,1.92000000000e-001,1.00000000000e-003,4.780319,,4.780319,0,,58-83,10.77560000000,58,83,58-83,107.75600000000,10,10,
92,7/8/2013,43.38360000000,-79.28530000000,,,0.00000000000,5.24600000000,19,106.30000000000,,,1314,7.17000000000e+003,"(58,83)",58,83,-1.07564e+002,0,0,0.00000000000e+000,0,1.92000000000e-001,1.00000000000e-003,4.780319,,4.780319,0,,58-83,10.77560000000,58,83,58-83,107.75600000000,10,1,
93,7/8/2013,43.38360000000,-79.28530000000,,,0.00000000000,10.88900000000,19,106.30000000000,,,1314,7.17000000000e+003,"(58,83)",58,83,-1.07564e+002,0,0,0.00000000000e+000,0,1.92000000000e-001,1.00000000000e-003,4.780319,,4.780319,0,,58-83,10.77560000000,58,83,58-83,107.75600000000,10,1,
94,7/8/2013,43.38360000000,-79.28530000000,,,0.00000000000,4.83300000000,19,106.30000000000,,,1314,7.17000000000e+003,"(58,83)",58,83,-1.07564e+002,0,0,0.00000000000e+000,0,1.92000000000e-001,1.00000000000e-003,4.780319,,4.780319,0,,58-83,10.77560000000,58,83,58-83,107.75600000000,10,1,
95,7/8/2013,43.38360000000,-79.28530000000,,,0.00000000000,8.20000000000,19,106.30000000000,,,1314,7.17000000000e+003,"(58,83)",58,83,-1.07564e+002,0,0,0.00000000000e+000,0,1.92000000000e-001,1.00000000000e-003,4.780319,,4.780319,0,,58-83,10.77560000000,58,83,58-83,107.75600000000,10,1,
53,5/22/2013,43.33310000000,-76.83920000000,,,14.00000000000,5.00000000000,66,17.60000000000,,,12036,4.93000000000e+003,"(214,71)",214,71,-1.72970e+001,0,0,0.00000000000e+000,0,1.92000000000e-001,1.00000000000e-003,6.900983,,6.900983,0,,214-71,1.74890000000,214,71,214-71,17.48900000000,10,9,
54,5/22/2013,43.33310000000,-76.83920000000,,,5.00000000000,4.27600000000,66,17.60000000000,,,12036,4.93000000000e+003,"(214,71)",214,71,-1.72970e+001,0,0,0.00000000000e+000,0,1.92000000000e-001,1.00000000000e-003,6.900983,,6.900983,0,,214-71,1.74890000000,214,71,214-71,17.48900000000,10,3,
194,7/22/2013,43.33310000000,-76.83920000000,,,5.00000000000,5.35300000000,66,17.60000000000,,,12036,4.93000000000e+003,"(214,71)",214,71,-1.72970e+001,0,0,0.00000000000e+000,0,1.92000000000e-001,1.00000000000e-003,6.900983,,6.900983,0,,214-71,1.74890000000,214,71,214-71,17.48900000000,10,3,
195,7/22/2013,43.33310000000,-76.83920000000,,,11.00000000000,5.34300000000,66,17.60000000000,,,12036,4.93000000000e+003,"(214,71)",214,71,-1.72970e+001,0,0,0.00000000000e+000,0,1.92000000000e-001,1.00000000000e-003,6.900983,,6.900983,0,,214-71,1.74890000000,214,71,214-71,17.48900000000,10,7,
255,9/12/2013,43.33310000000,-76.83920000000,,,5.00000000000,7.12000000000,66,17.60000000000,,,12036,4.93000000000e+003,"(214,71)",214,71,-1.72970e+001,0,0,0.00000000000e+000,0,1.92000000000e-001,1.00000000000e-003,6.900983,,6.900983,0,,214-71,1.74890000000,214,71,214-71,17.48900000000,10,3,
256,9/12/2013,43.33310000000,-76.83920000000,,,15.10000000000,7.50400000000,66,17.60000000000,,,12036,4.93000000000e+003,"(214,71)",214,71,-1.72970e+001,0,0,0.00000000000e+000,0,1.92000000000e-001,1.00000000000e-003,6.900983,,6.900983,0,,214-71,1.74890000000,214,71,214-71,17.48900000000,10,9,
1,5/20/2013,43.38330000000,-77.98940000000,,,17.00000000000,7.44300000000,38,18.80000000000,,,6661,3.12600000000e+003,"(148,61)",148,61,-2.08395e+001,0,0,0.00000000000e+000,0,1.92000000000e-001,1.00000000000e-003,6.405596,,6.405596,0,,148-61,2.10320000000,148,61,148-61,21.03200000000,10,9,
2,5/20/2013,43.38330000000,-77.98940000000,,,5.00000000000,7.00000000000,38,18.80000000000,,,6661,3.12600000000e+003,"(148,61)",148,61,-2.08395e+001,0,0,0.00000000000e+000,0,1.92000000000e-001,1.00000000000e-003,6.405596,,6.405596,0,,148-61,2.10320000000,148,61,148-61,21.03200000000,10,3,
3,5/20/2013,43.38330000000,-77.98940000000,,,12.00000000000,5.40000000000,38,18.80000000000,,,6661,3.12600000000e+003,"(148,61)",148,61,-2.08395e+001,0,0,0.00000000000e+000,0,1.92000000000e-001,1.00000000000e-003,6.405596,,6.405596,0,,148-61,2.10320000000,148,61,148-61,21.03200000000,10,6,
137,7/20/2013,43.38330000000,-77.98940000000,,,16.00000000000,3.01900000000,38,18.80000000000,,,6661,3.12600000000e+003,"(148,61)",148,61,-2.08395e+001,0,0,0.00000000000e+000,0,1.92000000000e-001,1.00000000000e-003,6.405596,,6.405596,0,,148-61,2.10320000000,148,61,148-61,21.03200000000,10,8,
138,7/20/2013,43.38330000000,-77.98940000000,,,5.00000000000,3.64900000000,38,18.80000000000,,,6661,3.12600000000e+003,"(148,61)",148,61,-2.08395e+001,0,0,0.00000000000e+000,0,1.92000000000e-001,1.00000000000e-003,6.405596,,6.405596,0,,148-61,2.10320000000,148,61,148-61,21.03200000000,10,3,
218,9/11/2013,43.38330000000,-77.98940000000,,,5.00000000000,8.57400000000,38,18.80000000000,,,6661,3.12600000000e+003,"(148,61)",148,61,-2.08395e+001,0,0,0.00000000000e+000,0,1.92000000000e-001,1.00000000000e-003,6.405596,,6.405596,0,,148-61,2.10320000000,148,61,148-61,21.03200000000,10,3,
219,9/11/2013,43.38330000000,-77.98940000000,,,16.00000000000,7.64400000000,38,18.80000000000,,,6661,3.12600000000e+003,"(148,61)",148,61,-2.08395e+001,0,0,0.00000000000e+000,0,1.92000000000e-001,1.00000000000e-003,6.405596,,6.405596,0,,148-61,2.10320000000,148,61,148-61,21.03200000000,10,8,
129,7/19/2013,43.46000000000,-78.76000000000,,,128.00000000000,3.32700000000,34,0.00000000000,,,3612,6.34900000000e+003,"(97,79)",97,79,-1.41000e+002,0,0,0.00000000000e+000,0,1.92000000000e-001,1.00000000000e-003,4.681736,,4.681736,0,,97-79,14.11920000000,97,79,97-79,141.19200000000,10,10,
130,7/19/2013,43.46000000000,-78.76000000000,,,5.00000000000,2.44600000000,34,0.00000000000,,,3612,6.34900000000e+003,"(97,79)",97,79,-1.41000e+002,0,0,0.00000000000e+000,0,1.92000000000e-001,1.00000000000e-003,4.681736,,4.681736,0,,97-79,14.11920000000,97,79,97-79,141.19200000000,10,1,
131,7/19/2013,43.46000000000,-78.76000000000,,,90.00000000000,1.95800000000,34,0.00000000000,,,3612,6.34900000000e+003,"(97,79)",97,79,-1.41000e+002,0,0,0.00000000000e+000,0,1.92000000000e-001,1.00000000000e-003,4.681736,,4.681736,0,,97-79,14.11920000000,97,79,97-79,141.19200000000,10,7,
132,7/19/2013,43.46000000000,-78.76000000000,,,23.00000000000,3.70100000000,34,0.00000000000,,,3612,6.34900000000e+003,"(97,79)",97,79,-1.41000e+002,0,0,0.00000000000e+000,0,1.92000000000e-001,1.00000000000e-003,4.681736,,4.681736,0,,97-79,14.11920000000,97,79,97-79,141.19200000000,10,2,
211,9/10/2013,43.46000000000,-78.76000000000,,,5.00000000000,6.70200000000,34,0.00000000000,,,3612,6.34900000000e+003,"(97,79)",97,79,-1.41000e+002,0,0,0.00000000000e+000,0,1.92000000000e-001,1.00000000000e-003,4.681736,,4.681736,0,,97-79,14.11920000000,97,79,97-79,141.19200000000,10,1,
212,9/10/2013,43.46000000000,-78.76000000000,,,100.00000000000,4.57200000000,34,0.00000000000,,,3612,6.34900000000e+003,"(97,79)",97,79,-1.41000e+002,0,0,0.00000000000e+000,0,1.92000000000e-001,1.00000000000e-003,4.681736,,4.681736,0,,97-79,14.11920000000,97,79,97-79,141.19200000000,10,8,
213,9/10/2013,43.46000000000,-78.76000000000,,,25.00000000000,6.00400000000,34,0.00000000000,,,3612,6.34900000000e+003,"(97,79)",97,79,-1.41000e+002,0,0,0.00000000000e+000,0,1.92000000000e-001,1.00000000000e-003,4.681736,,4.681736,0,,97-79,14.11920000000,97,79,97-79,141.19200000000,10,2,
214,9/10/2013,43.46000000000,-78.76000000000,,,134.00000000000,5.59800000000,34,0.00000000000,,,3612,6.34900000000e+003,"(97,79)",97,79,-1.41000e+002,0,0,0.00000000000e+000,0,1.92000000000e-001,1.00000000000e-003,4.681736,,4.681736,0,,97-79,14.11920000000,97,79,97-79,141.19200000000,10,10,
49,5/22/2013,43.42330000000,-76.88330000000,,,149.00000000000,6.16600000000,65,146.60000000000,,,11920,6.06100000000e+003,"(212,77)",212,77,-1.42238e+002,0,0,0.00000000000e+000,0,1.92000000000e-001,1.00000000000e-003,5.085376,,5.085376,0,,212-77,14.24300000000,212,77,212-77,142.43000000000,10,10,
50,5/22/2013,43.42330000000,-76.88330000000,,,5.00000000000,5.53500000000,65,146.60000000000,,,11920,6.06100000000e+003,"(212,77)",212,77,-1.42238e+002,0,0,0.00000000000e+000,0,1.92000000000e-001,1.00000000000e-003,5.085376,,5.085376,0,,212-77,14.24300000000,212,77,212-77,142.43000000000,10,1,
51,5/22/2013,43.42330000000,-76.88330000000,,,60.00000000000,4.53900000000,65,146.60000000000,,,11920,6.06100000000e+003,"(212,77)",212,77,-1.42238e+002,0,0,0.00000000000e+000,0,1.92000000000e-001,1.00000000000e-003,5.085376,,5.085376,0,,212-77,14.24300000000,212,77,212-77,142.43000000000,10,5,
52,5/22/2013,43.42330000000,-76.88330000000,,,20.00000000000,5.18300000000,65,146.60000000000,,,11920,6.06100000000e+003,"(212,77)",212,77,-1.42238e+002,0,0,0.00000000000e+000,0,1.92000000000e-001,1.00000000000e-003,5.085376,,5.085376,0,,212-77,14.24300000000,212,77,212-77,142.43000000000,10,2,
190,7/22/2013,43.42330000000,-76.88330000000,,,5.00000000000,7.99100000000,65,146.60000000000,,,11920,6.06100000000e+003,"(212,77)",212,77,-1.42238e+002,0,0,0.00000000000e+000,0,1.92000000000e-001,1.00000000000e-003,5.085376,,5.085376,0,,212-77,14.24300000000,212,77,212-77,142.43000000000,10,1,
191,7/22/2013,43.42330000000,-76.88330000000,,,100.00000000000,4.16200000000,65,146.60000000000,,,11920,6.06100000000e+003,"(212,77)",212,77,-1.42238e+002,0,0,0.00000000000e+000,0,1.92000000000e-001,1.00000000000e-003,5.085376,,5.085376,0,,212-77,14.24300000000,212,77,212-77,142.43000000000,10,8,
192,7/22/2013,43.42330000000,-76.88330000000,,,22.00000000000,6.67100000000,65,146.60000000000,,,11920,6.06100000000e+003,"(212,77)",212,77,-1.42238e+002,0,0,0.00000000000e+000,0,1.92000000000e-001,1.00000000000e-003,5.085376,,5.085376,0,,212-77,14.24300000000,212,77,212-77,142.43000000000,10,2,
193,7/22/2013,43.42330000000,-76.88330000000,,,151.00000000000,6.18300000000,65,146.60000000000,,,11920,6.06100000000e+003,"(212,77)",212,77,-1.42238e+002,0,0,0.00000000000e+000,0,1.92000000000e-001,1.00000000000e-003,5.085376,,5.085376,0,,212-77,14.24300000000,212,77,212-77,142.43000000000,10,10,
251,9/12/2013,43.42330000000,-76.88330000000,,,5.00000000000,6.08200000000,65,146.60000000000,,,11920,6.06100000000e+003,"(212,77)",212,77,-1.42238e+002,0,0,0.00000000000e+000,0,1.92000000000e-001,1.00000000000e-003,5.085376,,5.085376,0,,212-77,14.24300000000,212,77,212-77,142.43000000000,10,1,
252,9/12/2013,43.42330000000,-76.88330000000,,,90.00000000000,5.30500000000,65,146.60000000000,,,11920,6.06100000000e+003,"(212,77)",212,77,-1.42238e+002,0,0,0.00000000000e+000,0,1.92000000000e-001,1.00000000000e-003,5.085376,,5.085376,0,,212-77,14.24300000000,212,77,212-77,142.43000000000,10,7,
253,9/12/2013,43.42330000000,-76.88330000000,,,38.00000000000,3.90200000000,65,146.60000000000,,,11920,6.06100000000e+003,"(212,77)",212,77,-1.42238e+002,0,0,0.00000000000e+000,0,1.92000000000e-001,1.00000000000e-003,5.085376,,5.085376,0,,212-77,14.24300000000,212,77,212-77,142.43000000000,10,3,
254,9/12/2013,43.42330000000,-76.88330000000,,,145.00000000000,7.06100000000,65,146.60000000000,,,11920,6.06100000000e+003,"(212,77)",212,77,-1.42238e+002,0,0,0.00000000000e+000,0,1.92000000000e-001,1.00000000000e-003,5.085376,,5.085376,0,,212-77,14.24300000000,212,77,212-77,142.43000000000,10,10,
55,5/23/2013,43.44310000000,-77.43810000000,,,198.00000000000,6.48900000000,55,192.00000000000,,,9416,6.22900000000e+003,"(180,78)",180,78,-1.95108e+002,0,0,0.00000000000e+000,0,1.92000000000e-001,1.00000000000e-003,4.834577,,4.834577,0,,180-78,19.53000000000,180,78,180-78,195.30000000000,10,10,
56,5/23/2013,43.44310000000,-77.43810000000,,,5.00000000000,10.00000000000,55,192.00000000000,,,9416,6.22900000000e+003,"(180,78)",180,78,-1.95108e+002,0,0,0.00000000000e+000,0,1.92000000000e-001,1.00000000000e-003,4.834577,,4.834577,0,,180-78,19.53000000000,180,78,180-78,195.30000000000,10,1,
57,5/23/2013,43.44310000000,-77.43810000000,,,100.00000000000,6.86200000000,55,192.00000000000,,,9416,6.22900000000e+003,"(180,78)",180,78,-1.95108e+002,0,0,0.00000000000e+000,0,1.92000000000e-001,1.00000000000e-003,4.834577,,4.834577,0,,180-78,19.53000000000,180,78,180-78,195.30000000000,10,6,
58,5/23/2013,43.44310000000,-77.43810000000,,,20.00000000000,6.23600000000,55,192.00000000000,,,9416,6.22900000000e+003,"(180,78)",180,78,-1.95108e+002,0,0,0.00000000000e+000,0,1.92000000000e-001,1.00000000000e-003,4.834577,,4.834577,0,,180-78,19.53000000000,180,78,180-78,195.30000000000,10,2,
161,7/21/2013,43.44310000000,-77.43810000000,,,5.00000000000,5.80000000000,55,192.00000000000,,,9416,6.22900000000e+003,"(180,78)",180,78,-1.95108e+002,0,0,0.00000000000e+000,0,1.92000000000e-001,1.00000000000e-003,4.834577,,4.834577,0,,180-78,19.53000000000,180,78,180-78,195.30000000000,10,1,
162,7/21/2013,43.44310000000,-77.43810000000,,,120.00000000000,3.17400000000,55,192.00000000000,,,9416,6.22900000000e+003,"(180,78)",180,78,-1.95108e+002,0,0,0.00000000000e+000,0,1.92000000000e-001,1.00000000000e-003,4.834577,,4.834577,0,,180-78,19.53000000000,180,78,180-78,195.30000000000,10,7,
163,7/21/2013,43.44310000000,-77.43810000000,,,20.00000000000,6.23400000000,55,192.00000000000,,,9416,6.22900000000e+003,"(180,78)",180,78,-1.95108e+002,0,0,0.00000000000e+000,0,1.92000000000e-001,1.00000000000e-003,4.834577,,4.834577,0,,180-78,19.53000000000,180,78,180-78,195.30000000000,10,2,
164,7/21/2013,43.44310000000,-77.43810000000,,,192.00000000000,4.64700000000,55,192.00000000000,,,9416,6.22900000000e+003,"(180,78)",180,78,-1.95108e+002,0,0,0.00000000000e+000,0,1.92000000000e-001,1.00000000000e-003,4.834577,,4.834577,0,,180-78,19.53000000000,180,78,180-78,195.30000000000,10,10,
261,9/13/2013,43.44310000000,-77.43810000000,,,5.00000000000,5.83500000000,55,192.00000000000,,,9416,6.22900000000e+003,"(180,78)",180,78,-1.95108e+002,0,0,0.00000000000e+000,0,1.92000000000e-001,1.00000000000e-003,4.834577,,4.834577,0,,180-78,19.53000000000,180,78,180-78,195.30000000000,10,1,
262,9/13/2013,43.44310000000,-77.43810000000,,,115.00000000000,3.64200000000,55,192.00000000000,,,9416,6.22900000000e+003,"(180,78)",180,78,-1.95108e+002,0,0,0.00000000000e+000,0,1.92000000000e-001,1.00000000000e-003,4.834577,,4.834577,0,,180-78,19.53000000000,180,78,180-78,195.30000000000,10,6,
263,9/13/2013,43.44310000000,-77.43810000000,,,40.00000000000,3.66900000000,55,192.00000000000,,,9416,6.22900000000e+003,"(180,78)",180,78,-1.95108e+002,0,0,0.00000000000e+000,0,1.92000000000e-001,1.00000000000e-003,4.834577,,4.834577,0,,180-78,19.53000000000,180,78,180-78,195.30000000000,10,3,
264,9/13/2013,43.44310000000,-77.43810000000,,,184.00000000000,5.50700000000,55,192.00000000000,,,9416,6.22900000000e+003,"(180,78)",180,78,-1.95108e+002,0,0,0.00000000000e+000,0,1.92000000000e-001,1.00000000000e-003,4.834577,,4.834577,0,,180-78,19.53000000000,180,78,180-78,195.30000000000,10,10,
19,5/21/2013,43.50330000000,-79.35310000000,,,5.00000000000,6.35600000000,12,104.80000000000,,,1325,9.70400000000e+003,"(58,94)",58,94,-1.06672e+002,0,0,0.00000000000e+000,0,1.92000000000e-001,1.00000000000e-003,4.823403,,4.823403,0,,58-94,10.68640000000,58,94,58-94,106.86400000000,10,1,
20,5/21/2013,43.50330000000,-79.35310000000,,,70.00000000000,5.13900000000,12,104.80000000000,,,1325,9.70400000000e+003,"(58,94)",58,94,-1.06672e+002,0,0,0.00000000000e+000,0,1.92000000000e-001,1.00000000000e-003,4.823403,,4.823403,0,,58-94,10.68640000000,58,94,58-94,106.86400000000,10,7,
21,5/21/2013,43.50330000000,-79.35310000000,,,35.00000000000,6.23400000000,12,104.80000000000,,,1325,9.70400000000e+003,"(58,94)",58,94,-1.06672e+002,0,0,0.00000000000e+000,0,1.92000000000e-001,1.00000000000e-003,4.823403,,4.823403,0,,58-94,10.68640000000,58,94,58-94,106.86400000000,10,4,
22,5/21/2013,43.50330000000,-79.35310000000,,,106.00000000000,5.13200000000,12,104.80000000000,,,1325,9.70400000000e+003,"(58,94)",58,94,-1.06672e+002,0,0,0.00000000000e+000,0,1.92000000000e-001,1.00000000000e-003,4.823403,,4.823403,0,,58-94,10.68640000000,58,94,58-94,106.86400000000,10,10,
82,7/8/2013,43.50330000000,-79.35310000000,,,0.00000000000,6.98400000000,12,104.80000000000,,,1325,9.70400000000e+003,"(58,94)",58,94,-1.06672e+002,0,0,0.00000000000e+000,0,1.92000000000e-001,1.00000000000e-003,4.823403,,4.823403,0,,58-94,10.68640000000,58,94,58-94,106.86400000000,10,1,
83,7/8/2013,43.50330000000,-79.35310000000,,,0.00000000000,17.80000000000,12,104.80000000000,,,1325,9.70400000000e+003,"(58,94)",58,94,-1.06672e+002,0,0,0.00000000000e+000,0,1.92000000000e-001,1.00000000000e-003,4.823403,,4.823403,0,,58-94,10.68640000000,58,94,58-94,106.86400000000,10,1,
84,7/8/2013,43.50330000000,-79.35310000000,,,0.00000000000,6.40000000000,12,104.80000000000,,,1325,9.70400000000e+003,"(58,94)",58,94,-1.06672e+002,0,0,0.00000000000e+000,0,1.92000000000e-001,1.00000000000e-003,4.823403,,4.823403,0,,58-94,10.68640000000,58,94,58-94,106.86400000000,10,1,
85,7/8/2013,43.50330000000,-79.35310000000,,,0.00000000000,8.51500000000,12,104.80000000000,,,1325,9.70400000000e+003,"(58,94)",58,94,-1.06672e+002,0,0,0.00000000000e+000,0,1.92000000000e-001,1.00000000000e-003,4.823403,,4.823403,0,,58-94,10.68640000000,58,94,58-94,106.86400000000,10,1,
4,5/20/2013,43.48670000000,-78.00000000000,,,153.00000000000,5.54500000000,39,154.80000000000,,,6616,6.19600000000e+003,"(147,78)",147,78,-1.60676e+002,0,0,0.00000000000e+000,0,1.92000000000e-001,1.00000000000e-003,4.599446,,4.599446,0,,147-78,16.08680000000,147,78,147-78,160.86800000000,10,10,
5,5/20/2013,43.48670000000,-78.00000000000,,,5.00000000000,8.73800000000,39,154.80000000000,,,6616,6.19600000000e+003,"(147,78)",147,78,-1.60676e+002,0,0,0.00000000000e+000,0,1.92000000000e-001,1.00000000000e-003,4.599446,,4.599446,0,,147-78,16.08680000000,147,78,147-78,160.86800000000,10,1,
6,5/20/2013,43.48670000000,-78.00000000000,,,80.00000000000,5.68900000000,39,154.80000000000,,,6616,6.19600000000e+003,"(147,78)",147,78,-1.60676e+002,0,0,0.00000000000e+000,0,1.92000000000e-001,1.00000000000e-003,4.599446,,4.599446,0,,147-78,16.08680000000,147,78,147-78,160.86800000000,10,5,
7,5/20/2013,43.48670000000,-78.00000000000,,,30.00000000000,7.19500000000,39,154.80000000000,,,6616,6.19600000000e+003,"(147,78)",147,78,-1.60676e+002,0,0,0.00000000000e+000,0,1.92000000000e-001,1.00000000000e-003,4.599446,,4.599446,0,,147-78,16.08680000000,147,78,147-78,160.86800000000,10,2,
139,7/20/2013,43.48670000000,-78.00000000000,,,5.00000000000,4.13200000000,39,154.80000000000,,,6616,6.19600000000e+003,"(147,78)",147,78,-1.60676e+002,0,0,0.00000000000e+000,0,1.92000000000e-001,1.00000000000e-003,4.599446,,4.599446,0,,147-78,16.08680000000,147,78,147-78,160.86800000000,10,1,
140,7/20/2013,43.48670000000,-78.00000000000,,,90.00000000000,3.19100000000,39,154.80000000000,,,6616,6.19600000000e+003,"(147,78)",147,78,-1.60676e+002,0,0,0.00000000000e+000,0,1.92000000000e-001,1.00000000000e-003,4.599446,,4.599446,0,,147-78,16.08680000000,147,78,147-78,160.86800000000,10,6,
141,7/20/2013,43.48670000000,-78.00000000000,,,20.00000000000,4.03000000000,39,154.80000000000,,,6616,6.19600000000e+003,"(147,78)",147,78,-1.60676e+002,0,0,0.00000000000e+000,0,1.92000000000e-001,1.00000000000e-003,4.599446,,4.599446,0,,147-78,16.08680000000,147,78,147-78,160.86800000000,10,2,
142,7/20/2013,43.48670000000,-78.00000000000,,,144.00000000000,3.60000000000,39,154.80000000000,,,6616,6.19600000000e+003,"(147,78)",147,78,-1.60676e+002,0,0,0.00000000000e+000,0,1.92000000000e-001,1.00000000000e-003,4.599446,,4.599446,0,,147-78,16.08680000000,147,78,147-78,160.86800000000,10,9,
220,9/11/2013,43.48670000000,-78.00000000000,,,5.00000000000,5.87000000000,39,154.80000000000,,,6616,6.19600000000e+003,"(147,78)",147,78,-1.60676e+002,0,0,0.00000000000e+000,0,1.92000000000e-001,1.00000000000e-003,4.599446,,4.599446,0,,147-78,16.08680000000,147,78,147-78,160.86800000000,10,1,
221,9/11/2013,43.48670000000,-78.00000000000,,,90.00000000000,4.03900000000,39,154.80000000000,,,6616,6.19600000000e+003,"(147,78)",147,78,-1.60676e+002,0,0,0.00000000000e+000,0,1.92000000000e-001,1.00000000000e-003,4.599446,,4.599446,0,,147-78,16.08680000000,147,78,147-78,160.86800000000,10,6,
222,9/11/2013,43.48670000000,-78.00000000000,,,30.00000000000,4.30200000000,39,154.80000000000,,,6616,6.19600000000e+003,"(147,78)",147,78,-1.60676e+002,0,0,0.00000000000e+000,0,1.92000000000e-001,1.00000000000e-003,4.599446,,4.599446,0,,147-78,16.08680000000,147,78,147-78,160.86800000000,10,2,
223,9/11/2013,43.48670000000,-78.00000000000,,,146.00000000000,5.52800000000,39,154.80000000000,,,6616,6.19600000000e+003,"(147,78)",147,78,-1.60676e+002,0,0,0.00000000000e+000,0,1.92000000000e-001,1.00000000000e-003,4.599446,,4.599446,0,,147-78,16.08680000000,147,78,147-78,160.86800000000,10,10,
104,7/11/2013,43.47720000000,-76.52690000000,,,0.00000000000,5.07800000000,71,11.60000000000,,,12896,6.68900000000e+003,"(230,80)",230,80,-1.74092e+001,0,0,0.00000000000e+000,0,1.92000000000e-001,1.00000000000e-003,6.272336,,6.272336,0,,230-80,1.76010000000,230,80,230-80,17.60100000000,10,1,
45,5/22/2013,43.52500000000,-76.92750000000,,,219.00000000000,5.20000000000,64,213.10000000000,,,11861,7.78200000000e+003,"(211,85)",211,85,-2.15442e+002,0,0,0.00000000000e+000,0,1.92000000000e-001,1.00000000000e-003,4.607127,,4.607127,0,,211-85,21.56340000000,211,85,211-85,215.63400000000,10,10,
46,5/22/2013,43.52500000000,-76.92750000000,,,5.00000000000,4.31900000000,64,213.10000000000,,,11861,7.78200000000e+003,"(211,85)",211,85,-2.15442e+002,0,0,0.00000000000e+000,0,1.92000000000e-001,1.00000000000e-003,4.607127,,4.607127,0,,211-85,21.56340000000,211,85,211-85,215.63400000000,10,1,
47,5/22/2013,43.52500000000,-76.92750000000,,,80.00000000000,5.24300000000,64,213.10000000000,,,11861,7.78200000000e+003,"(211,85)",211,85,-2.15442e+002,0,0,0.00000000000e+000,0,1.92000000000e-001,1.00000000000e-003,4.607127,,4.607127,0,,211-85,21.56340000000,211,85,211-85,215.63400000000,10,4,
48,5/22/2013,43.52500000000,-76.92750000000,,,25.00000000000,5.33500000000,64,213.10000000000,,,11861,7.78200000000e+003,"(211,85)",211,85,-2.15442e+002,0,0,0.00000000000e+000,0,1.92000000000e-001,1.00000000000e-003,4.607127,,4.607127,0,,211-85,21.56340000000,211,85,211-85,215.63400000000,10,2,
186,7/22/2013,43.52500000000,-76.92750000000,,,5.00000000000,9.71300000000,64,213.10000000000,,,11861,7.78200000000e+003,"(211,85)",211,85,-2.15442e+002,0,0,0.00000000000e+000,0,1.92000000000e-001,1.00000000000e-003,4.607127,,4.607127,0,,211-85,21.56340000000,211,85,211-85,215.63400000000,10,1,
187,7/22/2013,43.52500000000,-76.92750000000,,,100.00000000000,4.67100000000,64,213.10000000000,,,11861,7.78200000000e+003,"(211,85)",211,85,-2.15442e+002,0,0,0.00000000000e+000,0,1.92000000000e-001,1.00000000000e-003,4.607127,,4.607127,0,,211-85,21.56340000000,211,85,211-85,215.63400000000,10,5,
188,7/22/2013,43.52500000000,-76.92750000000,,,21.00000000000,9.84300000000,64,213.10000000000,,,11861,7.78200000000e+003,"(211,85)",211,85,-2.15442e+002,0,0,0.00000000000e+000,0,1.92000000000e-001,1.00000000000e-003,4.607127,,4.607127,0,,211-85,21.56340000000,211,85,211-85,215.63400000000,10,1,
189,7/22/2013,43.52500000000,-76.92750000000,,,209.00000000000,4.94700000000,64,213.10000000000,,,11861,7.78200000000e+003,"(211,85)",211,85,-2.15442e+002,0,0,0.00000000000e+000,0,1.92000000000e-001,1.00000000000e-003,4.607127,,4.607127,0,,211-85,21.56340000000,211,85,211-85,215.63400000000,10,10,
247,9/12/2013,43.52500000000,-76.92750000000,,,5.00000000000,5.15900000000,64,213.10000000000,,,11861,7.78200000000e+003,"(211,85)",211,85,-2.15442e+002,0,0,0.00000000000e+000,0,1.92000000000e-001,1.00000000000e-003,4.607127,,4.607127,0,,211-85,21.56340000000,211,85,211-85,215.63400000000,10,1,
248,9/12/2013,43.52500000000,-76.92750000000,,,110.00000000000,4.13200000000,64,213.10000000000,,,11861,7.78200000000e+003,"(211,85)",211,85,-2.15442e+002,0,0,0.00000000000e+000,0,1.92000000000e-001,1.00000000000e-003,4.607127,,4.607127,0,,211-85,21.56340000000,211,85,211-85,215.63400000000,10,6,
249,9/12/2013,43.52500000000,-76.92750000000,,,38.00000000000,5.26800000000,64,213.10000000000,,,11861,7.78200000000e+003,"(211,85)",211,85,-2.15442e+002,0,0,0.00000000000e+000,0,1.92000000000e-001,1.00000000000e-003,4.607127,,4.607127,0,,211-85,21.56340000000,211,85,211-85,215.63400000000,10,2,
250,9/12/2013,43.52500000000,-76.92750000000,,,208.00000000000,5.23400000000,64,213.10000000000,,,11861,7.78200000000e+003,"(211,85)",211,85,-2.15442e+002,0,0,0.00000000000e+000,0,1.92000000000e-001,1.00000000000e-003,4.607127,,4.607127,0,,211-85,21.56340000000,211,85,211-85,215.63400000000,10,10,
15,5/21/2013,43.58670000000,-79.39440000000,,,5.00000000000,7.07900000000,9,60.30000000000,,,1332,1.11920000000e+004,"(58,101)",58,101,-6.03499e+001,0,0,0.00000000000e+000,0,1.92000000000e-001,1.00000000000e-003,5.952535,,5.952535,0,,58-101,6.05420000000,58,101,58-101,60.54200000000,10,1,
16,5/21/2013,43.58670000000,-79.39440000000,,,45.00000000000,5.77900000000,9,60.30000000000,,,1332,1.11920000000e+004,"(58,101)",58,101,-6.03499e+001,0,0,0.00000000000e+000,0,1.92000000000e-001,1.00000000000e-003,5.952535,,5.952535,0,,58-101,6.05420000000,58,101,58-101,60.54200000000,10,8,
17,5/21/2013,43.58670000000,-79.39440000000,,,20.00000000000,6.60000000000,9,60.30000000000,,,1332,1.11920000000e+004,"(58,101)",58,101,-6.03499e+001,0,0,0.00000000000e+000,0,1.92000000000e-001,1.00000000000e-003,5.952535,,5.952535,0,,58-101,6.05420000000,58,101,58-101,60.54200000000,10,4,
18,5/21/2013,43.58670000000,-79.39440000000,,,57.00000000000,5.77700000000,9,60.30000000000,,,1332,1.11920000000e+004,"(58,101)",58,101,-6.03499e+001,0,0,0.00000000000e+000,0,1.92000000000e-001,1.00000000000e-003,5.952535,,5.952535,0,,58-101,6.05420000000,58,101,58-101,60.54200000000,10,10,
78,7/8/2013,43.58670000000,-79.39440000000,,,0.00000000000,7.21500000000,9,60.30000000000,,,1332,1.11920000000e+004,"(58,101)",58,101,-6.03499e+001,0,0,0.00000000000e+000,0,1.92000000000e-001,1.00000000000e-003,5.952535,,5.952535,0,,58-101,6.05420000000,58,101,58-101,60.54200000000,10,1,
79,7/8/2013,43.58670000000,-79.39440000000,,,0.00000000000,8.09300000000,9,60.30000000000,,,1332,1.11920000000e+004,"(58,101)",58,101,-6.03499e+001,0,0,0.00000000000e+000,0,1.92000000000e-001,1.00000000000e-003,5.952535,,5.952535,0,,58-101,6.05420000000,58,101,58-101,60.54200000000,10,1,
80,7/8/2013,43.58670000000,-79.39440000000,,,0.00000000000,4.31900000000,9,60.30000000000,,,1332,1.11920000000e+004,"(58,101)",58,101,-6.03499e+001,0,0,0.00000000000e+000,0,1.92000000000e-001,1.00000000000e-003,5.952535,,5.952535,0,,58-101,6.05420000000,58,101,58-101,60.54200000000,10,1,
81,7/8/2013,43.58670000000,-79.39440000000,,,0.00000000000,11.08300000000,9,60.30000000000,,,1332,1.11920000000e+004,"(58,101)",58,101,-6.03499e+001,0,0,0.00000000000e+000,0,1.92000000000e-001,1.00000000000e-003,5.952535,,5.952535,0,,58-101,6.05420000000,58,101,58-101,60.54200000000,10,1,
41,5/22/2013,43.59640000000,-78.80080000000,,,135.00000000000,4.57100000000,33,138.10000000000,,,3623,8.83500000000e+003,"(97,90)",97,90,-1.38455e+002,0,0,0.00000000000e+000,0,1.92000000000e-001,1.00000000000e-003,4.813006,,4.813006,0,,97-90,13.86470000000,97,90,97-90,138.64700000000,10,10,
42,5/22/2013,43.59640000000,-78.80080000000,,,5.00000000000,9.14600000000,33,138.10000000000,,,3623,8.83500000000e+003,"(97,90)",97,90,-1.38455e+002,0,0,0.00000000000e+000,0,1.92000000000e-001,1.00000000000e-003,4.813006,,4.813006,0,,97-90,13.86470000000,97,90,97-90,138.64700000000,10,1,
43,5/22/2013,43.59640000000,-78.80080000000,,,70.00000000000,5.61000000000,33,138.10000000000,,,3623,8.83500000000e+003,"(97,90)",97,90,-1.38455e+002,0,0,0.00000000000e+000,0,1.92000000000e-001,1.00000000000e-003,4.813006,,4.813006,0,,97-90,13.86470000000,97,90,97-90,138.64700000000,10,6,
44,5/22/2013,43.59640000000,-78.80080000000,,,25.00000000000,11.61100000000,33,138.10000000000,,,3623,8.83500000000e+003,"(97,90)",97,90,-1.38455e+002,0,0,0.00000000000e+000,0,1.92000000000e-001,1.00000000000e-003,4.813006,,4.813006,0,,97-90,13.86470000000,97,90,97-90,138.64700000000,10,2,
125,7/19/2013,43.59640000000,-78.80080000000,,,135.00000000000,2.87900000000,33,138.10000000000,,,3623,8.83500000000e+003,"(97,90)",97,90,-1.38455e+002,0,0,0.00000000000e+000,0,1.92000000000e-001,1.00000000000e-003,4.813006,,4.813006,0,,97-90,13.86470000000,97,90,97-90,138.64700000000,10,10,
126,7/19/2013,43.59640000000,-78.80080000000,,,5.00000000000,5.16300000000,33,138.10000000000,,,3623,8.83500000000e+003,"(97,90)",97,90,-1.38455e+002,0,0,0.00000000000e+000,0,1.92000000000e-001,1.00000000000e-003,4.813006,,4.813006,0,,97-90,13.86470000000,97,90,97-90,138.64700000000,10,1,
127,7/19/2013,43.59640000000,-78.80080000000,,,90.00000000000,1.55600000000,33,138.10000000000,,,3623,8.83500000000e+003,"(97,90)",97,90,-1.38455e+002,0,0,0.00000000000e+000,0,1.92000000000e-001,1.00000000000e-003,4.813006,,4.813006,0,,97-90,13.86470000000,97,90,97-90,138.64700000000,10,7,
128,7/19/2013,43.59640000000,-78.80080000000,,,20.00000000000,4.16000000000,33,138.10000000000,,,3623,8.83500000000e+003,"(97,90)",97,90,-1.38455e+002,0,0,0.00000000000e+000,0,1.92000000000e-001,1.00000000000e-003,4.813006,,4.813006,0,,97-90,13.86470000000,97,90,97-90,138.64700000000,10,2,
207,9/10/2013,43.59640000000,-78.80080000000,,,5.00000000000,6.51100000000,33,138.10000000000,,,3623,8.83500000000e+003,"(97,90)",97,90,-1.38455e+002,0,0,0.00000000000e+000,0,1.92000000000e-001,1.00000000000e-003,4.813006,,4.813006,0,,97-90,13.86470000000,97,90,97-90,138.64700000000,10,1,
208,9/10/2013,43.59640000000,-78.80080000000,,,86.00000000000,3.03200000000,33,138.10000000000,,,3623,8.83500000000e+003,"(97,90)",97,90,-1.38455e+002,0,0,0.00000000000e+000,0,1.92000000000e-001,1.00000000000e-003,4.813006,,4.813006,0,,97-90,13.86470000000,97,90,97-90,138.64700000000,10,7,
209,9/10/2013,43.59640000000,-78.80080000000,,,26.00000000000,4.27800000000,33,138.10000000000,,,3623,8.83500000000e+003,"(97,90)",97,90,-1.38455e+002,0,0,0.00000000000e+000,0,1.92000000000e-001,1.00000000000e-003,4.813006,,4.813006,0,,97-90,13.86470000000,97,90,97-90,138.64700000000,10,2,
210,9/10/2013,43.59640000000,-78.80080000000,,,135.00000000000,4.24300000000,33,138.10000000000,,,3623,8.83500000000e+003,"(97,90)",97,90,-1.38455e+002,0,0,0.00000000000e+000,0,1.92000000000e-001,1.00000000000e-003,4.813006,,4.813006,0,,97-90,13.86470000000,97,90,97-90,138.64700000000,10,10,
8,5/20/2013,43.59030000000,-78.01080000000,,,188.00000000000,5.44200000000,40,182.70000000000,,,6564,7.71700000000e+003,"(146,85)",146,85,-1.83992e+002,0,0,0.00000000000e+000,0,1.92000000000e-001,1.00000000000e-003,4.695895,,4.695895,0,,146-85,18.41840000000,146,85,146-85,184.18400000000,10,10,
9,5/20/2013,43.59030000000,-78.01080000000,,,5.00000000000,7.80700000000,40,182.70000000000,,,6564,7.71700000000e+003,"(146,85)",146,85,-1.83992e+002,0,0,0.00000000000e+000,0,1.92000000000e-001,1.00000000000e-003,4.695895,,4.695895,0,,146-85,18.41840000000,146,85,146-85,184.18400000000,10,1,
10,5/20/2013,43.59030000000,-78.01080000000,,,90.00000000000,6.11900000000,40,182.70000000000,,,6564,7.71700000000e+003,"(146,85)",146,85,-1.83992e+002,0,0,0.00000000000e+000,0,1.92000000000e-001,1.00000000000e-003,4.695895,,4.695895,0,,146-85,18.41840000000,146,85,146-85,184.18400000000,10,5,
11,5/20/2013,43.59030000000,-78.01080000000,,,25.00000000000,8.33200000000,40,182.70000000000,,,6564,7.71700000000e+003,"(146,85)",146,85,-1.83992e+002,0,0,0.00000000000e+000,0,1.92000000000e-001,1.00000000000e-003,4.695895,,4.695895,0,,146-85,18.41840000000,146,85,146-85,184.18400000000,10,2,
143,7/20/2013,43.59030000000,-78.01080000000,,,5.00000000000,2.08600000000,40,182.70000000000,,,6564,7.71700000000e+003,"(146,85)",146,85,-1.83992e+002,0,0,0.00000000000e+000,0,1.92000000000e-001,1.00000000000e-003,4.695895,,4.695895,0,,146-85,18.41840000000,146,85,146-85,184.18400000000,10,1,
144,7/20/2013,43.59030000000,-78.01080000000,,,120.00000000000,1.79100000000,40,182.70000000000,,,6564,7.71700000000e+003,"(146,85)",146,85,-1.83992e+002,0,0,0.00000000000e+000,0,1.92000000000e-001,1.00000000000e-003,4.695895,,4.695895,0,,146-85,18.41840000000,146,85,146-85,184.18400000000,10,7,
145,7/20/2013,43.59030000000,-78.01080000000,,,21.00000000000,4.27800000000,40,182.70000000000,,,6564,7.71700000000e+003,"(146,85)",146,85,-1.83992e+002,0,0,0.00000000000e+000,0,1.92000000000e-001,1.00000000000e-003,4.695895,,4.695895,0,,146-85,18.41840000000,146,85,146-85,184.18400000000,10,2,
146,7/20/2013,43.59030000000,-78.01080000000,,,129.00000000000,4.40000000000,40,182.70000000000,,,6564,7.71700000000e+003,"(146,85)",146,85,-1.83992e+002,0,0,0.00000000000e+000,0,1.92000000000e-001,1.00000000000e-003,4.695895,,4.695895,0,,146-85,18.41840000000,146,85,146-85,184.18400000000,10,8,
224,9/11/2013,43.59030000000,-78.01080000000,,,5.00000000000,4.98000000000,40,182.70000000000,,,6564,7.71700000000e+003,"(146,85)",146,85,-1.83992e+002,0,0,0.00000000000e+000,0,1.92000000000e-001,1.00000000000e-003,4.695895,,4.695895,0,,146-85,18.41840000000,146,85,146-85,184.18400000000,10,1,
225,9/11/2013,43.59030000000,-78.01080000000,,,104.00000000000,3.35800000000,40,182.70000000000,,,6564,7.71700000000e+003,"(146,85)",146,85,-1.83992e+002,0,0,0.00000000000e+000,0,1.92000000000e-001,1.00000000000e-003,4.695895,,4.695895,0,,146-85,18.41840000000,146,85,146-85,184.18400000000,10,6,
226,9/11/2013,43.59030000000,-78.01080000000,,,29.00000000000,3.01900000000,40,182.70000000000,,,6564,7.71700000000e+003,"(146,85)",146,85,-1.83992e+002,0,0,0.00000000000e+000,0,1.92000000000e-001,1.00000000000e-003,4.695895,,4.695895,0,,146-85,18.41840000000,146,85,146-85,184.18400000000,10,2,
227,9/11/2013,43.59030000000,-78.01080000000,,,180.00000000000,5.27600000000,40,182.70000000000,,,6564,7.71700000000e+003,"(146,85)",146,85,-1.83992e+002,0,0,0.00000000000e+000,0,1.92000000000e-001,1.00000000000e-003,4.695895,,4.695895,0,,146-85,18.41840000000,146,85,146-85,184.18400000000,10,10,
12,5/21/2013,43.62310000000,-79.45280000000,,,5.00000000000,7.74700000000,8,15.60000000000,,,1220,1.19820000000e+004,"(56,105)",56,105,-1.49503e+001,0,0,0.00000000000e+000,0,1.92000000000e-001,1.00000000000e-003,6.18892,,6.188920,0,,56-105,1.51420000000,56,105,56-105,15.14200000000,10,4,
13,5/21/2013,43.62310000000,-79.45280000000,,,11.00000000000,8.58700000000,8,15.60000000000,,,1220,1.19820000000e+004,"(56,105)",56,105,-1.49503e+001,0,0,0.00000000000e+000,0,1.92000000000e-001,1.00000000000e-003,6.18892,,6.188920,0,,56-105,1.51420000000,56,105,56-105,15.14200000000,10,8,
14,5/21/2013,43.62310000000,-79.45280000000,,,10.50000000000,7.53600000000,8,15.60000000000,,,1220,1.19820000000e+004,"(56,105)",56,105,-1.49503e+001,0,0,0.00000000000e+000,0,1.92000000000e-001,1.00000000000e-003,6.18892,,6.188920,0,,56-105,1.51420000000,56,105,56-105,15.14200000000,10,7,
71,5/23/2013,43.59720000000,-77.44000000000,,,147.00000000000,5.35900000000,716,156.00000000000,,,9322,8.67900000000e+003,"(179,89)",179,89,-1.52685e+002,0,0,0.00000000000e+000,0,1.92000000000e-001,1.00000000000e-003,4.841982,,4.841982,0,,179-89,15.28770000000,179,89,179-89,152.87700000000,10,10,
72,5/23/2013,43.59720000000,-77.44000000000,,,5.00000000000,10.20000000000,716,156.00000000000,,,9322,8.67900000000e+003,"(179,89)",179,89,-1.52685e+002,0,0,0.00000000000e+000,0,1.92000000000e-001,1.00000000000e-003,4.841982,,4.841982,0,,179-89,15.28770000000,179,89,179-89,152.87700000000,10,1,
73,5/23/2013,43.59720000000,-77.44000000000,,,80.00000000000,5.21100000000,716,156.00000000000,,,9322,8.67900000000e+003,"(179,89)",179,89,-1.52685e+002,0,0,0.00000000000e+000,0,1.92000000000e-001,1.00000000000e-003,4.841982,,4.841982,0,,179-89,15.28770000000,179,89,179-89,152.87700000000,10,6,
74,5/23/2013,43.59720000000,-77.44000000000,,,20.00000000000,5.89700000000,716,156.00000000000,,,9322,8.67900000000e+003,"(179,89)",179,89,-1.52685e+002,0,0,0.00000000000e+000,0,1.92000000000e-001,1.00000000000e-003,4.841982,,4.841982,0,,179-89,15.28770000000,179,89,179-89,152.87700000000,10,2,
180,7/21/2013,43.59720000000,-77.44000000000,,,5.00000000000,6.20400000000,716,156.00000000000,,,9322,8.67900000000e+003,"(179,89)",179,89,-1.52685e+002,0,0,0.00000000000e+000,0,1.92000000000e-001,1.00000000000e-003,4.841982,,4.841982,0,,179-89,15.28770000000,179,89,179-89,152.87700000000,10,1,
181,7/21/2013,43.59720000000,-77.44000000000,,,100.00000000000,3.91700000000,716,156.00000000000,,,9322,8.67900000000e+003,"(179,89)",179,89,-1.52685e+002,0,0,0.00000000000e+000,0,1.92000000000e-001,1.00000000000e-003,4.841982,,4.841982,0,,179-89,15.28770000000,179,89,179-89,152.87700000000,10,7,
182,7/21/2013,43.59720000000,-77.44000000000,,,20.00000000000,7.59200000000,716,156.00000000000,,,9322,8.67900000000e+003,"(179,89)",179,89,-1.52685e+002,0,0,0.00000000000e+000,0,1.92000000000e-001,1.00000000000e-003,4.841982,,4.841982,0,,179-89,15.28770000000,179,89,179-89,152.87700000000,10,2,
183,7/21/2013,43.59720000000,-77.44000000000,,,145.00000000000,5.67300000000,716,156.00000000000,,,9322,8.67900000000e+003,"(179,89)",179,89,-1.52685e+002,0,0,0.00000000000e+000,0,1.92000000000e-001,1.00000000000e-003,4.841982,,4.841982,0,,179-89,15.28770000000,179,89,179-89,152.87700000000,10,10,
265,9/13/2013,43.59720000000,-77.44000000000,,,5.00000000000,7.06300000000,716,156.00000000000,,,9322,8.67900000000e+003,"(179,89)",179,89,-1.52685e+002,0,0,0.00000000000e+000,0,1.92000000000e-001,1.00000000000e-003,4.841982,,4.841982,0,,179-89,15.28770000000,179,89,179-89,152.87700000000,10,1,
266,9/13/2013,43.59720000000,-77.44000000000,,,95.00000000000,3.59700000000,716,156.00000000000,,,9322,8.67900000000e+003,"(179,89)",179,89,-1.52685e+002,0,0,0.00000000000e+000,0,1.92000000000e-001,1.00000000000e-003,4.841982,,4.841982,0,,179-89,15.28770000000,179,89,179-89,152.87700000000,10,7,
267,9/13/2013,43.59720000000,-77.44000000000,,,35.00000000000,3.60000000000,716,156.00000000000,,,9322,8.67900000000e+003,"(179,89)",179,89,-1.52685e+002,0,0,0.00000000000e+000,0,1.92000000000e-001,1.00000000000e-003,4.841982,,4.841982,0,,179-89,15.28770000000,179,89,179-89,152.87700000000,10,3,
268,9/13/2013,43.59720000000,-77.44000000000,,,149.00000000000,5.48400000000,716,156.00000000000,,,9322,8.67900000000e+003,"(179,89)",179,89,-1.52685e+002,0,0,0.00000000000e+000,0,1.92000000000e-001,1.00000000000e-003,4.841982,,4.841982,0,,179-89,15.28770000000,179,89,179-89,152.87700000000,10,10,
67,5/23/2013,43.63560000000,-76.96940000000,,,152.00000000000,4.33300000000,715,153.50000000000,,,11739,9.63400000000e+003,"(209,93)",209,93,-1.49662e+002,0,0,0.00000000000e+000,0,1.92000000000e-001,1.00000000000e-003,4.836807,,4.836807,0,,209-93,14.98540000000,209,93,209-93,149.85400000000,10,10,
68,5/23/2013,43.63560000000,-76.96940000000,,,5.00000000000,3.86400000000,715,153.50000000000,,,11739,9.63400000000e+003,"(209,93)",209,93,-1.49662e+002,0,0,0.00000000000e+000,0,1.92000000000e-001,1.00000000000e-003,4.836807,,4.836807,0,,209-93,14.98540000000,209,93,209-93,149.85400000000,10,1,
69,5/23/2013,43.63560000000,-76.96940000000,,,80.00000000000,4.20000000000,715,153.50000000000,,,11739,9.63400000000e+003,"(209,93)",209,93,-1.49662e+002,0,0,0.00000000000e+000,0,1.92000000000e-001,1.00000000000e-003,4.836807,,4.836807,0,,209-93,14.98540000000,209,93,209-93,149.85400000000,10,6,
70,5/23/2013,43.63560000000,-76.96940000000,,,15.00000000000,4.29700000000,715,153.50000000000,,,11739,9.63400000000e+003,"(209,93)",209,93,-1.49662e+002,0,0,0.00000000000e+000,0,1.92000000000e-001,1.00000000000e-003,4.836807,,4.836807,0,,209-93,14.98540000000,209,93,209-93,149.85400000000,10,2,
99,7/9/2013,43.63560000000,-76.96940000000,,,0.00000000000,0.00000000000,715,153.50000000000,,,11739,9.63400000000e+003,"(209,93)",209,93,-1.49662e+002,0,0,0.00000000000e+000,0,1.92000000000e-001,1.00000000000e-003,4.836807,,4.836807,0,,209-93,14.98540000000,209,93,209-93,149.85400000000,10,1,
100,7/9/2013,43.63560000000,-76.96940000000,,,0.00000000000,7.98500000000,715,153.50000000000,,,11739,9.63400000000e+003,"(209,93)",209,93,-1.49662e+002,0,0,0.00000000000e+000,0,1.92000000000e-001,1.00000000000e-003,4.836807,,4.836807,0,,209-93,14.98540000000,209,93,209-93,149.85400000000,10,1,
176,7/21/2013,43.63560000000,-76.96940000000,,,5.00000000000,8.08700000000,715,153.50000000000,,,11739,9.63400000000e+003,"(209,93)",209,93,-1.49662e+002,0,0,0.00000000000e+000,0,1.92000000000e-001,1.00000000000e-003,4.836807,,4.836807,0,,209-93,14.98540000000,209,93,209-93,149.85400000000,10,1,
177,7/21/2013,43.63560000000,-76.96940000000,,,85.00000000000,4.80000000000,715,153.50000000000,,,11739,9.63400000000e+003,"(209,93)",209,93,-1.49662e+002,0,0,0.00000000000e+000,0,1.92000000000e-001,1.00000000000e-003,4.836807,,4.836807,0,,209-93,14.98540000000,209,93,209-93,149.85400000000,10,6,
178,7/21/2013,43.63560000000,-76.96940000000,,,20.00000000000,6.31200000000,715,153.50000000000,,,11739,9.63400000000e+003,"(209,93)",209,93,-1.49662e+002,0,0,0.00000000000e+000,0,1.92000000000e-001,1.00000000000e-003,4.836807,,4.836807,0,,209-93,14.98540000000,209,93,209-93,149.85400000000,10,2,
179,7/21/2013,43.63560000000,-76.96940000000,,,152.00000000000,5.63900000000,715,153.50000000000,,,11739,9.63400000000e+003,"(209,93)",209,93,-1.49662e+002,0,0,0.00000000000e+000,0,1.92000000000e-001,1.00000000000e-003,4.836807,,4.836807,0,,209-93,14.98540000000,209,93,209-93,149.85400000000,10,10,
257,9/12/2013,43.63560000000,-76.96940000000,,,5.00000000000,5.38400000000,715,153.50000000000,,,11739,9.63400000000e+003,"(209,93)",209,93,-1.49662e+002,0,0,0.00000000000e+000,0,1.92000000000e-001,1.00000000000e-003,4.836807,,4.836807,0,,209-93,14.98540000000,209,93,209-93,149.85400000000,10,1,
258,9/12/2013,43.63560000000,-76.96940000000,,,90.00000000000,2.59000000000,715,153.50000000000,,,11739,9.63400000000e+003,"(209,93)",209,93,-1.49662e+002,0,0,0.00000000000e+000,0,1.92000000000e-001,1.00000000000e-003,4.836807,,4.836807,0,,209-93,14.98540000000,209,93,209-93,149.85400000000,10,7,
259,9/12/2013,43.63560000000,-76.96940000000,,,30.00000000000,4.11000000000,715,153.50000000000,,,11739,9.63400000000e+003,"(209,93)",209,93,-1.49662e+002,0,0,0.00000000000e+000,0,1.92000000000e-001,1.00000000000e-003,4.836807,,4.836807,0,,209-93,14.98540000000,209,93,209-93,149.85400000000,10,3,
260,9/12/2013,43.63560000000,-76.96940000000,,,150.00000000000,4.94700000000,715,153.50000000000,,,11739,9.63400000000e+003,"(209,93)",209,93,-1.49662e+002,0,0,0.00000000000e+000,0,1.92000000000e-001,1.00000000000e-003,4.836807,,4.836807,0,,209-93,14.98540000000,209,93,209-93,149.85400000000,10,10,
114,7/19/2013,43.69000000000,-78.83000000000,,,112.00000000000,4.66600000000,27,0.00000000000,,,3691,1.03950000000e+004,"(98,97)",98,97,-1.06245e+002,0,0,0.00000000000e+000,0,1.92000000000e-001,1.00000000000e-003,4.786705,,4.786705,0,,98-97,10.64370000000,98,97,98-97,106.43700000000,10,10,
115,7/19/2013,43.69000000000,-78.83000000000,,,5.00000000000,8.39600000000,27,0.00000000000,,,3691,1.03950000000e+004,"(98,97)",98,97,-1.06245e+002,0,0,0.00000000000e+000,0,1.92000000000e-001,1.00000000000e-003,4.786705,,4.786705,0,,98-97,10.64370000000,98,97,98-97,106.43700000000,10,1,
116,7/19/2013,43.69000000000,-78.83000000000,,,80.00000000000,4.88100000000,27,0.00000000000,,,3691,1.03950000000e+004,"(98,97)",98,97,-1.06245e+002,0,0,0.00000000000e+000,0,1.92000000000e-001,1.00000000000e-003,4.786705,,4.786705,0,,98-97,10.64370000000,98,97,98-97,106.43700000000,10,8,
117,7/19/2013,43.69000000000,-78.83000000000,,,20.00000000000,7.35800000000,27,0.00000000000,,,3691,1.03950000000e+004,"(98,97)",98,97,-1.06245e+002,0,0,0.00000000000e+000,0,1.92000000000e-001,1.00000000000e-003,4.786705,,4.786705,0,,98-97,10.64370000000,98,97,98-97,106.43700000000,10,2,
196,9/10/2013,43.69000000000,-78.83000000000,,,5.00000000000,5.91000000000,27,0.00000000000,,,3691,1.03950000000e+004,"(98,97)",98,97,-1.06245e+002,0,0,0.00000000000e+000,0,1.92000000000e-001,1.00000000000e-003,4.786705,,4.786705,0,,98-97,10.64370000000,98,97,98-97,106.43700000000,10,1,
197,9/10/2013,43.69000000000,-78.83000000000,,,65.00000000000,1.93900000000,27,0.00000000000,,,3691,1.03950000000e+004,"(98,97)",98,97,-1.06245e+002,0,0,0.00000000000e+000,0,1.92000000000e-001,1.00000000000e-003,4.786705,,4.786705,0,,98-97,10.64370000000,98,97,98-97,106.43700000000,10,7,
198,9/10/2013,43.69000000000,-78.83000000000,,,20.00000000000,5.36800000000,27,0.00000000000,,,3691,1.03950000000e+004,"(98,97)",98,97,-1.06245e+002,0,0,0.00000000000e+000,0,1.92000000000e-001,1.00000000000e-003,4.786705,,4.786705,0,,98-97,10.64370000000,98,97,98-97,106.43700000000,10,2,
199,9/10/2013,43.69000000000,-78.83000000000,,,111.00000000000,3.78400000000,27,0.00000000000,,,3691,1.03950000000e+004,"(98,97)",98,97,-1.06245e+002,0,0,0.00000000000e+000,0,1.92000000000e-001,1.00000000000e-003,4.786705,,4.786705,0,,98-97,10.64370000000,98,97,98-97,106.43700000000,10,10,
33,5/21/2013,43.71500000000,-78.02640000000,,,132.00000000000,5.81400000000,41,128.90000000000,,,6512,9.79100000000e+003,"(145,94)",145,94,-1.31001e+002,0,0,0.00000000000e+000,0,1.92000000000e-001,1.00000000000e-003,4.85221,,4.852210,0,,145-94,13.11930000000,145,94,145-94,131.19300000000,10,10,
34,5/21/2013,43.71500000000,-78.02640000000,,,5.00000000000,5.94000000000,41,128.90000000000,,,6512,9.79100000000e+003,"(145,94)",145,94,-1.31001e+002,0,0,0.00000000000e+000,0,1.92000000000e-001,1.00000000000e-003,4.85221,,4.852210,0,,145-94,13.11930000000,145,94,145-94,131.19300000000,10,1,
35,5/21/2013,43.71500000000,-78.02640000000,,,90.00000000000,5.13400000000,41,128.90000000000,,,6512,9.79100000000e+003,"(145,94)",145,94,-1.31001e+002,0,0,0.00000000000e+000,0,1.92000000000e-001,1.00000000000e-003,4.85221,,4.852210,0,,145-94,13.11930000000,145,94,145-94,131.19300000000,10,7,
36,5/21/2013,43.71500000000,-78.02640000000,,,45.00000000000,5.91700000000,41,128.90000000000,,,6512,9.79100000000e+003,"(145,94)",145,94,-1.31001e+002,0,0,0.00000000000e+000,0,1.92000000000e-001,1.00000000000e-003,4.85221,,4.852210,0,,145-94,13.11930000000,145,94,145-94,131.19300000000,10,4,
147,7/20/2013,43.71500000000,-78.02640000000,,,5.00000000000,2.28800000000,41,128.90000000000,,,6512,9.79100000000e+003,"(145,94)",145,94,-1.31001e+002,0,0,0.00000000000e+000,0,1.92000000000e-001,1.00000000000e-003,4.85221,,4.852210,0,,145-94,13.11930000000,145,94,145-94,131.19300000000,10,1,
148,7/20/2013,43.71500000000,-78.02640000000,,,90.00000000000,2.61000000000,41,128.90000000000,,,6512,9.79100000000e+003,"(145,94)",145,94,-1.31001e+002,0,0,0.00000000000e+000,0,1.92000000000e-001,1.00000000000e-003,4.85221,,4.852210,0,,145-94,13.11930000000,145,94,145-94,131.19300000000,10,7,
149,7/20/2013,43.71500000000,-78.02640000000,,,21.00000000000,4.20000000000,41,128.90000000000,,,6512,9.79100000000e+003,"(145,94)",145,94,-1.31001e+002,0,0,0.00000000000e+000,0,1.92000000000e-001,1.00000000000e-003,4.85221,,4.852210,0,,145-94,13.11930000000,145,94,145-94,131.19300000000,10,2,
150,7/20/2013,43.71500000000,-78.02640000000,,,127.00000000000,2.81500000000,41,128.90000000000,,,6512,9.79100000000e+003,"(145,94)",145,94,-1.31001e+002,0,0,0.00000000000e+000,0,1.92000000000e-001,1.00000000000e-003,4.85221,,4.852210,0,,145-94,13.11930000000,145,94,145-94,131.19300000000,10,10,
228,9/11/2013,43.71500000000,-78.02640000000,,,5.00000000000,6.18800000000,41,128.90000000000,,,6512,9.79100000000e+003,"(145,94)",145,94,-1.31001e+002,0,0,0.00000000000e+000,0,1.92000000000e-001,1.00000000000e-003,4.85221,,4.852210,0,,145-94,13.11930000000,145,94,145-94,131.19300000000,10,1,
229,9/11/2013,43.71500000000,-78.02640000000,,,70.00000000000,3.75200000000,41,128.90000000000,,,6512,9.79100000000e+003,"(145,94)",145,94,-1.31001e+002,0,0,0.00000000000e+000,0,1.92000000000e-001,1.00000000000e-003,4.85221,,4.852210,0,,145-94,13.11930000000,145,94,145-94,131.19300000000,10,6,
230,9/11/2013,43.71500000000,-78.02640000000,,,25.00000000000,3.78400000000,41,128.90000000000,,,6512,9.79100000000e+003,"(145,94)",145,94,-1.31001e+002,0,0,0.00000000000e+000,0,1.92000000000e-001,1.00000000000e-003,4.85221,,4.852210,0,,145-94,13.11930000000,145,94,145-94,131.19300000000,10,2,
231,9/11/2013,43.71500000000,-78.02640000000,,,127.00000000000,5.30000000000,41,128.90000000000,,,6512,9.79100000000e+003,"(145,94)",145,94,-1.31001e+002,0,0,0.00000000000e+000,0,1.92000000000e-001,1.00000000000e-003,4.85221,,4.852210,0,,145-94,13.11930000000,145,94,145-94,131.19300000000,10,10,
118,7/19/2013,43.77500000000,-78.85330000000,,,59.00000000000,3.90700000000,28,61.00000000000,,,3697,1.16390000000e+004,"(98,103)",98,103,-6.28009e+001,0,0,0.00000000000e+000,0,1.92000000000e-001,1.00000000000e-003,4.466057,,4.466057,0,,98-103,6.29930000000,98,103,98-103,62.99300000000,10,10,
119,7/19/2013,43.77500000000,-78.85330000000,,,5.00000000000,10.36700000000,28,61.00000000000,,,3697,1.16390000000e+004,"(98,103)",98,103,-6.28009e+001,0,0,0.00000000000e+000,0,1.92000000000e-001,1.00000000000e-003,4.466057,,4.466057,0,,98-103,6.29930000000,98,103,98-103,62.99300000000,10,1,
120,7/19/2013,43.77500000000,-78.85330000000,,,40.00000000000,4.50500000000,28,61.00000000000,,,3697,1.16390000000e+004,"(98,103)",98,103,-6.28009e+001,0,0,0.00000000000e+000,0,1.92000000000e-001,1.00000000000e-003,4.466057,,4.466057,0,,98-103,6.29930000000,98,103,98-103,62.99300000000,10,7,
121,7/19/2013,43.77500000000,-78.85330000000,,,20.00000000000,6.57200000000,28,61.00000000000,,,3697,1.16390000000e+004,"(98,103)",98,103,-6.28009e+001,0,0,0.00000000000e+000,0,1.92000000000e-001,1.00000000000e-003,4.466057,,4.466057,0,,98-103,6.29930000000,98,103,98-103,62.99300000000,10,4,
200,9/10/2013,43.77500000000,-78.85330000000,,,5.00000000000,5.38400000000,28,61.00000000000,,,3697,1.16390000000e+004,"(98,103)",98,103,-6.28009e+001,0,0,0.00000000000e+000,0,1.92000000000e-001,1.00000000000e-003,4.466057,,4.466057,0,,98-103,6.29930000000,98,103,98-103,62.99300000000,10,1,
201,9/10/2013,43.77500000000,-78.85330000000,,,41.00000000000,2.76000000000,28,61.00000000000,,,3697,1.16390000000e+004,"(98,103)",98,103,-6.28009e+001,0,0,0.00000000000e+000,0,1.92000000000e-001,1.00000000000e-003,4.466057,,4.466057,0,,98-103,6.29930000000,98,103,98-103,62.99300000000,10,7,
202,9/10/2013,43.77500000000,-78.85330000000,,,16.00000000000,5.62400000000,28,61.00000000000,,,3697,1.16390000000e+004,"(98,103)",98,103,-6.28009e+001,0,0,0.00000000000e+000,0,1.92000000000e-001,1.00000000000e-003,4.466057,,4.466057,0,,98-103,6.29930000000,98,103,98-103,62.99300000000,10,3,
203,9/10/2013,43.77500000000,-78.85330000000,,,60.00000000000,2.77800000000,28,61.00000000000,,,3697,1.16390000000e+004,"(98,103)",98,103,-6.28009e+001,0,0,0.00000000000e+000,0,1.92000000000e-001,1.00000000000e-003,4.466057,,4.466057,0,,98-103,6.29930000000,98,103,98-103,62.99300000000,10,10,
63,5/23/2013,43.73110000000,-77.01580000000,,,86.00000000000,4.06500000000,63,87.50000000000,,,11594,1.11340000000e+004,"(207,100)",207,100,-8.93758e+001,0,0,0.00000000000e+000,0,1.92000000000e-001,1.00000000000e-003,5.161365,,5.161365,0,,207-100,8.95680000000,207,100,207-100,89.56800000000,10,10,
64,5/23/2013,43.73110000000,-77.01580000000,,,5.00000000000,5.29600000000,63,87.50000000000,,,11594,1.11340000000e+004,"(207,100)",207,100,-8.93758e+001,0,0,0.00000000000e+000,0,1.92000000000e-001,1.00000000000e-003,5.161365,,5.161365,0,,207-100,8.95680000000,207,100,207-100,89.56800000000,10,1,
65,5/23/2013,43.73110000000,-77.01580000000,,,60.00000000000,3.77500000000,63,87.50000000000,,,11594,1.11340000000e+004,"(207,100)",207,100,-8.93758e+001,0,0,0.00000000000e+000,0,1.92000000000e-001,1.00000000000e-003,5.161365,,5.161365,0,,207-100,8.95680000000,207,100,207-100,89.56800000000,10,7,
66,5/23/2013,43.73110000000,-77.01580000000,,,30.00000000000,4.26200000000,63,87.50000000000,,,11594,1.11340000000e+004,"(207,100)",207,100,-8.93758e+001,0,0,0.00000000000e+000,0,1.92000000000e-001,1.00000000000e-003,5.161365,,5.161365,0,,207-100,8.95680000000,207,100,207-100,89.56800000000,10,4,
172,7/21/2013,43.73110000000,-77.01580000000,,,5.00000000000,5.38300000000,63,87.50000000000,,,11594,1.11340000000e+004,"(207,100)",207,100,-8.93758e+001,0,0,0.00000000000e+000,0,1.92000000000e-001,1.00000000000e-003,5.161365,,5.161365,0,,207-100,8.95680000000,207,100,207-100,89.56800000000,10,1,
173,7/21/2013,43.73110000000,-77.01580000000,,,55.00000000000,3.14300000000,63,87.50000000000,,,11594,1.11340000000e+004,"(207,100)",207,100,-8.93758e+001,0,0,0.00000000000e+000,0,1.92000000000e-001,1.00000000000e-003,5.161365,,5.161365,0,,207-100,8.95680000000,207,100,207-100,89.56800000000,10,7,
174,7/21/2013,43.73110000000,-77.01580000000,,,18.00000000000,5.69400000000,63,87.50000000000,,,11594,1.11340000000e+004,"(207,100)",207,100,-8.93758e+001,0,0,0.00000000000e+000,0,1.92000000000e-001,1.00000000000e-003,5.161365,,5.161365,0,,207-100,8.95680000000,207,100,207-100,89.56800000000,10,3,
175,7/21/2013,43.73110000000,-77.01580000000,,,85.00000000000,3.54700000000,63,87.50000000000,,,11594,1.11340000000e+004,"(207,100)",207,100,-8.93758e+001,0,0,0.00000000000e+000,0,1.92000000000e-001,1.00000000000e-003,5.161365,,5.161365,0,,207-100,8.95680000000,207,100,207-100,89.56800000000,10,10,
243,9/12/2013,43.73110000000,-77.01580000000,,,5.00000000000,4.91300000000,63,87.50000000000,,,11594,1.11340000000e+004,"(207,100)",207,100,-8.93758e+001,0,0,0.00000000000e+000,0,1.92000000000e-001,1.00000000000e-003,5.161365,,5.161365,0,,207-100,8.95680000000,207,100,207-100,89.56800000000,10,1,
244,9/12/2013,43.73110000000,-77.01580000000,,,60.00000000000,2.79200000000,63,87.50000000000,,,11594,1.11340000000e+004,"(207,100)",207,100,-8.93758e+001,0,0,0.00000000000e+000,0,1.92000000000e-001,1.00000000000e-003,5.161365,,5.161365,0,,207-100,8.95680000000,207,100,207-100,89.56800000000,10,7,
245,9/12/2013,43.73110000000,-77.01580000000,,,32.00000000000,5.51400000000,63,87.50000000000,,,11594,1.11340000000e+004,"(207,100)",207,100,-8.93758e+001,0,0,0.00000000000e+000,0,1.92000000000e-001,1.00000000000e-003,5.161365,,5.161365,0,,207-100,8.95680000000,207,100,207-100,89.56800000000,10,4,
246,9/12/2013,43.73110000000,-77.01580000000,,,86.00000000000,4.17200000000,63,87.50000000000,,,11594,1.11340000000e+004,"(207,100)",207,100,-8.93758e+001,0,0,0.00000000000e+000,0,1.92000000000e-001,1.00000000000e-003,5.161365,,5.161365,0,,207-100,8.95680000000,207,100,207-100,89.56800000000,10,10,
157,7/21/2013,43.77060000000,-77.43830000000,,,5.00000000000,8.11100000000,49,49.50000000000,,,9125,1.13110000000e+004,"(177,101)",177,101,-5.09748e+001,0,0,0.00000000000e+000,0,1.92000000000e-001,1.00000000000e-003,5.190392,,5.190392,0,,177-101,5.11670000000,177,101,177-101,51.16700000000,10,1,
158,7/21/2013,43.77060000000,-77.43830000000,,,38.00000000000,2.74500000000,49,49.50000000000,,,9125,1.13110000000e+004,"(177,101)",177,101,-5.09748e+001,0,0,0.00000000000e+000,0,1.92000000000e-001,1.00000000000e-003,5.190392,,5.190392,0,,177-101,5.11670000000,177,101,177-101,51.16700000000,10,8,
159,7/21/2013,43.77060000000,-77.43830000000,,,22.00000000000,4.93500000000,49,49.50000000000,,,9125,1.13110000000e+004,"(177,101)",177,101,-5.09748e+001,0,0,0.00000000000e+000,0,1.92000000000e-001,1.00000000000e-003,5.190392,,5.190392,0,,177-101,5.11670000000,177,101,177-101,51.16700000000,10,5,
160,7/21/2013,43.77060000000,-77.43830000000,,,45.00000000000,3.37300000000,49,49.50000000000,,,9125,1.13110000000e+004,"(177,101)",177,101,-5.09748e+001,0,0,0.00000000000e+000,0,1.92000000000e-001,1.00000000000e-003,5.190392,,5.190392,0,,177-101,5.11670000000,177,101,177-101,51.16700000000,10,9,
236,9/12/2013,43.77060000000,-77.43830000000,,,5.00000000000,5.98900000000,49,49.50000000000,,,9125,1.13110000000e+004,"(177,101)",177,101,-5.09748e+001,0,0,0.00000000000e+000,0,1.92000000000e-001,1.00000000000e-003,5.190392,,5.190392,0,,177-101,5.11670000000,177,101,177-101,51.16700000000,10,1,
237,9/12/2013,43.77060000000,-77.43830000000,,,40.00000000000,2.61800000000,49,49.50000000000,,,9125,1.13110000000e+004,"(177,101)",177,101,-5.09748e+001,0,0,0.00000000000e+000,0,1.92000000000e-001,1.00000000000e-003,5.190392,,5.190392,0,,177-101,5.11670000000,177,101,177-101,51.16700000000,10,8,
238,9/12/2013,43.77060000000,-77.43830000000,,,26.00000000000,3.13200000000,49,49.50000000000,,,9125,1.13110000000e+004,"(177,101)",177,101,-5.09748e+001,0,0,0.00000000000e+000,0,1.92000000000e-001,1.00000000000e-003,5.190392,,5.190392,0,,177-101,5.11670000000,177,101,177-101,51.16700000000,10,6,
239,9/12/2013,43.77060000000,-77.43830000000,,,45.70000000000,3.46900000000,49,49.50000000000,,,9125,1.13110000000e+004,"(177,101)",177,101,-5.09748e+001,0,0,0.00000000000e+000,0,1.92000000000e-001,1.00000000000e-003,5.190392,,5.190392,0,,177-101,5.11670000000,177,101,177-101,51.16700000000,10,9,
105,7/11/2013,43.74970000000,-76.51860000000,,,0.00000000000,10.02700000000,74,67.60000000000,,,13066,1.07420000000e+004,"(233,98)",233,98,-6.37117e+001,0,0,0.00000000000e+000,0,1.92000000000e-001,1.00000000000e-003,5.402695,,5.402695,0,,233-98,6.39040000000,233,98,233-98,63.90400000000,10,1,
106,7/11/2013,43.74970000000,-76.51860000000,,,0.00000000000,3.23100000000,74,67.60000000000,,,13066,1.07420000000e+004,"(233,98)",233,98,-6.37117e+001,0,0,0.00000000000e+000,0,1.92000000000e-001,1.00000000000e-003,5.402695,,5.402695,0,,233-98,6.39040000000,233,98,233-98,63.90400000000,10,1,
107,7/11/2013,43.74970000000,-76.51860000000,,,0.00000000000,9.93100000000,74,67.60000000000,,,13066,1.07420000000e+004,"(233,98)",233,98,-6.37117e+001,0,0,0.00000000000e+000,0,1.92000000000e-001,1.00000000000e-003,5.402695,,5.402695,0,,233-98,6.39040000000,233,98,233-98,63.90400000000,10,1,
122,7/19/2013,43.81830000000,-78.87000000000,,,29.00000000000,5.20000000000,29,30.00000000000,,,3700,1.21900000000e+004,"(98,106)",98,106,-3.00057e+001,0,0,0.00000000000e+000,0,1.92000000000e-001,1.00000000000e-003,5.259996,,5.259996,0,,98-106,3.01980000000,98,106,98-106,30.19800000000,10,10,
123,7/19/2013,43.81830000000,-78.87000000000,,,5.00000000000,9.14300000000,29,30.00000000000,,,3700,1.21900000000e+004,"(98,106)",98,106,-3.00057e+001,0,0,0.00000000000e+000,0,1.92000000000e-001,1.00000000000e-003,5.259996,,5.259996,0,,98-106,3.01980000000,98,106,98-106,30.19800000000,10,2,
124,7/19/2013,43.81830000000,-78.87000000000,,,16.00000000000,7.03600000000,29,30.00000000000,,,3700,1.21900000000e+004,"(98,106)",98,106,-3.00057e+001,0,0,0.00000000000e+000,0,1.92000000000e-001,1.00000000000e-003,5.259996,,5.259996,0,,98-106,3.01980000000,98,106,98-106,30.19800000000,10,6,
204,9/10/2013,43.81830000000,-78.87000000000,,,5.00000000000,5.48600000000,29,30.00000000000,,,3700,1.21900000000e+004,"(98,106)",98,106,-3.00057e+001,0,0,0.00000000000e+000,0,1.92000000000e-001,1.00000000000e-003,5.259996,,5.259996,0,,98-106,3.01980000000,98,106,98-106,30.19800000000,10,2,
205,9/10/2013,43.81830000000,-78.87000000000,,,15.00000000000,3.72600000000,29,30.00000000000,,,3700,1.21900000000e+004,"(98,106)",98,106,-3.00057e+001,0,0,0.00000000000e+000,0,1.92000000000e-001,1.00000000000e-003,5.259996,,5.259996,0,,98-106,3.01980000000,98,106,98-106,30.19800000000,10,5,
206,9/10/2013,43.81830000000,-78.87000000000,,,28.50000000000,3.79800000000,29,30.00000000000,,,3700,1.21900000000e+004,"(98,106)",98,106,-3.00057e+001,0,0,0.00000000000e+000,0,1.92000000000e-001,1.00000000000e-003,5.259996,,5.259996,0,,98-106,3.01980000000,98,106,98-106,30.19800000000,10,10,
37,5/21/2013,43.84080000000,-78.03810000000,,,63.00000000000,5.50200000000,42,65.60000000000,,,6460,1.14830000000e+004,"(144,102)",144,102,-6.66654e+001,0,0,0.00000000000e+000,0,1.92000000000e-001,1.00000000000e-003,5.040346,,5.040346,0,,144-102,6.68570000000,144,102,144-102,66.85700000000,10,10,
38,5/21/2013,43.84080000000,-78.03810000000,,,5.00000000000,6.99500000000,42,65.60000000000,,,6460,1.14830000000e+004,"(144,102)",144,102,-6.66654e+001,0,0,0.00000000000e+000,0,1.92000000000e-001,1.00000000000e-003,5.040346,,5.040346,0,,144-102,6.68570000000,144,102,144-102,66.85700000000,10,1,
39,5/21/2013,43.84080000000,-78.03810000000,,,45.00000000000,6.33700000000,42,65.60000000000,,,6460,1.14830000000e+004,"(144,102)",144,102,-6.66654e+001,0,0,0.00000000000e+000,0,1.92000000000e-001,1.00000000000e-003,5.040346,,5.040346,0,,144-102,6.68570000000,144,102,144-102,66.85700000000,10,7,
40,5/21/2013,43.84080000000,-78.03810000000,,,30.00000000000,5.34800000000,42,65.60000000000,,,6460,1.14830000000e+004,"(144,102)",144,102,-6.66654e+001,0,0,0.00000000000e+000,0,1.92000000000e-001,1.00000000000e-003,5.040346,,5.040346,0,,144-102,6.68570000000,144,102,144-102,66.85700000000,10,5,
151,7/20/2013,43.84080000000,-78.03810000000,,,5.00000000000,9.65700000000,42,65.60000000000,,,6460,1.14830000000e+004,"(144,102)",144,102,-6.66654e+001,0,0,0.00000000000e+000,0,1.92000000000e-001,1.00000000000e-003,5.040346,,5.040346,0,,144-102,6.68570000000,144,102,144-102,66.85700000000,10,1,
152,7/20/2013,43.84080000000,-78.03810000000,,,45.00000000000,4.26200000000,42,65.60000000000,,,6460,1.14830000000e+004,"(144,102)",144,102,-6.66654e+001,0,0,0.00000000000e+000,0,1.92000000000e-001,1.00000000000e-003,5.040346,,5.040346,0,,144-102,6.68570000000,144,102,144-102,66.85700000000,10,7,
153,7/20/2013,43.84080000000,-78.03810000000,,,18.00000000000,3.61000000000,42,65.60000000000,,,6460,1.14830000000e+004,"(144,102)",144,102,-6.66654e+001,0,0,0.00000000000e+000,0,1.92000000000e-001,1.00000000000e-003,5.040346,,5.040346,0,,144-102,6.68570000000,144,102,144-102,66.85700000000,10,3,
154,7/20/2013,43.84080000000,-78.03810000000,,,63.00000000000,4.46500000000,42,65.60000000000,,,6460,1.14830000000e+004,"(144,102)",144,102,-6.66654e+001,0,0,0.00000000000e+000,0,1.92000000000e-001,1.00000000000e-003,5.040346,,5.040346,0,,144-102,6.68570000000,144,102,144-102,66.85700000000,10,10,
232,9/11/2013,43.84080000000,-78.03810000000,,,5.00000000000,4.71200000000,42,65.60000000000,,,6460,1.14830000000e+004,"(144,102)",144,102,-6.66654e+001,0,0,0.00000000000e+000,0,1.92000000000e-001,1.00000000000e-003,5.040346,,5.040346,0,,144-102,6.68570000000,144,102,144-102,66.85700000000,10,1,
233,9/11/2013,43.84080000000,-78.03810000000,,,40.00000000000,3.18900000000,42,65.60000000000,,,6460,1.14830000000e+004,"(144,102)",144,102,-6.66654e+001,0,0,0.00000000000e+000,0,1.92000000000e-001,1.00000000000e-003,5.040346,,5.040346,0,,144-102,6.68570000000,144,102,144-102,66.85700000000,10,6,
234,9/11/2013,43.84080000000,-78.03810000000,,,13.00000000000,4.68600000000,42,65.60000000000,,,6460,1.14830000000e+004,"(144,102)",144,102,-6.66654e+001,0,0,0.00000000000e+000,0,1.92000000000e-001,1.00000000000e-003,5.040346,,5.040346,0,,144-102,6.68570000000,144,102,144-102,66.85700000000,10,2,
235,9/11/2013,43.84080000000,-78.03810000000,,,63.20000000000,2.94400000000,42,65.60000000000,,,6460,1.14830000000e+004,"(144,102)",144,102,-6.66654e+001,0,0,0.00000000000e+000,0,1.92000000000e-001,1.00000000000e-003,5.040346,,5.040346,0,,144-102,6.68570000000,144,102,144-102,66.85700000000,10,10,
96,7/9/2013,43.88000000000,-76.99940000000,,,0.00000000000,4.17800000000,62,18.00000000000,,,11756,1.28390000000e+004,"(209,110)",209,110,-1.16814e+001,0,0,0.00000000000e+000,0,1.92000000000e-001,1.00000000000e-003,6.976048,,6.976048,0,,209-110,1.18730000000,209,110,209-110,11.87300000000,10,1,
155,7/20/2013,43.95000000000,-78.04970000000,,,5.00000000000,5.20200000000,43,16.80000000000,,,6406,1.25770000000e+004,"(143,108)",143,108,-8.07164e+000,0,0,0.00000000000e+000,0,1.92000000000e-001,1.00000000000e-003,6.840608,,6.840608,0,,143-108,1.03300000000,143,108,143-108,8.26400000000,8,5,
156,7/20/2013,43.95000000000,-78.04970000000,,,17.00000000000,4.19900000000,43,16.80000000000,,,6406,1.25770000000e+004,"(143,108)",143,108,-8.07164e+000,0,0,0.00000000000e+000,0,1.92000000000e-001,1.00000000000e-003,6.840608,,6.840608,0,,143-108,1.03300000000,143,108,143-108,8.26400000000,8,8,
101,7/10/2013,43.95690000000,-76.40860000000,,,0.00000000000,6.95000000000,77,28.40000000000,,,13457,1.28710000000e+004,"(241,110)",241,110,-2.37249e+001,0,0,0.00000000000e+000,0,1.92000000000e-001,1.00000000000e-003,6.252501,,6.252501,0,,241-110,2.39170000000,241,110,241-110,23.91700000000,10,1,
102,7/10/2013,43.95690000000,-76.40860000000,,,0.00000000000,6.67300000000,77,28.40000000000,,,13457,1.28710000000e+004,"(241,110)",241,110,-2.37249e+001,0,0,0.00000000000e+000,0,1.92000000000e-001,1.00000000000e-003,6.252501,,6.252501,0,,241-110,2.39170000000,241,110,241-110,23.91700000000,10,1,
98,7/9/2013,44.01640000000,-76.67500000000,,,0.00000000000,7.19600000000,81,36.30000000000,,,12785,1.33020000000e+004,"(227,117)",227,117,-3.31324e+001,0,0,0.00000000000e+000,0,1.92000000000e-001,1.00000000000e-003,5.994503,,5.994503,0,,227-117,3.33240000000,227,117,227-117,33.32400000000,10,1,
103,7/10/2013,44.08200000000,-76.40800000000,,,0.00000000000,6.22400000000,78,0.00000000000,,,13509,1.33920000000e+004,"(242,119)",242,119,-2.44021e+001,0,0,0.00000000000e+000,0,1.92000000000e-001,1.00000000000e-003,6.276769,,6.276769,0,,242-119,2.45940000000,242,119,242-119,24.59400000000,10,1,
97,7/9/2013,44.13580000000,-76.60970000000,,,0.00000000000,7.06300000000,80,22.00000000000,,,13093,1.35810000000e+004,"(233,125)",233,125,-2.26993e+001,0,0,0.00000000000e+000,0,1.92000000000e-001,1.00000000000e-003,7.217997,,7.217997,0,,233-125,2.28910000000,233,125,233-125,22.89100000000,10,1,
