FID_USGSCl,STIS_depth,Event_Code,Station_Co,Latitude,Longitude,Collection,Collecti_1,LAKE,SampleDept,RESEARCH_P,Site_Depth,Strat_Unst,Depths_m,NH4_ug_NL,Nox_ug_NL,SRP_ug_PL,TN_ug_NL,TP_ug_PL,FID_EFDC,GRIDNO,IJ_VALUE,I_Value,J_Value,BedElev,I_Parent,J_Parent,Area,Mask,WSElev,ZRough,Sim_Result,Sim_Dir,Map_Value,Dry_Flag,Grid_Label,I_J_index,sig_thick,Area_ha,Num_layers,Wat_depth,sigma_Layer
18,,USGSOIR3_20180620_D_USGS,USGSOIR3,43.26585000000,-77.43748000000,6/20/2018,20180620,Ontario,,USGS-Cladophora,3,,1.00000000000,18,210,,429,5,9456,1.19000000000e+002,"(181,16)",181,16,-2.31333e+000,0,0,0.00000000000e+000,0,1.92000000000e-001,1.00000000000e-003,7.070525,,7.070525,0,,181-16,0.83500000000,44.09436708670,3,2.50500000000,2
19,,USGSOIR3_20180620_D_USGS,USGSOIR3,43.26585000000,-77.43748000000,6/20/2018,20180620,Ontario,,USGS-Cladophora,3,,2.90000000000,10.4,205,,417,7,9456,1.19000000000e+002,"(181,16)",181,16,-2.31333e+000,0,0,0.00000000000e+000,0,1.92000000000e-001,1.00000000000e-003,7.070525,,7.070525,0,,181-16,0.83500000000,44.09436708670,3,2.50500000000,3
38,,USGSOIR3_20180725_D_USGS,USGSOIR3,43.26585000000,-77.43748000000,7/25/2018,20180725,Ontario,,USGS-Cladophora,3,,1.00000000000,19.3,341,,515,BDL,9456,1.19000000000e+002,"(181,16)",181,16,-2.31333e+000,0,0,0.00000000000e+000,0,1.92000000000e-001,1.00000000000e-003,7.070525,,7.070525,0,,181-16,0.83500000000,44.09436708670,3,2.50500000000,2
39,,USGSOIR3_20180725_D_USGS,USGSOIR3,43.26585000000,-77.43748000000,7/25/2018,20180725,Ontario,,USGS-Cladophora,3,,2.90000000000,BDL,290,,565,6,9456,1.19000000000e+002,"(181,16)",181,16,-2.31333e+000,0,0,0.00000000000e+000,0,1.92000000000e-001,1.00000000000e-003,7.070525,,7.070525,0,,181-16,0.83500000000,44.09436708670,3,2.50500000000,3
62,,USGSOIR3_20180821_D_USGS,USGSOIR3,43.26585000000,-77.43748000000,8/21/2018,20180821,Ontario,,USGS-Cladophora,3,,1.00000000000,86.3,341,,627,8,9456,1.19000000000e+002,"(181,16)",181,16,-2.31333e+000,0,0,0.00000000000e+000,0,1.92000000000e-001,1.00000000000e-003,7.070525,,7.070525,0,,181-16,0.83500000000,44.09436708670,3,2.50500000000,2
63,,USGSOIR3_20180821_D_USGS,USGSOIR3,43.26585000000,-77.43748000000,8/21/2018,20180821,Ontario,,USGS-Cladophora,3,,2.90000000000,87.1,346,,631,10,9456,1.19000000000e+002,"(181,16)",181,16,-2.31333e+000,0,0,0.00000000000e+000,0,1.92000000000e-001,1.00000000000e-003,7.070525,,7.070525,0,,181-16,0.83500000000,44.09436708670,3,2.50500000000,3
86,,USGSOIR3_20180920_D_USGS,USGSOIR3,43.26585000000,-77.43748000000,9/20/2018,20180920,Ontario,,USGS-Cladophora,3,,1.00000000000,11.6,213,,437,9,9456,1.19000000000e+002,"(181,16)",181,16,-2.31333e+000,0,0,0.00000000000e+000,0,1.92000000000e-001,1.00000000000e-003,7.070525,,7.070525,0,,181-16,0.83500000000,44.09436708670,3,2.50500000000,2
87,,USGSOIR3_20180920_D_USGS,USGSOIR3,43.26585000000,-77.43748000000,9/20/2018,20180920,Ontario,,USGS-Cladophora,3,,2.90000000000,11.2,205,,468,19,9456,1.19000000000e+002,"(181,16)",181,16,-2.31333e+000,0,0,0.00000000000e+000,0,1.92000000000e-001,1.00000000000e-003,7.070525,,7.070525,0,,181-16,0.83500000000,44.09436708670,3,2.50500000000,3
0,,USGSOIR6_20180525_D_USGS,USGSOIR6,43.26900000000,-77.44310000000,5/25/2018,20180525,Ontario,,USGS-Cladophora,6,,1.00000000000,15.3,248,,421,12,9457,1.33000000000e+002,"(181,17)",181,17,-3.31325e+000,0,0,0.00000000000e+000,0,1.92000000000e-001,1.00000000000e-003,7.016022,,7.016022,0,,181-17,0.87625000000,44.08714817150,4,3.50500000000,2
1,,USGSOIR6_20180525_D_USGS,USGSOIR6,43.26900000000,-77.44310000000,5/25/2018,20180525,Ontario,,USGS-Cladophora,6,,5.90000000000,35.5,236,,460,10,9457,1.33000000000e+002,"(181,17)",181,17,-3.31325e+000,0,0,0.00000000000e+000,0,1.92000000000e-001,1.00000000000e-003,7.016022,,7.016022,0,,181-17,0.87625000000,44.08714817150,4,3.50500000000,4
20,,USGSOIR6_20180620_D_USGS,USGSOIR6,43.26900000000,-77.44310000000,6/20/2018,20180620,Ontario,,USGS-Cladophora,6,,1.00000000000,47.6,216,,481,4,9457,1.33000000000e+002,"(181,17)",181,17,-3.31325e+000,0,0,0.00000000000e+000,0,1.92000000000e-001,1.00000000000e-003,7.016022,,7.016022,0,,181-17,0.87625000000,44.08714817150,4,3.50500000000,2
21,,USGSOIR6_20180620_D_USGS,USGSOIR6,43.26900000000,-77.44310000000,6/20/2018,20180620,Ontario,,USGS-Cladophora,6,,5.90000000000,10.8,210,,435,6,9457,1.33000000000e+002,"(181,17)",181,17,-3.31325e+000,0,0,0.00000000000e+000,0,1.92000000000e-001,1.00000000000e-003,7.016022,,7.016022,0,,181-17,0.87625000000,44.08714817150,4,3.50500000000,4
40,,USGSOIR6_20180725_D_USGS,USGSOIR6,43.26900000000,-77.44310000000,7/25/2018,20180725,Ontario,,USGS-Cladophora,6,,1.00000000000,28,338,,562,19,9457,1.33000000000e+002,"(181,17)",181,17,-3.31325e+000,0,0,0.00000000000e+000,0,1.92000000000e-001,1.00000000000e-003,7.016022,,7.016022,0,,181-17,0.87625000000,44.08714817150,4,3.50500000000,2
41,,USGSOIR6_20180725_D_USGS,USGSOIR6,43.26900000000,-77.44310000000,7/25/2018,20180725,Ontario,,USGS-Cladophora,6,,5.90000000000,22.9,346,,486,BDL,9457,1.33000000000e+002,"(181,17)",181,17,-3.31325e+000,0,0,0.00000000000e+000,0,1.92000000000e-001,1.00000000000e-003,7.016022,,7.016022,0,,181-17,0.87625000000,44.08714817150,4,3.50500000000,4
64,,USGSOIR6_20180821_D_USGS,USGSOIR6,43.26900000000,-77.44310000000,8/21/2018,20180821,Ontario,,USGS-Cladophora,6,,1.00000000000,65.4,254,,502,7,9457,1.33000000000e+002,"(181,17)",181,17,-3.31325e+000,0,0,0.00000000000e+000,0,1.92000000000e-001,1.00000000000e-003,7.016022,,7.016022,0,,181-17,0.87625000000,44.08714817150,4,3.50500000000,2
65,,USGSOIR6_20180821_D_USGS,USGSOIR6,43.26900000000,-77.44310000000,8/21/2018,20180821,Ontario,,USGS-Cladophora,6,,5.90000000000,113,345,,652,6,9457,1.33000000000e+002,"(181,17)",181,17,-3.31325e+000,0,0,0.00000000000e+000,0,1.92000000000e-001,1.00000000000e-003,7.016022,,7.016022,0,,181-17,0.87625000000,44.08714817150,4,3.50500000000,4
88,,USGSOIR6_20180920_D_USGS,USGSOIR6,43.26900000000,-77.44310000000,9/20/2018,20180920,Ontario,,USGS-Cladophora,6,,1.00000000000,17.9,243,,454,11,9457,1.33000000000e+002,"(181,17)",181,17,-3.31325e+000,0,0,0.00000000000e+000,0,1.92000000000e-001,1.00000000000e-003,7.016022,,7.016022,0,,181-17,0.87625000000,44.08714817150,4,3.50500000000,2
89,,USGSOIR6_20180920_D_USGS,USGSOIR6,43.26900000000,-77.44310000000,9/20/2018,20180920,Ontario,,USGS-Cladophora,6,,5.90000000000,16.7,241,,462,12,9457,1.33000000000e+002,"(181,17)",181,17,-3.31325e+000,0,0,0.00000000000e+000,0,1.92000000000e-001,1.00000000000e-003,7.016022,,7.016022,0,,181-17,0.87625000000,44.08714817150,4,3.50500000000,4
42,,USGSOIR10_20180725_D_USGS,USGSOIR10,43.27143000000,-77.44697000000,7/25/2018,20180725,Ontario,,USGS-Cladophora,10,,1.00000000000,32.7,355,,528,BDL,9457,1.33000000000e+002,"(181,17)",181,17,-3.31325e+000,0,0,0.00000000000e+000,0,1.92000000000e-001,1.00000000000e-003,7.016022,,7.016022,0,,181-17,0.87625000000,44.08714817150,4,3.50500000000,2
43,,USGSOIR10_20180725_D_USGS,USGSOIR10,43.27143000000,-77.44697000000,7/25/2018,20180725,Ontario,,USGS-Cladophora,10,,9.90000000000,31.5,350,,549,8,9457,1.33000000000e+002,"(181,17)",181,17,-3.31325e+000,0,0,0.00000000000e+000,0,1.92000000000e-001,1.00000000000e-003,7.016022,,7.016022,0,,181-17,0.87625000000,44.08714817150,4,3.50500000000,4
66,,USGSOIR10_20180821_D_USGS,USGSOIR10,43.27143000000,-77.44697000000,8/21/2018,20180821,Ontario,,USGS-Cladophora,10,,1.00000000000,85.1,316,,568,5,9457,1.33000000000e+002,"(181,17)",181,17,-3.31325e+000,0,0,0.00000000000e+000,0,1.92000000000e-001,1.00000000000e-003,7.016022,,7.016022,0,,181-17,0.87625000000,44.08714817150,4,3.50500000000,2
67,,USGSOIR10_20180821_D_USGS,USGSOIR10,43.27143000000,-77.44697000000,8/21/2018,20180821,Ontario,,USGS-Cladophora,10,,9.90000000000,97.5,360,,617,4,9457,1.33000000000e+002,"(181,17)",181,17,-3.31325e+000,0,0,0.00000000000e+000,0,1.92000000000e-001,1.00000000000e-003,7.016022,,7.016022,0,,181-17,0.87625000000,44.08714817150,4,3.50500000000,4
90,,USGSOIR10_20180920_D_USGS,USGSOIR10,43.27143000000,-77.44697000000,9/20/2018,20180920,Ontario,,USGS-Cladophora,10,,1.00000000000,21.1,185,,394,7,9457,1.33000000000e+002,"(181,17)",181,17,-3.31325e+000,0,0,0.00000000000e+000,0,1.92000000000e-001,1.00000000000e-003,7.016022,,7.016022,0,,181-17,0.87625000000,44.08714817150,4,3.50500000000,2
91,,USGSOIR10_20180920_D_USGS,USGSOIR10,43.27143000000,-77.44697000000,9/20/2018,20180920,Ontario,,USGS-Cladophora,10,,9.90000000000,25.2,181,,447,21,9457,1.33000000000e+002,"(181,17)",181,17,-3.31325e+000,0,0,0.00000000000e+000,0,1.92000000000e-001,1.00000000000e-003,7.016022,,7.016022,0,,181-17,0.87625000000,44.08714817150,4,3.50500000000,4
44,,USGSOIR18_20180725_D_USGS,USGSOIR18,43.27779000000,-77.45392000000,7/25/2018,20180725,Ontario,,USGS-Cladophora,18,,1.00000000000,31.6,318,,472,BDL,9359,1.96000000000e+002,"(180,21)",180,21,-1.47101e+001,0,0,0.00000000000e+000,0,1.92000000000e-001,1.00000000000e-003,6.278078,,6.278078,0,,180-21,1.49020000000,22.19031853200,10,14.90200000000,1
45,,USGSOIR18_20180725_D_USGS,USGSOIR18,43.27779000000,-77.45392000000,7/25/2018,20180725,Ontario,,USGS-Cladophora,18,,17.90000000000,35.5,357,,524,BDL,9359,1.96000000000e+002,"(180,21)",180,21,-1.47101e+001,0,0,0.00000000000e+000,0,1.92000000000e-001,1.00000000000e-003,6.278078,,6.278078,0,,180-21,1.49020000000,22.19031853200,10,14.90200000000,10
68,,USGSOIR18_20180821_D_USGS,USGSOIR18,43.27779000000,-77.45392000000,8/21/2018,20180821,Ontario,,USGS-Cladophora,18,,1.00000000000,88.8,296,,605,7,9359,1.96000000000e+002,"(180,21)",180,21,-1.47101e+001,0,0,0.00000000000e+000,0,1.92000000000e-001,1.00000000000e-003,6.278078,,6.278078,0,,180-21,1.49020000000,22.19031853200,10,14.90200000000,1
69,,USGSOIR18_20180821_D_USGS,USGSOIR18,43.27779000000,-77.45392000000,8/21/2018,20180821,Ontario,,USGS-Cladophora,18,,17.90000000000,NA,NA,,NA,NA,9359,1.96000000000e+002,"(180,21)",180,21,-1.47101e+001,0,0,0.00000000000e+000,0,1.92000000000e-001,1.00000000000e-003,6.278078,,6.278078,0,,180-21,1.49020000000,22.19031853200,10,14.90200000000,10
92,,USGSOIR18_20180920_D_USGS,USGSOIR18,43.27779000000,-77.45392000000,9/20/2018,20180920,Ontario,,USGS-Cladophora,18,,1.00000000000,14.8,146,,343,6,9359,1.96000000000e+002,"(180,21)",180,21,-1.47101e+001,0,0,0.00000000000e+000,0,1.92000000000e-001,1.00000000000e-003,6.278078,,6.278078,0,,180-21,1.49020000000,22.19031853200,10,14.90200000000,1
93,,USGSOIR18_20180920_D_USGS,USGSOIR18,43.27779000000,-77.45392000000,9/20/2018,20180920,Ontario,,USGS-Cladophora,18,,17.90000000000,53.6,216,,447,11,9359,1.96000000000e+002,"(180,21)",180,21,-1.47101e+001,0,0,0.00000000000e+000,0,1.92000000000e-001,1.00000000000e-003,6.278078,,6.278078,0,,180-21,1.49020000000,22.19031853200,10,14.90200000000,10
2,,USGSOOL3_20180522_D_USGS,USGSOOL3,43.33023000000,-78.76993000000,5/22/2018,20180522,Ontario,,USGS-Cladophora,3,,1.00000000000,12,218,,396,6,3281,1.11500000000e+003,"(92,49)",92,49,-3.76666e+000,0,0,0.00000000000e+000,0,1.92000000000e-001,1.00000000000e-003,6.353603,,6.353603,0,,92-49,0.98975000000,16.72301295190,4,3.95900000000,2
3,,USGSOOL3_20180522_D_USGS,USGSOOL3,43.33023000000,-78.76993000000,5/22/2018,20180522,Ontario,,USGS-Cladophora,3,,2.90000000000,24.4,213,,428,7,3281,1.11500000000e+003,"(92,49)",92,49,-3.76666e+000,0,0,0.00000000000e+000,0,1.92000000000e-001,1.00000000000e-003,6.353603,,6.353603,0,,92-49,0.98975000000,16.72301295190,4,3.95900000000,3
22,,USGSOOL3_20180619_D_USGS,USGSOOL3,43.33023000000,-78.76993000000,6/19/2018,20180619,Ontario,,USGS-Cladophora,3,,1.00000000000,13.1,139,,379,6,3281,1.11500000000e+003,"(92,49)",92,49,-3.76666e+000,0,0,0.00000000000e+000,0,1.92000000000e-001,1.00000000000e-003,6.353603,,6.353603,0,,92-49,0.98975000000,16.72301295190,4,3.95900000000,2
23,,USGSOOL3_20180619_D_USGS,USGSOOL3,43.33023000000,-78.76993000000,6/19/2018,20180619,Ontario,,USGS-Cladophora,3,,2.90000000000,14.3,140,,394,8,3281,1.11500000000e+003,"(92,49)",92,49,-3.76666e+000,0,0,0.00000000000e+000,0,1.92000000000e-001,1.00000000000e-003,6.353603,,6.353603,0,,92-49,0.98975000000,16.72301295190,4,3.95900000000,3
46,,USGSOOL3_20180724_D_USGS,USGSOOL3,43.33023000000,-78.76993000000,7/24/2018,20180724,Ontario,,USGS-Cladophora,3,,1.00000000000,14.4,143,,355,9,3281,1.11500000000e+003,"(92,49)",92,49,-3.76666e+000,0,0,0.00000000000e+000,0,1.92000000000e-001,1.00000000000e-003,6.353603,,6.353603,0,,92-49,0.98975000000,16.72301295190,4,3.95900000000,2
47,,USGSOOL3_20180724_D_USGS,USGSOOL3,43.33023000000,-78.76993000000,7/24/2018,20180724,Ontario,,USGS-Cladophora,3,,2.90000000000,16.2,147,,355,9,3281,1.11500000000e+003,"(92,49)",92,49,-3.76666e+000,0,0,0.00000000000e+000,0,1.92000000000e-001,1.00000000000e-003,6.353603,,6.353603,0,,92-49,0.98975000000,16.72301295190,4,3.95900000000,3
70,,USGSOOL3_20180820_D_USGS,USGSOOL3,43.33023000000,-78.76993000000,8/20/2018,20180820,Ontario,,USGS-Cladophora,3,,1.00000000000,22.7,208,,417,6,3281,1.11500000000e+003,"(92,49)",92,49,-3.76666e+000,0,0,0.00000000000e+000,0,1.92000000000e-001,1.00000000000e-003,6.353603,,6.353603,0,,92-49,0.98975000000,16.72301295190,4,3.95900000000,2
71,,USGSOOL3_20180820_D_USGS,USGSOOL3,43.33023000000,-78.76993000000,8/20/2018,20180820,Ontario,,USGS-Cladophora,3,,2.90000000000,32.8,225,,919,41,3281,1.11500000000e+003,"(92,49)",92,49,-3.76666e+000,0,0,0.00000000000e+000,0,1.92000000000e-001,1.00000000000e-003,6.353603,,6.353603,0,,92-49,0.98975000000,16.72301295190,4,3.95900000000,3
94,,USGSOOL3_20181003_D_USGS,USGSOOL3,43.33023000000,-78.76993000000,10/3/2018,20181003,Ontario,,USGS-Cladophora,3,,1.00000000000,30.3,240,,435,7,3281,1.11500000000e+003,"(92,49)",92,49,-3.76666e+000,0,0,0.00000000000e+000,0,1.92000000000e-001,1.00000000000e-003,6.353603,,6.353603,0,,92-49,0.98975000000,16.72301295190,4,3.95900000000,2
95,,USGSOOL3_20181003_D_USGS,USGSOOL3,43.33023000000,-78.76993000000,10/3/2018,20181003,Ontario,,USGS-Cladophora,3,,2.90000000000,32.4,245,,461,9,3281,1.11500000000e+003,"(92,49)",92,49,-3.76666e+000,0,0,0.00000000000e+000,0,1.92000000000e-001,1.00000000000e-003,6.353603,,6.353603,0,,92-49,0.98975000000,16.72301295190,4,3.95900000000,3
4,,USGSOOL6_20180522_D_USGS,USGSOOL6,43.33273000000,-78.77035000000,5/22/2018,20180522,Ontario,,USGS-Cladophora,6,,1.00000000000,22.5,245,,433,5,3283,1.40900000000e+003,"(92,51)",92,51,-4.70000e+000,0,0,0.00000000000e+000,0,1.92000000000e-001,1.00000000000e-003,5.986741,,5.986741,0,,92-51,0.97840000000,16.70188197740,5,4.89200000000,2
5,,USGSOOL6_20180522_D_USGS,USGSOOL6,43.33273000000,-78.77035000000,5/22/2018,20180522,Ontario,,USGS-Cladophora,6,,5.90000000000,31.7,234,,440,12,3283,1.40900000000e+003,"(92,51)",92,51,-4.70000e+000,0,0,0.00000000000e+000,0,1.92000000000e-001,1.00000000000e-003,5.986741,,5.986741,0,,92-51,0.97840000000,16.70188197740,5,4.89200000000,5
24,,USGSOOL6_20180619_D_USGS,USGSOOL6,43.33273000000,-78.77035000000,6/19/2018,20180619,Ontario,,USGS-Cladophora,6,,1.00000000000,19.2,160,,383,5,3283,1.40900000000e+003,"(92,51)",92,51,-4.70000e+000,0,0,0.00000000000e+000,0,1.92000000000e-001,1.00000000000e-003,5.986741,,5.986741,0,,92-51,0.97840000000,16.70188197740,5,4.89200000000,2
25,,USGSOOL6_20180619_D_USGS,USGSOOL6,43.33273000000,-78.77035000000,6/19/2018,20180619,Ontario,,USGS-Cladophora,6,,5.90000000000,15.9,161,,356,5,3283,1.40900000000e+003,"(92,51)",92,51,-4.70000e+000,0,0,0.00000000000e+000,0,1.92000000000e-001,1.00000000000e-003,5.986741,,5.986741,0,,92-51,0.97840000000,16.70188197740,5,4.89200000000,5
48,,USGSOOL6_20180724_D_USGS,USGSOOL6,43.33273000000,-78.77035000000,7/24/2018,20180724,Ontario,,USGS-Cladophora,6,,1.00000000000,42,177,,382,8,3283,1.40900000000e+003,"(92,51)",92,51,-4.70000e+000,0,0,0.00000000000e+000,0,1.92000000000e-001,1.00000000000e-003,5.986741,,5.986741,0,,92-51,0.97840000000,16.70188197740,5,4.89200000000,2
49,,USGSOOL6_20180724_D_USGS,USGSOOL6,43.33273000000,-78.77035000000,7/24/2018,20180724,Ontario,,USGS-Cladophora,6,,5.90000000000,15.5,151,,378,8,3283,1.40900000000e+003,"(92,51)",92,51,-4.70000e+000,0,0,0.00000000000e+000,0,1.92000000000e-001,1.00000000000e-003,5.986741,,5.986741,0,,92-51,0.97840000000,16.70188197740,5,4.89200000000,5
72,,USGSOOL6_20180820_D_USGS,USGSOOL6,43.33273000000,-78.77035000000,8/20/2018,20180820,Ontario,,USGS-Cladophora,6,,1.00000000000,25.4,188,,430,6,3283,1.40900000000e+003,"(92,51)",92,51,-4.70000e+000,0,0,0.00000000000e+000,0,1.92000000000e-001,1.00000000000e-003,5.986741,,5.986741,0,,92-51,0.97840000000,16.70188197740,5,4.89200000000,2
73,,USGSOOL6_20180820_D_USGS,USGSOOL6,43.33273000000,-78.77035000000,8/20/2018,20180820,Ontario,,USGS-Cladophora,6,,5.90000000000,50.5,274,,504,6,3283,1.40900000000e+003,"(92,51)",92,51,-4.70000e+000,0,0,0.00000000000e+000,0,1.92000000000e-001,1.00000000000e-003,5.986741,,5.986741,0,,92-51,0.97840000000,16.70188197740,5,4.89200000000,5
96,,USGSOOL6_20181003_D_USGS,USGSOOL6,43.33273000000,-78.77035000000,10/3/2018,20181003,Ontario,,USGS-Cladophora,6,,1.00000000000,31.5,203,,397,7,3283,1.40900000000e+003,"(92,51)",92,51,-4.70000e+000,0,0,0.00000000000e+000,0,1.92000000000e-001,1.00000000000e-003,5.986741,,5.986741,0,,92-51,0.97840000000,16.70188197740,5,4.89200000000,2
97,,USGSOOL6_20181003_D_USGS,USGSOOL6,43.33273000000,-78.77035000000,10/3/2018,20181003,Ontario,,USGS-Cladophora,6,,5.90000000000,29.8,256,,473,6,3283,1.40900000000e+003,"(92,51)",92,51,-4.70000e+000,0,0,0.00000000000e+000,0,1.92000000000e-001,1.00000000000e-003,5.986741,,5.986741,0,,92-51,0.97840000000,16.70188197740,5,4.89200000000,5
6,,USGSOOL10_20180522_D_USGS,USGSOOL10,43.34160000000,-78.77143000000,5/22/2018,20180522,Ontario,,USGS-Cladophora,10,,1.00000000000,24.5,251,,416,5,3351,2.56200000000e+003,"(93,58)",93,58,-1.09821e+001,0,0,0.00000000000e+000,0,1.92000000000e-001,1.00000000000e-003,4.893634,,4.893634,0,,93-58,1.11740000000,13.91264030600,10,11.17400000000,1
7,,USGSOOL10_20180522_D_USGS,USGSOOL10,43.34160000000,-78.77143000000,5/22/2018,20180522,Ontario,,USGS-Cladophora,10,,9.90000000000,54.9,264,,533,5,3351,2.56200000000e+003,"(93,58)",93,58,-1.09821e+001,0,0,0.00000000000e+000,0,1.92000000000e-001,1.00000000000e-003,4.893634,,4.893634,0,,93-58,1.11740000000,13.91264030600,10,11.17400000000,9
26,,USGSOOL10_20180620_D_USGS,USGSOOL10,43.34160000000,-78.77143000000,6/20/2018,20180620,Ontario,,USGS-Cladophora,10,,1.00000000000,11.7,166,,373,BDL,3351,2.56200000000e+003,"(93,58)",93,58,-1.09821e+001,0,0,0.00000000000e+000,0,1.92000000000e-001,1.00000000000e-003,4.893634,,4.893634,0,,93-58,1.11740000000,13.91264030600,10,11.17400000000,1
27,,USGSOOL10_20180620_D_USGS,USGSOOL10,43.34160000000,-78.77143000000,6/20/2018,20180620,Ontario,,USGS-Cladophora,10,,9.90000000000,15.4,162,,352,6,3351,2.56200000000e+003,"(93,58)",93,58,-1.09821e+001,0,0,0.00000000000e+000,0,1.92000000000e-001,1.00000000000e-003,4.893634,,4.893634,0,,93-58,1.11740000000,13.91264030600,10,11.17400000000,9
50,,USGSOOL10_20180724_D_USGS,USGSOOL10,43.34160000000,-78.77143000000,7/24/2018,20180724,Ontario,,USGS-Cladophora,10,,1.00000000000,13.1,132,,348,6,3351,2.56200000000e+003,"(93,58)",93,58,-1.09821e+001,0,0,0.00000000000e+000,0,1.92000000000e-001,1.00000000000e-003,4.893634,,4.893634,0,,93-58,1.11740000000,13.91264030600,10,11.17400000000,1
51,,USGSOOL10_20180724_D_USGS,USGSOOL10,43.34160000000,-78.77143000000,7/24/2018,20180724,Ontario,,USGS-Cladophora,10,,9.90000000000,21.6,160,,378,9,3351,2.56200000000e+003,"(93,58)",93,58,-1.09821e+001,0,0,0.00000000000e+000,0,1.92000000000e-001,1.00000000000e-003,4.893634,,4.893634,0,,93-58,1.11740000000,13.91264030600,10,11.17400000000,9
74,,USGSOOL10_20180820_D_USGS,USGSOOL10,43.34160000000,-78.77143000000,8/20/2018,20180820,Ontario,,USGS-Cladophora,10,,1.00000000000,22.3,199,,410,9,3351,2.56200000000e+003,"(93,58)",93,58,-1.09821e+001,0,0,0.00000000000e+000,0,1.92000000000e-001,1.00000000000e-003,4.893634,,4.893634,0,,93-58,1.11740000000,13.91264030600,10,11.17400000000,1
75,,USGSOOL10_20180820_D_USGS,USGSOOL10,43.34160000000,-78.77143000000,8/20/2018,20180820,Ontario,,USGS-Cladophora,10,,9.90000000000,105,311,,668,5,3351,2.56200000000e+003,"(93,58)",93,58,-1.09821e+001,0,0,0.00000000000e+000,0,1.92000000000e-001,1.00000000000e-003,4.893634,,4.893634,0,,93-58,1.11740000000,13.91264030600,10,11.17400000000,9
8,,USGSOOL18_20180522_D_USGS,USGSOOL18,43.34637000000,-78.77223000000,5/22/2018,20180522,Ontario,,USGS-Cladophora,18,,1.00000000000,23,238,,417,5,3355,3.24200000000e+003,"(93,62)",93,62,-1.73214e+001,0,0,0.00000000000e+000,0,1.92000000000e-001,1.00000000000e-003,5.911622,,5.911622,0,,93-62,1.75130000000,13.99576846040,10,17.51300000000,1
9,,USGSOOL18_20180522_D_USGS,USGSOOL18,43.34637000000,-78.77223000000,5/22/2018,20180522,Ontario,,USGS-Cladophora,18,,17.90000000000,48.1,275,,528,9,3355,3.24200000000e+003,"(93,62)",93,62,-1.73214e+001,0,0,0.00000000000e+000,0,1.92000000000e-001,1.00000000000e-003,5.911622,,5.911622,0,,93-62,1.75130000000,13.99576846040,10,17.51300000000,10
28,,USGSOOL18_20180620_D_USGS,USGSOOL18,43.34637000000,-78.77223000000,6/20/2018,20180620,Ontario,,USGS-Cladophora,18,,1.00000000000,BDL,167,,350,BDL,3355,3.24200000000e+003,"(93,62)",93,62,-1.73214e+001,0,0,0.00000000000e+000,0,1.92000000000e-001,1.00000000000e-003,5.911622,,5.911622,0,,93-62,1.75130000000,13.99576846040,10,17.51300000000,1
29,,USGSOOL18_20180620_D_USGS,USGSOOL18,43.34637000000,-78.77223000000,6/20/2018,20180620,Ontario,,USGS-Cladophora,18,,17.90000000000,33.9,298,,688,90,3355,3.24200000000e+003,"(93,62)",93,62,-1.73214e+001,0,0,0.00000000000e+000,0,1.92000000000e-001,1.00000000000e-003,5.911622,,5.911622,0,,93-62,1.75130000000,13.99576846040,10,17.51300000000,10
52,,USGSOOL18_20180724_D_USGS,USGSOOL18,43.34637000000,-78.77223000000,7/24/2018,20180724,Ontario,,USGS-Cladophora,18,,1.00000000000,14.1,127,,331,5,3355,3.24200000000e+003,"(93,62)",93,62,-1.73214e+001,0,0,0.00000000000e+000,0,1.92000000000e-001,1.00000000000e-003,5.911622,,5.911622,0,,93-62,1.75130000000,13.99576846040,10,17.51300000000,1
53,,USGSOOL18_20180724_D_USGS,USGSOOL18,43.34637000000,-78.77223000000,7/24/2018,20180724,Ontario,,USGS-Cladophora,18,,17.90000000000,19,169,,385,11,3355,3.24200000000e+003,"(93,62)",93,62,-1.73214e+001,0,0,0.00000000000e+000,0,1.92000000000e-001,1.00000000000e-003,5.911622,,5.911622,0,,93-62,1.75130000000,13.99576846040,10,17.51300000000,10
76,,USGSOOL18_20180820_D_USGS,USGSOOL18,43.34637000000,-78.77223000000,8/20/2018,20180820,Ontario,,USGS-Cladophora,18,,1.00000000000,37.2,227,,550,11,3355,3.24200000000e+003,"(93,62)",93,62,-1.73214e+001,0,0,0.00000000000e+000,0,1.92000000000e-001,1.00000000000e-003,5.911622,,5.911622,0,,93-62,1.75130000000,13.99576846040,10,17.51300000000,1
77,,USGSOOL18_20180820_D_USGS,USGSOOL18,43.34637000000,-78.77223000000,8/20/2018,20180820,Ontario,,USGS-Cladophora,18,,17.90000000000,86,336,,669,6,3355,3.24200000000e+003,"(93,62)",93,62,-1.73214e+001,0,0,0.00000000000e+000,0,1.92000000000e-001,1.00000000000e-003,5.911622,,5.911622,0,,93-62,1.75130000000,13.99576846040,10,17.51300000000,10
16,,USGSOSI18_20180524_D_USGS,USGSOSI18,43.91497000000,-76.29276000000,5/24/2018,20180524,Ontario,,USGS-Cladophora,18,,1.00000000000,BDL,319,,460,6,13660,1.25110000000e+004,"(246,107)",246,107,-1.71024e+001,0,0,0.00000000000e+000,0,1.92000000000e-001,1.00000000000e-003,6.668879,,6.668879,0,,246-107,1.72940000000,327.57742633900,10,17.29400000000,1
17,,USGSOSI18_20180524_D_USGS,USGSOSI18,43.91497000000,-76.29276000000,5/24/2018,20180524,Ontario,,USGS-Cladophora,18,,17.90000000000,69,338,,607,9,13660,1.25110000000e+004,"(246,107)",246,107,-1.71024e+001,0,0,0.00000000000e+000,0,1.92000000000e-001,1.00000000000e-003,6.668879,,6.668879,0,,246-107,1.72940000000,327.57742633900,10,17.29400000000,10
36,,USGSOSI18_20180622_D_USGS,USGSOSI18,43.91497000000,-76.29276000000,6/22/2018,20180622,Ontario,,USGS-Cladophora,18,,1.00000000000,12.1,219,,390,5,13660,1.25110000000e+004,"(246,107)",246,107,-1.71024e+001,0,0,0.00000000000e+000,0,1.92000000000e-001,1.00000000000e-003,6.668879,,6.668879,0,,246-107,1.72940000000,327.57742633900,10,17.29400000000,1
37,,USGSOSI18_20180622_D_USGS,USGSOSI18,43.91497000000,-76.29276000000,6/22/2018,20180622,Ontario,,USGS-Cladophora,18,,17.90000000000,164,230,,835,8,13660,1.25110000000e+004,"(246,107)",246,107,-1.71024e+001,0,0,0.00000000000e+000,0,1.92000000000e-001,1.00000000000e-003,6.668879,,6.668879,0,,246-107,1.72940000000,327.57742633900,10,17.29400000000,10
60,,USGSOSI18_20180727_D_USGS,USGSOSI18,43.91497000000,-76.29276000000,7/27/2018,20180727,Ontario,,USGS-Cladophora,18,,1.00000000000,12.3,136,,320,6,13660,1.25110000000e+004,"(246,107)",246,107,-1.71024e+001,0,0,0.00000000000e+000,0,1.92000000000e-001,1.00000000000e-003,6.668879,,6.668879,0,,246-107,1.72940000000,327.57742633900,10,17.29400000000,1
61,,USGSOSI18_20180727_D_USGS,USGSOSI18,43.91497000000,-76.29276000000,7/27/2018,20180727,Ontario,,USGS-Cladophora,18,,17.90000000000,41.8,340,,539,6,13660,1.25110000000e+004,"(246,107)",246,107,-1.71024e+001,0,0,0.00000000000e+000,0,1.92000000000e-001,1.00000000000e-003,6.668879,,6.668879,0,,246-107,1.72940000000,327.57742633900,10,17.29400000000,10
84,,USGSOSI18_20180823_D_USGS,USGSOSI18,43.91497000000,-76.29276000000,8/23/2018,20180823,Ontario,,USGS-Cladophora,18,,1.00000000000,15.8,97,,322,5,13660,1.25110000000e+004,"(246,107)",246,107,-1.71024e+001,0,0,0.00000000000e+000,0,1.92000000000e-001,1.00000000000e-003,6.668879,,6.668879,0,,246-107,1.72940000000,327.57742633900,10,17.29400000000,1
85,,USGSOSI18_20180823_D_USGS,USGSOSI18,43.91497000000,-76.29276000000,8/23/2018,20180823,Ontario,,USGS-Cladophora,18,,17.90000000000,116,334,,643,5,13660,1.25110000000e+004,"(246,107)",246,107,-1.71024e+001,0,0,0.00000000000e+000,0,1.92000000000e-001,1.00000000000e-003,6.668879,,6.668879,0,,246-107,1.72940000000,327.57742633900,10,17.29400000000,10
104,,USGSOSI18_20180917_D_USGS,USGSOSI18,43.91497000000,-76.29276000000,9/17/2018,20180917,Ontario,,USGS-Cladophora,18,,1.00000000000,BDL,102,,302,6,13660,1.25110000000e+004,"(246,107)",246,107,-1.71024e+001,0,0,0.00000000000e+000,0,1.92000000000e-001,1.00000000000e-003,6.668879,,6.668879,0,,246-107,1.72940000000,327.57742633900,10,17.29400000000,1
105,,USGSOSI18_20180917_D_USGS,USGSOSI18,43.91497000000,-76.29276000000,9/17/2018,20180917,Ontario,,USGS-Cladophora,18,,17.90000000000,50.9,294,,545,9,13660,1.25110000000e+004,"(246,107)",246,107,-1.71024e+001,0,0,0.00000000000e+000,0,1.92000000000e-001,1.00000000000e-003,6.668879,,6.668879,0,,246-107,1.72940000000,327.57742633900,10,17.29400000000,10
10,,USGSOSI3_20180524_D_USGS,USGSOSI3,43.91582000000,-76.30345000000,5/24/2018,20180524,Ontario,,USGS-Cladophora,3,,1.00000000000,BDL,304,,444,5,-1,,,0,0,,0,0,,0,,,,,,0,,,0.00000000000,0.00000000000,0,0.00000000000,#DIV/0!
11,,USGSOSI3_20180524_D_USGS,USGSOSI3,43.91582000000,-76.30345000000,5/24/2018,20180524,Ontario,,USGS-Cladophora,3,,2.90000000000,17.5,294,,889,47,-1,,,0,0,,0,0,,0,,,,,,0,,,0.00000000000,0.00000000000,0,0.00000000000,#DIV/0!
30,,USGSOSI3_20180622_D_USGS,USGSOSI3,43.91582000000,-76.30345000000,6/22/2018,20180622,Ontario,,USGS-Cladophora,3,,1.00000000000,17,212,,416,5,-1,,,0,0,,0,0,,0,,,,,,0,,,0.00000000000,0.00000000000,0,0.00000000000,#DIV/0!
31,,USGSOSI3_20180622_D_USGS,USGSOSI3,43.91582000000,-76.30345000000,6/22/2018,20180622,Ontario,,USGS-Cladophora,3,,2.90000000000,41.5,206,,483,7,-1,,,0,0,,0,0,,0,,,,,,0,,,0.00000000000,0.00000000000,0,0.00000000000,#DIV/0!
54,,USGSOSI3_20180727_D_USGS,USGSOSI3,43.91582000000,-76.30345000000,7/27/2018,20180727,Ontario,,USGS-Cladophora,3,,1.00000000000,10.8,121,,301,6,-1,,,0,0,,0,0,,0,,,,,,0,,,0.00000000000,0.00000000000,0,0.00000000000,#DIV/0!
55,,USGSOSI3_20180727_D_USGS,USGSOSI3,43.91582000000,-76.30345000000,7/27/2018,20180727,Ontario,,USGS-Cladophora,3,,2.90000000000,14.3,122,,310,5,-1,,,0,0,,0,0,,0,,,,,,0,,,0.00000000000,0.00000000000,0,0.00000000000,#DIV/0!
78,,USGSOSI3_20180823_D_USGS,USGSOSI3,43.91582000000,-76.30345000000,8/23/2018,20180823,Ontario,,USGS-Cladophora,3,,1.00000000000,20.5,97,,311,5,-1,,,0,0,,0,0,,0,,,,,,0,,,0.00000000000,0.00000000000,0,0.00000000000,#DIV/0!
79,,USGSOSI3_20180823_D_USGS,USGSOSI3,43.91582000000,-76.30345000000,8/23/2018,20180823,Ontario,,USGS-Cladophora,3,,2.90000000000,28.1,92,,353,37,-1,,,0,0,,0,0,,0,,,,,,0,,,0.00000000000,0.00000000000,0,0.00000000000,#DIV/0!
98,,USGSOSI3_20180917_D_USGS,USGSOSI3,43.91582000000,-76.30345000000,9/17/2018,20180917,Ontario,,USGS-Cladophora,3,,1.00000000000,14.2,99,,299,8,-1,,,0,0,,0,0,,0,,,,,,0,,,0.00000000000,0.00000000000,0,0.00000000000,#DIV/0!
99,,USGSOSI3_20180917_D_USGS,USGSOSI3,43.91582000000,-76.30345000000,9/17/2018,20180917,Ontario,,USGS-Cladophora,3,,2.90000000000,17.4,114,,318,6,-1,,,0,0,,0,0,,0,,,,,,0,,,0.00000000000,0.00000000000,0,0.00000000000,#DIV/0!
12,,USGSOSI6_20180524_D_USGS,USGSOSI6,43.91617000000,-76.30235000000,5/24/2018,20180524,Ontario,,USGS-Cladophora,6,,1.00000000000,BDL,306,,444,6,13660,1.25110000000e+004,"(246,107)",246,107,-1.71024e+001,0,0,0.00000000000e+000,0,1.92000000000e-001,1.00000000000e-003,6.668879,,6.668879,0,,246-107,1.72940000000,327.57742633900,10,17.29400000000,1
13,,USGSOSI6_20180524_D_USGS,USGSOSI6,43.91617000000,-76.30235000000,5/24/2018,20180524,Ontario,,USGS-Cladophora,6,,5.90000000000,23.8,304,,502,10,13660,1.25110000000e+004,"(246,107)",246,107,-1.71024e+001,0,0,0.00000000000e+000,0,1.92000000000e-001,1.00000000000e-003,6.668879,,6.668879,0,,246-107,1.72940000000,327.57742633900,10,17.29400000000,4
32,,USGSOSI6_20180621_D_USGS,USGSOSI6,43.91617000000,-76.30235000000,6/21/2018,20180621,Ontario,,USGS-Cladophora,6,,1.00000000000,13.8,211,,424,6,13660,1.25110000000e+004,"(246,107)",246,107,-1.71024e+001,0,0,0.00000000000e+000,0,1.92000000000e-001,1.00000000000e-003,6.668879,,6.668879,0,,246-107,1.72940000000,327.57742633900,10,17.29400000000,1
33,,USGSOSI6_20180621_D_USGS,USGSOSI6,43.91617000000,-76.30235000000,6/21/2018,20180621,Ontario,,USGS-Cladophora,6,,5.90000000000,107,212,,582,7,13660,1.25110000000e+004,"(246,107)",246,107,-1.71024e+001,0,0,0.00000000000e+000,0,1.92000000000e-001,1.00000000000e-003,6.668879,,6.668879,0,,246-107,1.72940000000,327.57742633900,10,17.29400000000,4
56,,USGSOSI6_20180726_D_USGS,USGSOSI6,43.91617000000,-76.30235000000,7/26/2018,20180726,Ontario,,USGS-Cladophora,6,,1.00000000000,11.1,125,,325,5,13660,1.25110000000e+004,"(246,107)",246,107,-1.71024e+001,0,0,0.00000000000e+000,0,1.92000000000e-001,1.00000000000e-003,6.668879,,6.668879,0,,246-107,1.72940000000,327.57742633900,10,17.29400000000,1
57,,USGSOSI6_20180726_D_USGS,USGSOSI6,43.91617000000,-76.30235000000,7/26/2018,20180726,Ontario,,USGS-Cladophora,6,,5.90000000000,12.7,117,,328,8,13660,1.25110000000e+004,"(246,107)",246,107,-1.71024e+001,0,0,0.00000000000e+000,0,1.92000000000e-001,1.00000000000e-003,6.668879,,6.668879,0,,246-107,1.72940000000,327.57742633900,10,17.29400000000,4
80,,USGSOSI6_20180823_D_USGS,USGSOSI6,43.91617000000,-76.30235000000,8/23/2018,20180823,Ontario,,USGS-Cladophora,6,,1.00000000000,13.3,96,,313,6,13660,1.25110000000e+004,"(246,107)",246,107,-1.71024e+001,0,0,0.00000000000e+000,0,1.92000000000e-001,1.00000000000e-003,6.668879,,6.668879,0,,246-107,1.72940000000,327.57742633900,10,17.29400000000,1
81,,USGSOSI6_20180823_D_USGS,USGSOSI6,43.91617000000,-76.30235000000,8/23/2018,20180823,Ontario,,USGS-Cladophora,6,,5.90000000000,53.4,92,,417,19,13660,1.25110000000e+004,"(246,107)",246,107,-1.71024e+001,0,0,0.00000000000e+000,0,1.92000000000e-001,1.00000000000e-003,6.668879,,6.668879,0,,246-107,1.72940000000,327.57742633900,10,17.29400000000,4
100,,USGSOSI6_20180918_D_USGS,USGSOSI6,43.91617000000,-76.30235000000,9/18/2018,20180918,Ontario,,USGS-Cladophora,6,,1.00000000000,12.9,110,,317,6,13660,1.25110000000e+004,"(246,107)",246,107,-1.71024e+001,0,0,0.00000000000e+000,0,1.92000000000e-001,1.00000000000e-003,6.668879,,6.668879,0,,246-107,1.72940000000,327.57742633900,10,17.29400000000,1
101,,USGSOSI6_20180918_D_USGS,USGSOSI6,43.91617000000,-76.30235000000,9/18/2018,20180918,Ontario,,USGS-Cladophora,6,,5.90000000000,16.9,150,,403,13,13660,1.25110000000e+004,"(246,107)",246,107,-1.71024e+001,0,0,0.00000000000e+000,0,1.92000000000e-001,1.00000000000e-003,6.668879,,6.668879,0,,246-107,1.72940000000,327.57742633900,10,17.29400000000,4
14,,USGSOSI10_20180524_D_USGS,USGSOSI10,43.91615000000,-76.29678000000,5/24/2018,20180524,Ontario,,USGS-Cladophora,10,,1.00000000000,BDL,311,,466,5,13660,1.25110000000e+004,"(246,107)",246,107,-1.71024e+001,0,0,0.00000000000e+000,0,1.92000000000e-001,1.00000000000e-003,6.668879,,6.668879,0,,246-107,1.72940000000,327.57742633900,10,17.29400000000,1
15,,USGSOSI10_20180524_D_USGS,USGSOSI10,43.91615000000,-76.29678000000,5/24/2018,20180524,Ontario,,USGS-Cladophora,10,,9.90000000000,65,332,,579,4,13660,1.25110000000e+004,"(246,107)",246,107,-1.71024e+001,0,0,0.00000000000e+000,0,1.92000000000e-001,1.00000000000e-003,6.668879,,6.668879,0,,246-107,1.72940000000,327.57742633900,10,17.29400000000,6
34,,USGSOSI10_20180622_D_USGS,USGSOSI10,43.91615000000,-76.29678000000,6/22/2018,20180622,Ontario,,USGS-Cladophora,10,,1.00000000000,15.6,218,,415,5,13660,1.25110000000e+004,"(246,107)",246,107,-1.71024e+001,0,0,0.00000000000e+000,0,1.92000000000e-001,1.00000000000e-003,6.668879,,6.668879,0,,246-107,1.72940000000,327.57742633900,10,17.29400000000,1
35,,USGSOSI10_20180622_D_USGS,USGSOSI10,43.91615000000,-76.29678000000,6/22/2018,20180622,Ontario,,USGS-Cladophora,10,,9.90000000000,121,216,,694,6,13660,1.25110000000e+004,"(246,107)",246,107,-1.71024e+001,0,0,0.00000000000e+000,0,1.92000000000e-001,1.00000000000e-003,6.668879,,6.668879,0,,246-107,1.72940000000,327.57742633900,10,17.29400000000,6
58,,USGSOSI10_20180726_D_USGS,USGSOSI10,43.91615000000,-76.29678000000,7/26/2018,20180726,Ontario,,USGS-Cladophora,10,,1.00000000000,12.9,128,,307,5,13660,1.25110000000e+004,"(246,107)",246,107,-1.71024e+001,0,0,0.00000000000e+000,0,1.92000000000e-001,1.00000000000e-003,6.668879,,6.668879,0,,246-107,1.72940000000,327.57742633900,10,17.29400000000,1
59,,USGSOSI10_20180726_D_USGS,USGSOSI10,43.91615000000,-76.29678000000,7/26/2018,20180726,Ontario,,USGS-Cladophora,10,,9.90000000000,12.8,139,,351,7,13660,1.25110000000e+004,"(246,107)",246,107,-1.71024e+001,0,0,0.00000000000e+000,0,1.92000000000e-001,1.00000000000e-003,6.668879,,6.668879,0,,246-107,1.72940000000,327.57742633900,10,17.29400000000,6
82,,USGSOSI10_20180823_D_USGS,USGSOSI10,43.91615000000,-76.29678000000,8/23/2018,20180823,Ontario,,USGS-Cladophora,10,,1.00000000000,13.1,98,,307,5,13660,1.25110000000e+004,"(246,107)",246,107,-1.71024e+001,0,0,0.00000000000e+000,0,1.92000000000e-001,1.00000000000e-003,6.668879,,6.668879,0,,246-107,1.72940000000,327.57742633900,10,17.29400000000,1
83,,USGSOSI10_20180823_D_USGS,USGSOSI10,43.91615000000,-76.29678000000,8/23/2018,20180823,Ontario,,USGS-Cladophora,10,,9.90000000000,141,101,,560,6,13660,1.25110000000e+004,"(246,107)",246,107,-1.71024e+001,0,0,0.00000000000e+000,0,1.92000000000e-001,1.00000000000e-003,6.668879,,6.668879,0,,246-107,1.72940000000,327.57742633900,10,17.29400000000,6
102,,USGSOSI10_20180917_D_USGS,USGSOSI10,43.91615000000,-76.29678000000,9/17/2018,20180917,Ontario,,USGS-Cladophora,10,,1.00000000000,11.8,93,,303,9,13660,1.25110000000e+004,"(246,107)",246,107,-1.71024e+001,0,0,0.00000000000e+000,0,1.92000000000e-001,1.00000000000e-003,6.668879,,6.668879,0,,246-107,1.72940000000,327.57742633900,10,17.29400000000,1
103,,USGSOSI10_20180917_D_USGS,USGSOSI10,43.91615000000,-76.29678000000,9/17/2018,20180917,Ontario,,USGS-Cladophora,10,,9.90000000000,39.3,247,,487,8,13660,1.25110000000e+004,"(246,107)",246,107,-1.71024e+001,0,0,0.00000000000e+000,0,1.92000000000e-001,1.00000000000e-003,6.668879,,6.668879,0,,246-107,1.72940000000,327.57742633900,10,17.29400000000,6
