"interval_number","velocity_meters_per_second","U_Component_Vel","V_Compoment_Vel","direction_degrees"
1,0.0271645557885529,0.0271645557885529,0,0
2,0.0727191795935697,0.0727191795935697,0,0
3,0.1316233150996,0.1316233150996,0,0
4,0.144608179046625,0.144608179046625,0,0
5,0.133403747290112,0.133403747290112,0,0
6,0.119952121558906,0.119952121558906,0,0
7,0.11299812629642,0.11299812629642,0,0
8,0.109343153223461,0.109343153223461,0,0
9,0.0811521242795064,0.0811521242795064,0,0
10,0.0578260241886657,0.0578260241886657,0,0
11,0.0426281538753036,0.0426281538753036,0,0
12,0.0323231934629435,0.0323231934629435,0,0
13,0.029257238139353,0.029257238139353,0,0
14,0.039828096043334,0.039828096043334,0,0
15,0.045571367146718,0.045571367146718,0,0
16,0.0389138725652493,0.0389138725652493,0,0
17,0.0344652697298232,0.0344652697298232,0,0
18,0.0285751867843684,0.0285751867843684,0,0
19,0.0237555880489411,0.0237555880489411,0,0
20,0.00898289685386215,0.00898289685386215,0,0
21,0.0320946772529813,-0.0320946772529813,0,0
22,0.0681833037174887,-0.0681833037174887,0,0
23,0.0878280582236355,-0.0878280582236355,0,0
24,0.092376814024164,-0.092376814024164,0,0
25,0.0964303452750433,-0.0964303452750433,0,0
26,0.0938534517411965,-0.0938534517411965,0,0
27,0.0797637314945999,-0.0797637314945999,0,0
28,0.048305519166429,-0.048305519166429,0,0
29,0.0935850657378926,0.0935850657378926,0,0
30,0.21012962295294,0.21012962295294,0,0
31,0.264728235342735,0.264728235342735,0,0
32,0.261056174947273,0.261056174947273,0,0
33,0.224362092953998,0.224362092953998,0,0
34,0.186991843952837,0.186991843952837,0,0
35,0.144489644208752,0.144489644208752,0,0
36,0.123361900700356,0.123361900700356,0,0
37,0.115006979461009,0.115006979461009,0,0
38,0.107658028531622,0.107658028531622,0,0
39,0.106183323246115,0.106183323246115,0,0
40,0.0938009767801484,0.0938009767801484,0,0
41,0.0819462895710413,0.0819462895710413,0,0
42,0.0572474971982442,0.0572474971982442,0,0
43,0.0416189894348279,0.0416189894348279,0,0
44,0.0333953342200893,0.0333953342200893,0,0
45,0.0214127178361973,0.0214127178361973,0,0
46,0.0187597246128745,0.0187597246128745,0,0
47,0.0212228891358208,0.0212228891358208,0,0
48,0.0603242589092809,0.0603242589092809,0,0
49,0.0978353992411291,0.0978353992411291,0,0
50,0.130889310465028,0.130889310465028,0,0
51,0.161991553072136,0.161991553072136,0,0
52,0.144064814473557,0.144064814473557,0,0
53,0.134060489696305,0.134060489696305,0,0
54,0.120183440402444,0.120183440402444,0,0
55,0.102387903937546,0.102387903937546,0,0
56,0.106510392853359,0.106510392853359,0,0
57,0.0860095955110324,0.0860095955110324,0,0
58,0.0745000634228662,0.0745000634228662,0,0
59,0.0650595400620068,0.0650595400620068,0,0
60,0.0656417013479036,0.0656417013479036,0,0
61,0.072739106688923,0.072739106688923,0,0
62,0.0900665735569088,0.0900665735569088,0,0
63,0.102633614883509,0.102633614883509,0,0
64,0.0945707977897011,0.0945707977897011,0,0
65,0.087562649868088,0.087562649868088,0,0
66,0.0832410250685429,0.0832410250685429,0,0
67,0.0643352669321,0.0643352669321,0,0
68,0.0463585633644325,0.0463585633644325,0,0
69,0.0332365565176732,0.0332365565176732,0,0
70,0.0281362191199813,0.0281362191199813,0,0
71,0.0209471944299104,0.0209471944299104,0,0
72,0.016892674084474,0.016892674084474,0,0
73,0.0121760657598177,0.0121760657598177,0,0
74,0.0103878084087566,0.0103878084087566,0,0
75,0.0109808338059562,0.0109808338059562,0,0
76,0.0104630308595963,0.0104630308595963,0,0
77,0.0177092305236696,0.0177092305236696,0,0
78,0.0258106206985548,0.0258106206985548,0,0
79,0.0369428107024828,0.0369428107024828,0,0
80,0.0460947218747814,0.0460947218747814,0,0
81,0.0416149457464001,0.0416149457464001,0,0
82,0.0372579604551045,0.0372579604551045,0,0
83,0.0307646825718719,0.0307646825718719,0,0
84,0.0266498906513119,0.0266498906513119,0,0
85,0.0250326170373819,0.0250326170373819,0,0
86,0.0397312696949965,0.0397312696949965,0,0
87,0.0606368349310318,0.0606368349310318,0,0
88,0.0697090104108716,0.0697090104108716,0,0
89,0.0551532822376582,0.0551532822376582,0,0
90,0.0408202564914548,0.0408202564914548,0,0
91,0.0329815174078693,0.0329815174078693,0,0
92,0.0253270139351971,0.0253270139351971,0,0
93,0.00806161820885781,0.00806161820885781,0,0
94,0.0140795628558969,-0.0140795628558969,0,0
95,0.0278127405319626,-0.0278127405319626,0,0
96,0.0248959422708376,-0.0248959422708376,0,0
97,0.00566005194846107,-0.00566005194846107,0,0
98,0.0381171599528923,0.0381171599528923,0,0
99,0.0479275235216433,0.0479275235216433,0,0
100,0.0411830043194067,0.0411830043194067,0,0
101,0.0280843693403267,0.0280843693403267,0,0
102,0.00107723675604733,0.00107723675604733,0,0
103,0.0384391463337487,-0.0384391463337487,0,0
104,0.0575626895806372,-0.0575626895806372,0,0
105,0.0545976221543777,-0.0545976221543777,0,0
106,0.0467911396248687,-0.0467911396248687,0,0
107,0.0493248505424204,-0.0493248505424204,0,0
108,0.0801210923604443,-0.0801210923604443,0,0
109,0.132132403111704,-0.132132403111704,0,0
110,0.157444229487745,-0.157444229487745,0,0
111,0.175902675415065,-0.175902675415065,0,0
112,0.17500750349906,-0.17500750349906,0,0
113,0.179574037442359,-0.179574037442359,0,0
114,0.187299631669457,-0.187299631669457,0,0
115,0.181746007681995,-0.181746007681995,0,0
116,0.176774748201699,-0.176774748201699,0,0
117,0.171733866685744,-0.171733866685744,0,0
118,0.173554218468288,-0.173554218468288,0,0
119,0.180051268187189,-0.180051268187189,0,0
120,0.175967208445274,-0.175967208445274,0,0
121,0.18197146629296,-0.18197146629296,0,0
122,0.174864983255978,-0.174864983255978,0,0
123,0.174425788025235,-0.174425788025235,0,0
124,0.147757712952645,-0.147757712952645,0,0
125,0.122909404740058,-0.122909404740058,0,0
126,0.0967128568615806,-0.0967128568615806,0,0
127,0.0688310167585322,-0.0688310167585322,0,0
128,0.0371134182126476,-0.0371134182126476,0,0
129,0.00288429965772683,-0.00288429965772683,0,0
130,0.0327259644658514,0.0327259644658514,0,0
131,0.0599521131954654,0.0599521131954654,0,0
132,0.0854826155885501,0.0854826155885501,0,0
133,0.0957163236523862,0.0957163236523862,0,0
134,0.100946172296141,0.100946172296141,0,0
135,0.0997125147706704,0.0997125147706704,0,0
136,0.0954915214131482,0.0954915214131482,0,0
137,0.0877446964482655,0.0877446964482655,0,0
138,0.0878584876240775,0.0878584876240775,0,0
139,0.0921913202116819,0.0921913202116819,0,0
140,0.0917065323282756,0.0917065323282756,0,0
141,0.0914356895637886,0.0914356895637886,0,0
142,0.098027663526533,0.098027663526533,0,0
143,0.0985256205157719,0.0985256205157719,0,0
144,0.0906715092340288,0.0906715092340288,0,0
145,0.0779646795518035,0.0779646795518035,0,0
146,0.0720650948976731,0.0720650948976731,0,0
147,0.0661757676793851,0.0661757676793851,0,0
148,0.0604990187967735,0.0604990187967735,0,0
149,0.0601483164675934,0.0601483164675934,0,0
150,0.0815832461996281,0.0815832461996281,0,0
151,0.104747701762887,0.104747701762887,0,0
152,0.1112458402234,0.1112458402234,0,0
153,0.102474047310203,0.102474047310203,0,0
154,0.0931960467745623,0.0931960467745623,0,0
155,0.0909021255814385,0.0909021255814385,0,0
156,0.0914559158394118,0.0914559158394118,0,0
157,0.0880113015989225,0.0880113015989225,0,0
158,0.0841033109208717,0.0841033109208717,0,0
159,0.0819375267785652,0.0819375267785652,0,0
160,0.0790983158623021,0.0790983158623021,0,0
161,0.0693289272892962,0.0693289272892962,0,0
162,0.0564357279394314,0.0564357279394314,0,0
163,0.049880258691272,0.049880258691272,0,0
164,0.0446274021817572,0.0446274021817572,0,0
165,0.0433229609341298,0.0433229609341298,0,0
166,0.0506168298556216,0.0506168298556216,0,0
167,0.0566608702910937,0.0566608702910937,0,0
168,0.0585271741255665,0.0585271741255665,0,0
169,0.0492142303105666,0.0492142303105666,0,0
170,0.03979921712045,0.03979921712045,0,0
171,0.0336029619328862,0.0336029619328862,0,0
172,0.0281267572737984,0.0281267572737984,0,0
173,0.0290927214436221,0.0290927214436221,0,0
174,0.0364397983956444,0.0364397983956444,0,0
175,0.0329922117941308,0.0329922117941308,0,0
176,0.0232661672132145,0.0232661672132145,0,0
177,0.0148625163156378,0.0148625163156378,0,0
178,0.00886211372497585,0.00886211372497585,0,0
179,0.000446024268626991,0.000446024268626991,0,0
180,0.00766565610648617,-0.00766565610648617,0,0
181,0.0208795005707515,-0.0208795005707515,0,0
182,0.035897050282755,-0.035897050282755,0,0
183,0.0422740328999706,-0.0422740328999706,0,0
184,0.0474364547915535,-0.0474364547915535,0,0
185,0.0486038866792866,-0.0486038866792866,0,0
186,0.0436001987812158,-0.0436001987812158,0,0
187,0.038181755234009,-0.038181755234009,0,0
188,0.0368593187209945,-0.0368593187209945,0,0
189,0.0349120789756384,-0.0349120789756384,0,0
190,0.0321532078174222,-0.0321532078174222,0,0
191,0.0337188542847338,-0.0337188542847338,0,0
192,0.0356595768959493,-0.0356595768959493,0,0
193,0.0350385626466241,-0.0350385626466241,0,0
194,0.0342684941191244,-0.0342684941191244,0,0
195,0.0415571022411737,-0.0415571022411737,0,0
196,0.0605304822131426,-0.0605304822131426,0,0
197,0.0704422391171312,-0.0704422391171312,0,0
198,0.0657337749455893,-0.0657337749455893,0,0
199,0.0518479708288079,-0.0518479708288079,0,0
200,0.041226867018305,-0.041226867018305,0,0
201,0.0121170225662323,-0.0121170225662323,0,0
202,0.0334109464287863,0.0334109464287863,0,0
203,0.0699304703580139,0.0699304703580139,0,0
204,0.085592461114375,0.085592461114375,0,0
205,0.090801385723653,0.090801385723653,0,0
206,0.0983010462946093,0.0983010462946093,0,0
207,0.0935801993538264,0.0935801993538264,0,0
208,0.0800050822457754,0.0800050822457754,0,0
209,0.0657452726457032,0.0657452726457032,0,0
210,0.0524496627671078,0.0524496627671078,0,0
211,0.0437680671361483,0.0437680671361483,0,0
212,0.033641301331807,0.033641301331807,0,0
213,0.0257796834996553,0.0257796834996553,0,0
214,0.0127218771787963,0.0127218771787963,0,0
215,0.00950833516930938,-0.00950833516930938,0,0
216,0.0188930778417282,-0.0188930778417282,0,0
217,0.0206988450378273,-0.0206988450378273,0,0
218,0.0120972455924526,-0.0120972455924526,0,0
219,0.0035053372659448,-0.0035053372659448,0,0
220,0.00462900275176315,0.00462900275176315,0,0
221,0.0121363474545246,0.0121363474545246,0,0
222,0.0200000211317174,0.0200000211317174,0,0
223,0.044654669339184,0.044654669339184,0,0
224,0.0641974313707923,0.0641974313707923,0,0
225,0.0847958185846173,0.0847958185846173,0,0
226,0.0865787239820589,0.0865787239820589,0,0
227,0.083363852489237,0.083363852489237,0,0
228,0.086590492103677,0.086590492103677,0,0
229,0.0906627279167282,0.0906627279167282,0,0
230,0.0962019151405222,0.0962019151405222,0,0
231,0.0989144872092736,0.0989144872092736,0,0
232,0.0906862817692729,0.0906862817692729,0,0
233,0.0822739445626503,0.0822739445626503,0,0
234,0.0859642685425617,0.0859642685425617,0,0
235,0.0813576894600715,0.0813576894600715,0,0
236,0.0802082396154452,0.0802082396154452,0,0
237,0.0834246579378221,0.0834246579378221,0,0
238,0.0889229955226302,0.0889229955226302,0,0
239,0.0959447080190905,0.0959447080190905,0,0
240,0.088570428823678,0.088570428823678,0,0
241,0.0700521640647214,0.0700521640647214,0,0
242,0.061270869054151,0.061270869054151,0,0
243,0.0512442259995832,0.0512442259995832,0,0
244,0.0451859235020691,0.0451859235020691,0,0
245,0.0427412292255634,0.0427412292255634,0,0
246,0.0399036485240872,0.0399036485240872,0,0
247,0.0372529272405038,0.0372529272405038,0,0
248,0.0514585456028275,0.0514585456028275,0,0
249,0.0572820270227604,0.0572820270227604,0,0
250,0.0546162130754304,0.0546162130754304,0,0
251,0.0541831283586007,0.0541831283586007,0,0
252,0.0605173169416651,0.0605173169416651,0,0
253,0.0699279257291912,0.0699279257291912,0,0
254,0.0912216372694614,0.0912216372694614,0,0
255,0.113029350091408,0.113029350091408,0,0
256,0.111103513074091,0.111103513074091,0,0
257,0.0894442115752406,0.0894442115752406,0,0
258,0.0694920072266053,0.0694920072266053,0,0
259,0.0564426820801648,0.0564426820801648,0,0
260,0.0598905954748376,0.0598905954748376,0,0
261,0.0663819764891238,0.0663819764891238,0,0
262,0.0815519588107881,0.0815519588107881,0,0
263,0.0793824131766293,0.0793824131766293,0,0
264,0.0643195076824459,0.0643195076824459,0,0
265,0.053673143240186,0.053673143240186,0,0
266,0.0446094239294884,0.0446094239294884,0,0
267,0.0375429950865625,0.0375429950865625,0,0
268,0.0270443214533823,0.0270443214533823,0,0
269,0.0109904379495443,0.0109904379495443,0,0
270,0.0115769119340574,0.0115769119340574,0,0
271,0.0658644943679888,0.0658644943679888,0,0
272,0.19938323702371,0.19938323702371,0,0
273,0.21470390105192,0.21470390105192,0,0
274,0.158050188717073,0.158050188717073,0,0
275,0.135648766034532,0.135648766034532,0,0
276,0.123108458955348,0.123108458955348,0,0
277,0.118278145210776,0.118278145210776,0,0
278,0.117196127676551,0.117196127676551,0,0
279,0.116347732224157,0.116347732224157,0,0
280,0.104436588361696,0.104436588361696,0,0
281,0.0795992031978045,0.0795992031978045,0,0
282,0.0594138742559574,0.0594138742559574,0,0
283,0.0503182092883291,0.0503182092883291,0,0
284,0.0458721528486992,0.0458721528486992,0,0
285,0.0322580121084217,0.0322580121084217,0,0
286,0.0254267207507879,0.0254267207507879,0,0
287,0.0176825734726206,0.0176825734726206,0,0
288,0.0199928138445248,0.0199928138445248,0,0
289,0.0185166587756506,0.0185166587756506,0,0
290,0.0106542826912453,0.0106542826912453,0,0
291,0.00588596772924755,0.00588596772924755,0,0
292,0.00642327832042096,-0.00642327832042096,0,0
293,0.0193872230110022,-0.0193872230110022,0,0
294,0.0310487274069087,-0.0310487274069087,0,0
295,0.0265956962324395,-0.0265956962324395,0,0
296,0.0201653668259282,-0.0201653668259282,0,0
297,0.0202229384180731,-0.0202229384180731,0,0
298,0.0185237084773342,-0.0185237084773342,0,0
299,0.0212930892211823,-0.0212930892211823,0,0
300,0.0202053812395401,-0.0202053812395401,0,0
301,0.0242061683607604,-0.0242061683607604,0,0
302,0.0276800359807346,-0.0276800359807346,0,0
303,0.033421661386728,-0.033421661386728,0,0
304,0.038083083451078,-0.038083083451078,0,0
305,0.0316421506941799,-0.0316421506941799,0,0
306,0.0288881188147333,-0.0288881188147333,0,0
307,0.0260956851404617,-0.0260956851404617,0,0
308,0.0259135064768788,-0.0259135064768788,0,0
309,0.0283492569462796,-0.0283492569462796,0,0
310,0.0273808001508809,-0.0273808001508809,0,0
311,0.0331263539998354,-0.0331263539998354,0,0
312,0.0338622641024483,-0.0338622641024483,0,0
313,0.035988664244437,-0.035988664244437,0,0
314,0.0419495725015643,-0.0419495725015643,0,0
315,0.0437013069413592,-0.0437013069413592,0,0
316,0.0335917132776867,-0.0335917132776867,0,0
317,0.0052284467545072,-0.0052284467545072,0,0
318,0.0602809395857797,0.0602809395857797,0,0
319,0.11168772105826,0.11168772105826,0,0
320,0.11347654531302,0.11347654531302,0,0
321,0.10408788951518,0.10408788951518,0,0
322,0.101254976543359,0.101254976543359,0,0
323,0.0869466345973821,0.0869466345973821,0,0
324,0.0590558634917313,0.0590558634917313,0,0
325,0.0265323969859438,0.0265323969859438,0,0
326,0.0172911438231212,0.0172911438231212,0,0
327,0.0200014147789746,0.0200014147789746,0,0
328,0.0209279785606202,0.0209279785606202,0,0
329,0.021171768412553,0.021171768412553,0,0
330,0.0129640173842582,0.0129640173842582,0,0
331,0.00596834135411341,-0.00596834135411341,0,0
332,0.0387388740127558,-0.0387388740127558,0,0
333,0.0613913412509238,-0.0613913412509238,0,0
334,0.0681899831785565,-0.0681899831785565,0,0
335,0.055700607950454,-0.055700607950454,0,0
336,0.0346446953313088,-0.0346446953313088,0,0
337,0.0241156623813275,-0.0241156623813275,0,0
338,0.0182355154502856,-0.0182355154502856,0,0
339,0.0206278254550906,-0.0206278254550906,0,0
340,0.0245267405214421,-0.0245267405214421,0,0
341,0.0335474159646457,-0.0335474159646457,0,0
342,0.0538718186602921,-0.0538718186602921,0,0
343,0.0592274380825722,-0.0592274380825722,0,0
344,0.0443493791109951,-0.0443493791109951,0,0
345,0.0313310209959787,-0.0313310209959787,0,0
346,0.0260405377928163,-0.0260405377928163,0,0
347,0.022070118900183,-0.022070118900183,0,0
348,0.0170817546429618,-0.0170817546429618,0,0
349,0.014018771277871,-0.014018771277871,0,0
350,0.0101525419399679,-0.0101525419399679,0,0
351,0.00645804912013083,-0.00645804912013083,0,0
352,0.00728458422653709,-0.00728458422653709,0,0
353,0.00454681289374057,-0.00454681289374057,0,0
354,0.000101831120565173,0.000101831120565173,0,0
355,0.00583758208382971,0.00583758208382971,0,0
356,0.0121026178578236,0.0121026178578236,0,0
357,0.0155112286376245,0.0155112286376245,0,0
358,0.0152331863689264,0.0152331863689264,0,0
359,0.0181569212857125,0.0181569212857125,0,0
360,0.024316938483445,0.024316938483445,0,0
361,0.0210391764651787,0.0210391764651787,0,0
362,0.0184031413290547,0.0184031413290547,0,0
363,0.0157484619475587,0.0157484619475587,0,0
364,0.00353968328670474,0.00353968328670474,0,0
365,0.0164643553590218,-0.0164643553590218,0,0
366,0.0164277830891632,-0.0164277830891632,0,0
367,0.00747120994919533,-0.00747120994919533,0,0
368,0.00160052881927286,-0.00160052881927286,0,0
369,0.00360557606108364,0.00360557606108364,0,0
370,0.00857508629861019,0.00857508629861019,0,0
371,0.0115126851431355,0.0115126851431355,0,0
372,0.0135903355113079,0.0135903355113079,0,0
373,0.0152682764077174,0.0152682764077174,0,0
374,0.0162269594739757,0.0162269594739757,0,0
375,0.0101270236343994,0.0101270236343994,0,0
376,0.000873191099404135,-0.000873191099404135,0,0
377,0.00902706977235748,-0.00902706977235748,0,0
378,0.0296035751992514,-0.0296035751992514,0,0
379,0.0762512753946004,-0.0762512753946004,0,0
380,0.0964661006023174,-0.0964661006023174,0,0
381,0.124853664789134,-0.124853664789134,0,0
382,0.145454672783169,-0.145454672783169,0,0
383,0.135319383714857,-0.135319383714857,0,0
384,0.117569513382554,-0.117569513382554,0,0
385,0.101361551645443,-0.101361551645443,0,0
386,0.0993968698729659,-0.0993968698729659,0,0
387,0.0904103302892454,-0.0904103302892454,0,0
388,0.0856098573219928,-0.0856098573219928,0,0
389,0.0842748801119721,-0.0842748801119721,0,0
390,0.0771747809560555,-0.0771747809560555,0,0
391,0.0672548935185276,-0.0672548935185276,0,0
392,0.0504407726391221,-0.0504407726391221,0,0
393,0.0429083230565786,-0.0429083230565786,0,0
394,0.0362522703481981,-0.0362522703481981,0,0
395,0.0204267875958539,-0.0204267875958539,0,0
396,0.0126651644377898,0.0126651644377898,0,0
397,0.0495786174872861,0.0495786174872861,0,0
398,0.0601339520286771,0.0601339520286771,0,0
399,0.0601318297101501,0.0601318297101501,0,0
400,0.0474293676694384,0.0474293676694384,0,0
401,0.0332856663037199,0.0332856663037199,0,0
402,0.0290865629793676,0.0290865629793676,0,0
403,0.0255484478968712,0.0255484478968712,0,0
404,0.0245058331819301,0.0245058331819301,0,0
405,0.0249683884411654,0.0249683884411654,0,0
406,0.0264529431276518,0.0264529431276518,0,0
407,0.0303789382487768,0.0303789382487768,0,0
408,0.0245342398299561,0.0245342398299561,0,0
409,0.0194112036918834,0.0194112036918834,0,0
410,0.0124103162761932,0.0124103162761932,0,0
411,0.000685282544127522,0.000685282544127522,0,0
412,0.00901684311466998,-0.00901684311466998,0,0
413,0.0112266207907143,-0.0112266207907143,0,0
414,0.00986893150108686,-0.00986893150108686,0,0
415,0.00837961133452508,-0.00837961133452508,0,0
416,0.00573817349649229,-0.00573817349649229,0,0
417,0.00299535019034384,-0.00299535019034384,0,0
418,0.00204691592918153,0.00204691592918153,0,0
419,0.0100710560910549,0.0100710560910549,0,0
420,0.0194170314084655,0.0194170314084655,0,0
421,0.0353861742712724,0.0353861742712724,0,0
422,0.0509184460637529,0.0509184460637529,0,0
423,0.0556742856260466,0.0556742856260466,0,0
424,0.0533484202138308,0.0533484202138308,0,0
425,0.044416738939958,0.044416738939958,0,0
426,0.0384370273596824,0.0384370273596824,0,0
427,0.0323930962578041,0.0323930962578041,0,0
428,0.0301455338267073,0.0301455338267073,0,0
429,0.0278735364835259,0.0278735364835259,0,0
430,0.0263395433624156,0.0263395433624156,0,0
431,0.0265447093937721,0.0265447093937721,0,0
432,0.0270415853759009,0.0270415853759009,0,0
433,0.0381853545081677,0.0381853545081677,0,0
434,0.0439486061075635,0.0439486061075635,0,0
435,0.0440089221354455,0.0440089221354455,0,0
436,0.0429696161565395,0.0429696161565395,0,0
437,0.0472212321116486,0.0472212321116486,0,0
438,0.056832458209939,0.056832458209939,0,0
439,0.0615821638160698,0.0615821638160698,0,0
440,0.0713434930910632,0.0713434930910632,0,0
441,0.0671613246861586,0.0671613246861586,0,0
442,0.0590408728697074,0.0590408728697074,0,0
443,0.0533894762443114,0.0533894762443114,0,0
444,0.0469513313005105,0.0469513313005105,0,0
445,0.0435704563461679,0.0435704563461679,0,0
446,0.0400069377901926,0.0400069377901926,0,0
447,0.0356646345720463,0.0356646345720463,0,0
448,0.0287516540787063,0.0287516540787063,0,0
449,0.0167470801654872,0.0167470801654872,0,0
450,0.00891897625726718,0.00891897625726718,0,0
451,0.0033017971179249,0.0033017971179249,0,0
452,0.00134353432073133,-0.00134353432073133,0,0
453,0.00324916558328633,-0.00324916558328633,0,0
454,0.00433042186777608,-0.00433042186777608,0,0
455,0.0168798399120989,-0.0168798399120989,0,0
456,0.0356129697832059,-0.0356129697832059,0,0
457,0.0443534123338884,-0.0443534123338884,0,0
458,0.0434251330962549,-0.0434251330962549,0,0
459,0.0396775359643894,-0.0396775359643894,0,0
460,0.0356820816624146,-0.0356820816624146,0,0
461,0.0271992727642124,-0.0271992727642124,0,0
462,0.0203041851748637,-0.0203041851748637,0,0
463,0.0157671214741471,-0.0157671214741471,0,0
464,0.0137795029182549,-0.0137795029182549,0,0
465,0.0150592425346857,-0.0150592425346857,0,0
466,0.0140440681506209,-0.0140440681506209,0,0
467,0.0131020141535357,-0.0131020141535357,0,0
468,0.015098094054826,-0.015098094054826,0,0
469,0.0277277026423123,-0.0277277026423123,0,0
470,0.0441794948153868,-0.0441794948153868,0,0
471,0.0595450067808181,-0.0595450067808181,0,0
472,0.0646139639415161,-0.0646139639415161,0,0
473,0.0598807531668087,-0.0598807531668087,0,0
474,0.0530488186305502,-0.0530488186305502,0,0
475,0.0540425339399622,-0.0540425339399622,0,0
476,0.0533530048496917,-0.0533530048496917,0,0
477,0.0488371204680528,-0.0488371204680528,0,0
478,0.0420278754787499,-0.0420278754787499,0,0
479,0.0407812979016238,-0.0407812979016238,0,0
480,0.0369552526077959,-0.0369552526077959,0,0
481,0.0327593195892953,-0.0327593195892953,0,0
482,0.0366118220587103,-0.0366118220587103,0,0
483,0.0427946298712035,-0.0427946298712035,0,0
484,0.0488223853384594,-0.0488223853384594,0,0
485,0.0443647968268895,-0.0443647968268895,0,0
486,0.0331422331191535,-0.0331422331191535,0,0
487,0.0200639860609116,-0.0200639860609116,0,0
488,0.0128924790374277,-0.0128924790374277,0,0
489,0.00715945397088439,-0.00715945397088439,0,0
490,0.00128317487183973,0.00128317487183973,0,0
491,0.00471537804842637,0.00471537804842637,0,0
492,0.0067380724759317,0.0067380724759317,0,0
493,0.0105046223042362,0.0105046223042362,0,0
494,0.0178244378694299,0.0178244378694299,0,0
495,0.0241936608992117,0.0241936608992117,0,0
496,0.0274766319788087,0.0274766319788087,0,0
497,0.0341754767125112,0.0341754767125112,0,0
498,0.0430147169726972,0.0430147169726972,0,0
499,0.0299846319343922,0.0299846319343922,0,0
500,0.0102449441702559,0.0102449441702559,0,0
501,0.0126403933887843,-0.0126403933887843,0,0
502,0.0155287599743976,-0.0155287599743976,0,0
503,0.00685939699527491,-0.00685939699527491,0,0
504,0.00360526424815233,0.00360526424815233,0,0
505,0.0114376024579991,0.0114376024579991,0,0
506,0.0147187711923241,0.0147187711923241,0,0
507,0.0100842200630391,0.0100842200630391,0,0
508,0.00405404186818374,-0.00405404186818374,0,0
509,0.0227452049131624,-0.0227452049131624,0,0
510,0.0296758619777919,-0.0296758619777919,0,0
511,0.0356243359922344,-0.0356243359922344,0,0
512,0.0411389270589451,-0.0411389270589451,0,0
513,0.0457608164494079,-0.0457608164494079,0,0
514,0.038452765249999,-0.038452765249999,0,0
515,0.0173394654793232,-0.0173394654793232,0,0
516,0.0229223830698508,0.0229223830698508,0,0
517,0.0928380419436552,0.0928380419436552,0,0
518,0.141602379826155,0.141602379826155,0,0
519,0.151521092622517,0.151521092622517,0,0
520,0.15168131155353,0.15168131155353,0,0
521,0.113380171726146,0.113380171726146,0,0
522,0.0919416831102957,0.0919416831102957,0,0
523,0.0855090787853569,0.0855090787853569,0,0
524,0.0873499424382017,0.0873499424382017,0,0
525,0.112895916801376,0.112895916801376,0,0
526,0.123414065655508,0.123414065655508,0,0
527,0.120917063582168,0.120917063582168,0,0
528,0.116970996835682,0.116970996835682,0,0
529,0.108230658386461,0.108230658386461,0,0
530,0.0932085529241269,0.0932085529241269,0,0
531,0.0824745752788917,0.0824745752788917,0,0
532,0.0823331953554447,0.0823331953554447,0,0
533,0.0730328279908108,0.0730328279908108,0,0
534,0.0805632138954567,0.0805632138954567,0,0
535,0.0816283255417988,0.0816283255417988,0,0
536,0.0677783132195305,0.0677783132195305,0,0
537,0.0571621484777631,0.0571621484777631,0,0
538,0.0447309750421862,0.0447309750421862,0,0
539,0.0402875578076615,0.0402875578076615,0,0
540,0.0360556167562048,0.0360556167562048,0,0
541,0.0380109861208501,0.0380109861208501,0,0
542,0.0391241738395396,0.0391241738395396,0,0
543,0.0311655023986022,0.0311655023986022,0,0
544,0.0231927772546894,0.0231927772546894,0,0
545,0.0185742413706979,0.0185742413706979,0,0
546,0.0175719904140807,0.0175719904140807,0,0
547,0.0182490255942103,0.0182490255942103,0,0
548,0.0168677185178092,0.0168677185178092,0,0
549,0.00705051136103398,0.00705051136103398,0,0
550,0.0202225808789072,-0.0202225808789072,0,0
551,0.0271567328808899,-0.0271567328808899,0,0
552,0.0239184704407137,-0.0239184704407137,0,0
553,0.0219841933687786,-0.0219841933687786,0,0
554,0.0202293112756981,-0.0202293112756981,0,0
555,0.0181494436057098,-0.0181494436057098,0,0
556,0.0163264643836869,-0.0163264643836869,0,0
557,0.0155383979879901,-0.0155383979879901,0,0
558,0.0115980658975142,-0.0115980658975142,0,0
559,0.00705664641174951,-0.00705664641174951,0,0
560,0.00488429644669566,-0.00488429644669566,0,0
561,0.00606295559864456,-0.00606295559864456,0,0
562,0.0101126339709818,-0.0101126339709818,0,0
563,0.0219247831462929,-0.0219247831462929,0,0
564,0.0503856572307497,-0.0503856572307497,0,0
565,0.0860803136180129,-0.0860803136180129,0,0
566,0.113278332393551,-0.113278332393551,0,0
567,0.115699860853811,-0.115699860853811,0,0
568,0.100983924135081,-0.100983924135081,0,0
569,0.0804505971115923,-0.0804505971115923,0,0
570,0.0703980906302886,-0.0703980906302886,0,0
571,0.0714377435426749,-0.0714377435426749,0,0
572,0.0761408051251769,-0.0761408051251769,0,0
573,0.0878044941290944,-0.0878044941290944,0,0
574,0.0940902820007772,-0.0940902820007772,0,0
575,0.0903181096333922,-0.0903181096333922,0,0
576,0.078532947463001,-0.078532947463001,0,0
577,0.0607669534486254,-0.0607669534486254,0,0
578,0.0421428803834831,-0.0421428803834831,0,0
579,0.0300486846107708,-0.0300486846107708,0,0
580,0.0232886881607246,-0.0232886881607246,0,0
581,0.0210101596866302,-0.0210101596866302,0,0
582,0.0204783943979869,-0.0204783943979869,0,0
583,0.0180181181852954,-0.0180181181852954,0,0
584,0.0185196782676129,-0.0185196782676129,0,0
585,0.0203668371481055,-0.0203668371481055,0,0
586,0.018790919893652,-0.018790919893652,0,0
587,0.0178830558841863,-0.0178830558841863,0,0
588,0.0187575234514179,-0.0187575234514179,0,0
589,0.0162310726140911,-0.0162310726140911,0,0
590,0.00124949022220612,-0.00124949022220612,0,0
591,0.0289581029112506,0.0289581029112506,0,0
592,0.089622915452668,0.089622915452668,0,0
593,0.148231116340851,0.148231116340851,0,0
594,0.154281170059501,0.154281170059501,0,0
595,0.150912784168239,0.150912784168239,0,0
596,0.156582218538345,0.156582218538345,0,0
597,0.181305352028152,0.181305352028152,0,0
598,0.163062854650368,0.163062854650368,0,0
599,0.121755394430138,0.121755394430138,0,0
600,0.0893947591726373,0.0893947591726373,0,0
601,0.0710370521103943,0.0710370521103943,0,0
602,0.0579718267941389,0.0579718267941389,0,0
603,0.0491313162060438,0.0491313162060438,0,0
604,0.0497280849936579,0.0497280849936579,0,0
605,0.0627652045922907,0.0627652045922907,0,0
606,0.0720354530821346,0.0720354530821346,0,0
607,0.0703774463594024,0.0703774463594024,0,0
608,0.0554374635629712,0.0554374635629712,0,0
609,0.0446808650290307,0.0446808650290307,0,0
610,0.042322697609767,0.042322697609767,0,0
611,0.0415678392981783,0.0415678392981783,0,0
612,0.0386174566921922,0.0386174566921922,0,0
613,0.0350096781089322,0.0350096781089322,0,0
614,0.0321863590404161,0.0321863590404161,0,0
615,0.0257461082373803,0.0257461082373803,0,0
616,0.016213578509764,0.016213578509764,0,0
617,0.00819712515565338,0.00819712515565338,0,0
618,0.00166247534658164,0.00166247534658164,0,0
619,0.00095135790875131,-0.00095135790875131,0,0
620,0.000164608911673421,-0.000164608911673421,0,0
621,5.87021604432739e-05,5.87021604432739e-05,0,0
622,0.00348244518253434,0.00348244518253434,0,0
623,0.00707910556916323,0.00707910556916323,0,0
624,0.00923050304375767,0.00923050304375767,0,0
625,0.011386586366396,0.011386586366396,0,0
626,0.0212305299460315,0.0212305299460315,0,0
627,0.036572493537137,0.036572493537137,0,0
628,0.0488715616436089,0.0488715616436089,0,0
629,0.0659987886608089,0.0659987886608089,0,0
630,0.0671029564418423,0.0671029564418423,0,0
631,0.0670378114614682,0.0670378114614682,0,0
632,0.0696493758921957,0.0696493758921957,0,0
633,0.0628052436075122,0.0628052436075122,0,0
634,0.049989593662165,0.049989593662165,0,0
635,0.0374026646326446,0.0374026646326446,0,0
636,0.0315039855003162,0.0315039855003162,0,0
637,0.0172638475894883,0.0172638475894883,0,0
638,0.000235363074655148,0.000235363074655148,0,0
639,0.000780899092105066,0.000780899092105066,0,0
640,0.00149933881813209,0.00149933881813209,0,0
641,0.00534384399026827,0.00534384399026827,0,0
642,0.00833309824180867,0.00833309824180867,0,0
643,0.0153067266680277,0.0153067266680277,0,0
644,0.0190565364002057,0.0190565364002057,0,0
645,0.0215789438095884,0.0215789438095884,0,0
646,0.0259109514425474,0.0259109514425474,0,0
647,0.0258686195698688,0.0258686195698688,0,0
648,0.0237784279368661,0.0237784279368661,0,0
649,0.0202209281872123,0.0202209281872123,0,0
650,0.0170259819963241,0.0170259819963241,0,0
651,0.0103721254100065,0.0103721254100065,0,0
652,0.00792704169796017,-0.00792704169796017,0,0
653,0.0376122834303342,-0.0376122834303342,0,0
654,0.0513558594208353,-0.0513558594208353,0,0
655,0.0476725599360636,-0.0476725599360636,0,0
656,0.037824015245731,-0.037824015245731,0,0
657,0.0317768880953287,-0.0317768880953287,0,0
658,0.03429911057653,-0.03429911057653,0,0
659,0.0488659406451974,-0.0488659406451974,0,0
660,0.0620670227310154,-0.0620670227310154,0,0
661,0.0623589395101031,-0.0623589395101031,0,0
662,0.0539073951361682,-0.0539073951361682,0,0
663,0.0439263365546109,-0.0439263365546109,0,0
664,0.0322451969381144,-0.0322451969381144,0,0
665,0.0241349147555626,-0.0241349147555626,0,0
666,0.0150063498137961,-0.0150063498137961,0,0
667,0.00683368546029614,-0.00683368546029614,0,0
668,0.00992989349506738,-0.00992989349506738,0,0
669,0.0231683841470504,-0.0231683841470504,0,0
670,0.0218097673156866,-0.0218097673156866,0,0
671,0.0258734151991948,-0.0258734151991948,0,0
672,0.0323946047333643,-0.0323946047333643,0,0
673,0.0416037790731465,-0.0416037790731465,0,0
674,0.0478563892939049,-0.0478563892939049,0,0
675,0.0446402433161124,-0.0446402433161124,0,0
676,0.0399633412746415,-0.0399633412746415,0,0
677,0.0410127312200734,-0.0410127312200734,0,0
678,0.039794902940714,-0.039794902940714,0,0
679,0.0311241049668585,-0.0311241049668585,0,0
680,0.0226688372694151,-0.0226688372694151,0,0
681,0.0170906086557393,-0.0170906086557393,0,0
682,0.0227562134791634,-0.0227562134791634,0,0
683,0.0285657985478239,-0.0285657985478239,0,0
684,0.0371183051581967,-0.0371183051581967,0,0
685,0.0452935252711628,-0.0452935252711628,0,0
686,0.0415726376055771,-0.0415726376055771,0,0
687,0.0331824539393879,-0.0331824539393879,0,0
688,0.021718795494776,-0.021718795494776,0,0
689,0.0111890139586445,-0.0111890139586445,0,0
690,0.00671578074834155,-0.00671578074834155,0,0
691,0.00582615891461745,-0.00582615891461745,0,0
692,0.00878473749999019,-0.00878473749999019,0,0
693,0.0139436283127307,-0.0139436283127307,0,0
694,0.0146696337328268,-0.0146696337328268,0,0
695,0.0165627461383855,-0.0165627461383855,0,0
696,0.0187389810380492,-0.0187389810380492,0,0
697,0.0239878698069133,-0.0239878698069133,0,0
698,0.0338767944457922,-0.0338767944457922,0,0
699,0.034914363002331,-0.034914363002331,0,0
700,0.0283747584020223,-0.0283747584020223,0,0
701,0.0221832116663396,-0.0221832116663396,0,0
702,0.0223576291114093,-0.0223576291114093,0,0
703,0.0245421798179576,-0.0245421798179576,0,0
704,0.0255060412016083,-0.0255060412016083,0,0
705,0.0282663201208721,-0.0282663201208721,0,0
706,0.0323041010034419,-0.0323041010034419,0,0
707,0.0343058596003305,-0.0343058596003305,0,0
708,0.0356806360765243,-0.0356806360765243,0,0
709,0.0350732563058036,-0.0350732563058036,0,0
710,0.029499626754545,-0.029499626754545,0,0
711,0.0240279023563407,-0.0240279023563407,0,0
712,0.0171556292542827,-0.0171556292542827,0,0
713,0.00945920244711438,-0.00945920244711438,0,0
714,0.000726476039854484,-0.000726476039854484,0,0
715,0.00546351674502618,0.00546351674502618,0,0
716,0.0088269965440811,0.0088269965440811,0,0
717,0.0111556685092087,0.0111556685092087,0,0
718,0.00971282857405721,0.00971282857405721,0,0
719,0.00911958112194377,0.00911958112194377,0,0
720,0.0132369554640675,0.0132369554640675,0,0
721,0.01505704141513,0.01505704141513,0,0
722,0.0169075005847719,0.0169075005847719,0,0
723,0.0207173706940971,0.0207173706940971,0,0
724,0.0261545532015521,0.0261545532015521,0,0
725,0.0359335996003921,0.0359335996003921,0,0
726,0.0430614872924404,0.0430614872924404,0,0
727,0.0429651626685545,0.0429651626685545,0,0
728,0.0459735155626044,0.0459735155626044,0,0
729,0.0516914093052715,0.0516914093052715,0,0
730,0.0469706188152312,0.0469706188152312,0,0
731,0.0396341742513776,0.0396341742513776,0,0
732,0.0402145858506819,0.0402145858506819,0,0
733,0.0585382862799098,0.0585382862799098,0,0
734,0.0622794163502863,0.0622794163502863,0,0
735,0.0514804607140718,0.0514804607140718,0,0
736,0.0396430995582532,0.0396430995582532,0,0
737,0.0318988960126732,0.0318988960126732,0,0
738,0.0255878832852923,0.0255878832852923,0,0
739,0.0226239588418681,0.0226239588418681,0,0
740,0.0213691815058671,0.0213691815058671,0,0
741,0.0232283943687459,0.0232283943687459,0,0
742,0.027180187503553,0.027180187503553,0,0
743,0.0299405173277908,0.0299405173277908,0,0
744,0.029716221368746,0.029716221368746,0,0
745,0.0305137870085712,0.0305137870085712,0,0
746,0.0303806116690143,0.0303806116690143,0,0
747,0.0286947010908726,0.0286947010908726,0,0
748,0.0305942641683577,0.0305942641683577,0,0
749,0.0360115480858638,0.0360115480858638,0,0
750,0.0372309866475538,0.0372309866475538,0,0
751,0.0393058058024996,0.0393058058024996,0,0
752,0.0379076377243542,0.0379076377243542,0,0
753,0.0299708493147798,0.0299708493147798,0,0
754,0.022766379838495,0.022766379838495,0,0
755,0.0185120347261111,0.0185120347261111,0,0
756,0.00940484912588655,0.00940484912588655,0,0
757,0.00284016879127797,-0.00284016879127797,0,0
758,0.00834888121302389,-0.00834888121302389,0,0
759,0.0110949950280135,-0.0110949950280135,0,0
760,0.0146851589152517,-0.0146851589152517,0,0
761,0.0172413156478827,-0.0172413156478827,0,0
762,0.0195889287483526,-0.0195889287483526,0,0
763,0.0202023277728187,-0.0202023277728187,0,0
764,0.0177726821336591,-0.0177726821336591,0,0
765,0.00957004009709675,-0.00957004009709675,0,0
766,0.0015363553154933,0.0015363553154933,0,0
767,0.00730852957194021,0.00730852957194021,0,0
768,0.00932071046792314,0.00932071046792314,0,0
769,0.0266402179649935,0.0266402179649935,0,0
770,0.0441341667370823,0.0441341667370823,0,0
771,0.0445469858584414,0.0445469858584414,0,0
772,0.0466451948480104,0.0466451948480104,0,0
773,0.0423920773176328,0.0423920773176328,0,0
774,0.0303412905137523,0.0303412905137523,0,0
775,0.0201349535088434,0.0201349535088434,0,0
776,0.014686475259355,0.014686475259355,0,0
777,0.00660728875283861,0.00660728875283861,0,0
778,0.00243901752284428,-0.00243901752284428,0,0
779,0.00471585706403637,-0.00471585706403637,0,0
780,0.0030754984130511,-0.0030754984130511,0,0
781,0.003436015923482,-0.003436015923482,0,0
782,0.0036022004236478,0.0036022004236478,0,0
783,0.0178973633683937,0.0178973633683937,0,0
784,0.0260505362899278,0.0260505362899278,0,0
785,0.0233520404247947,0.0233520404247947,0,0
786,0.0182476114733643,0.0182476114733643,0,0
787,0.0184018544263522,0.0184018544263522,0,0
788,0.0257531169044917,0.0257531169044917,0,0
789,0.0392574509722503,0.0392574509722503,0,0
790,0.0496723087911633,0.0496723087911633,0,0
791,0.0535633222209394,0.0535633222209394,0,0
792,0.0484409726406729,0.0484409726406729,0,0
793,0.0362804708372091,0.0362804708372091,0,0
794,0.0282893883191823,0.0282893883191823,0,0
795,0.0273394651904107,0.0273394651904107,0,0
796,0.0317728624813019,0.0317728624813019,0,0
797,0.0424875084006445,0.0424875084006445,0,0
798,0.047037605664032,0.047037605664032,0,0
799,0.0479796379401929,0.0479796379401929,0,0
800,0.0496355942974001,0.0496355942974001,0,0
801,0.0508650506424911,0.0508650506424911,0,0
802,0.053858297394521,0.053858297394521,0,0
803,0.053612288748361,0.053612288748361,0,0
804,0.0530567944875546,0.0530567944875546,0,0
805,0.0571264443450125,0.0571264443450125,0,0
806,0.0535937467227779,0.0535937467227779,0,0
807,0.0532855611160848,0.0532855611160848,0,0
808,0.0457620387465665,0.0457620387465665,0,0
809,0.0287839574072669,0.0287839574072669,0,0
810,0.0213814976444889,0.0213814976444889,0,0
811,0.013480639720689,0.013480639720689,0,0
812,0.00794581408804649,0.00794581408804649,0,0
813,0.00284693558816775,-0.00284693558816775,0,0
814,0.00935712843969543,-0.00935712843969543,0,0
815,0.0145794786884913,-0.0145794786884913,0,0
816,0.0144439056735533,-0.0144439056735533,0,0
817,0.0118522782001321,-0.0118522782001321,0,0
818,0.0117598132210912,-0.0117598132210912,0,0
819,0.007088700702952,-0.007088700702952,0,0
820,0.00257619976276034,0.00257619976276034,0,0
821,0.0228301502403592,0.0228301502403592,0,0
822,0.0392966244058651,0.0392966244058651,0,0
823,0.0515937194165162,0.0515937194165162,0,0
824,0.0513896983627112,0.0513896983627112,0,0
825,0.0369158646649488,0.0369158646649488,0,0
826,0.0267670475027687,0.0267670475027687,0,0
827,0.0196064354451255,0.0196064354451255,0,0
828,0.0147624573971489,0.0147624573971489,0,0
829,0.0138290524092067,0.0138290524092067,0,0
830,0.0123332803813325,0.0123332803813325,0,0
831,0.00682765570886453,0.00682765570886453,0,0
832,0.00272426333077894,-0.00272426333077894,0,0
833,0.0104186902372773,-0.0104186902372773,0,0
834,0.0123195607749793,-0.0123195607749793,0,0
835,0.00283427349700241,0.00283427349700241,0,0
836,0.0239326581321418,0.0239326581321418,0,0
837,0.0408350945518186,0.0408350945518186,0,0
838,0.0458049383978583,0.0458049383978583,0,0
839,0.0424363700479592,0.0424363700479592,0,0
840,0.0419518721078443,0.0419518721078443,0,0
841,0.040525797085068,0.040525797085068,0,0
842,0.039928677025459,0.039928677025459,0,0
843,0.0376670072814333,0.0376670072814333,0,0
844,0.0323711342280916,0.0323711342280916,0,0
845,0.0278478206771822,0.0278478206771822,0,0
846,0.0241914220657137,0.0241914220657137,0,0
847,0.0232338269507576,0.0232338269507576,0,0
848,0.022153848640454,0.022153848640454,0,0
849,0.0185848070827309,0.0185848070827309,0,0
850,0.0166537940440618,0.0166537940440618,0,0
851,0.0131100789419047,0.0131100789419047,0,0
852,0.0101858075728137,0.0101858075728137,0,0
853,0.00407471024226617,0.00407471024226617,0,0
854,0.00152700458287968,0.00152700458287968,0,0
855,0.00341175186851086,0.00341175186851086,0,0
856,0.000117858644911368,0.000117858644911368,0,0
857,0.000231347909125464,0.000231347909125464,0,0
858,0.0135317140042432,0.0135317140042432,0,0
859,0.0326358410610194,0.0326358410610194,0,0
860,0.04498758883005,0.04498758883005,0,0
861,0.0493293332330879,0.0493293332330879,0,0
862,0.0574926937872943,0.0574926937872943,0,0
863,0.0717598785747049,0.0717598785747049,0,0
864,0.0745611209714876,0.0745611209714876,0,0
865,0.0762778761901165,0.0762778761901165,0,0
866,0.0600047791282488,0.0600047791282488,0,0
867,0.0323901529372777,0.0323901529372777,0,0
868,0.00306703031677884,0.00306703031677884,0,0
869,0.0301800829341935,-0.0301800829341935,0,0
870,0.0446911033677694,-0.0446911033677694,0,0
871,0.0382604193876019,-0.0382604193876019,0,0
872,0.0283333919288918,-0.0283333919288918,0,0
873,0.0218462220840429,-0.0218462220840429,0,0
874,0.0148372117085459,-0.0148372117085459,0,0
875,0.00247698243561467,-0.00247698243561467,0,0
876,0.0120369551849338,0.0120369551849338,0,0
877,0.0296205725621369,0.0296205725621369,0,0
878,0.0381652791747206,0.0381652791747206,0,0
879,0.0388493324356965,0.0388493324356965,0,0
880,0.0302750969368492,0.0302750969368492,0,0
881,0.00644127174639411,0.00644127174639411,0,0
882,0.0123758379595273,-0.0123758379595273,0,0
883,0.0218938055750785,-0.0218938055750785,0,0
884,0.030380009222753,-0.030380009222753,0,0
885,0.0387964529548811,-0.0387964529548811,0,0
886,0.0429983506445719,-0.0429983506445719,0,0
887,0.0489158447473119,-0.0489158447473119,0,0
888,0.0461213724324645,-0.0461213724324645,0,0
889,0.0447115510803859,-0.0447115510803859,0,0
890,0.0376866973334329,-0.0376866973334329,0,0
891,0.031504495445206,-0.031504495445206,0,0
892,0.0335249597557697,-0.0335249597557697,0,0
893,0.0405451996786952,-0.0405451996786952,0,0
894,0.043423707542803,-0.043423707542803,0,0
895,0.0512091870513871,-0.0512091870513871,0,0
896,0.0524482842119283,-0.0524482842119283,0,0
897,0.0484745981953872,-0.0484745981953872,0,0
898,0.0523341487481795,-0.0523341487481795,0,0
899,0.0640093228094563,-0.0640093228094563,0,0
900,0.0844022516663625,-0.0844022516663625,0,0
901,0.109558132242061,-0.109558132242061,0,0
902,0.0986404764578427,-0.0986404764578427,0,0
903,0.0576027570940631,-0.0576027570940631,0,0
904,0.0328897674729794,-0.0328897674729794,0,0
905,0.0294040537623627,-0.0294040537623627,0,0
906,0.0533563716940499,-0.0533563716940499,0,0
907,0.0677793375838902,-0.0677793375838902,0,0
908,0.0665816002215811,-0.0665816002215811,0,0
909,0.0573014704774125,-0.0573014704774125,0,0
910,0.0474565663891061,-0.0474565663891061,0,0
911,0.0331279010331556,-0.0331279010331556,0,0
912,0.0252514187368656,-0.0252514187368656,0,0
913,0.0376840529554142,-0.0376840529554142,0,0
914,0.0532647679307194,-0.0532647679307194,0,0
915,0.0479247396312817,-0.0479247396312817,0,0
916,0.0379380620232503,-0.0379380620232503,0,0
917,0.028501599561187,-0.028501599561187,0,0
918,0.0222869662799626,-0.0222869662799626,0,0
919,0.0249110538685409,-0.0249110538685409,0,0
920,0.0259210531117829,-0.0259210531117829,0,0
921,0.0255201083680272,-0.0255201083680272,0,0
922,0.0202456053905184,-0.0202456053905184,0,0
923,0.0125720153901585,-0.0125720153901585,0,0
924,0.0115192681864836,-0.0115192681864836,0,0
925,0.0120274079354496,-0.0120274079354496,0,0
926,0.00781310296185132,-0.00781310296185132,0,0
927,0.00363758661870614,0.00363758661870614,0,0
928,0.0145436461384484,0.0145436461384484,0,0
929,0.0225714153373734,0.0225714153373734,0,0
930,0.023648430845471,0.023648430845471,0,0
931,0.0300911971440228,0.0300911971440228,0,0
932,0.0335294246596075,0.0335294246596075,0,0
933,0.0321022940634321,0.0321022940634321,0,0
934,0.0323739938131209,0.0323739938131209,0,0
935,0.0301518617872164,0.0301518617872164,0,0
936,0.033213803566467,0.033213803566467,0,0
937,0.0462571472377837,0.0462571472377837,0,0
938,0.0649200413898738,0.0649200413898738,0,0
939,0.0662726532260165,0.0662726532260165,0,0
940,0.0735395084596177,0.0735395084596177,0,0
941,0.0824421426857947,0.0824421426857947,0,0
942,0.0872024937612811,0.0872024937612811,0,0
943,0.0876827382365271,0.0876827382365271,0,0
944,0.0860976754619903,0.0860976754619903,0,0
945,0.0750202296394205,0.0750202296394205,0,0
946,0.0842471298030366,0.0842471298030366,0,0
947,0.0784665912102605,0.0784665912102605,0,0
948,0.0821290421050429,0.0821290421050429,0,0
949,0.0988958351113992,0.0988958351113992,0,0
950,0.0945633509512554,0.0945633509512554,0,0
951,0.0912840371091721,0.0912840371091721,0,0
952,0.102259376562,0.102259376562,0,0
953,0.101674958177731,0.101674958177731,0,0
954,0.0873502482435925,0.0873502482435925,0,0
955,0.0708701359839186,0.0708701359839186,0,0
956,0.066902320157956,0.066902320157956,0,0
957,0.0618864144631087,0.0618864144631087,0,0
958,0.0609928344625171,0.0609928344625171,0,0
959,0.0562425337012316,0.0562425337012316,0,0
960,0.0517943578918797,0.0517943578918797,0,0
961,0.0499237514591778,0.0499237514591778,0,0
962,0.0515439660556066,0.0515439660556066,0,0
963,0.05342134290476,0.05342134290476,0,0
964,0.053791866169001,0.053791866169001,0,0
965,0.0487579708788664,0.0487579708788664,0,0
966,0.0446234240298619,0.0446234240298619,0,0
967,0.0325504930331709,0.0325504930331709,0,0
968,0.0182204371214747,0.0182204371214747,0,0
969,0.00529205033058967,0.00529205033058967,0,0
970,0.00610215128554713,-0.00610215128554713,0,0
971,0.0149452659339078,-0.0149452659339078,0,0
972,0.0214995488860251,-0.0214995488860251,0,0
973,0.0253214395239891,-0.0253214395239891,0,0
974,0.0273504691348821,-0.0273504691348821,0,0
975,0.0382373905237591,-0.0382373905237591,0,0
976,0.0463481248202304,-0.0463481248202304,0,0
977,0.0475202193189043,-0.0475202193189043,0,0
978,0.0466443029823056,-0.0466443029823056,0,0
979,0.042466201358318,-0.042466201358318,0,0
980,0.0399154165292983,-0.0399154165292983,0,0
981,0.0319969535287286,-0.0319969535287286,0,0
982,0.0167296226816703,-0.0167296226816703,0,0
983,0.00897155249017698,0.00897155249017698,0,0
984,0.0186487319949795,0.0186487319949795,0,0
985,0.0372449314578721,0.0372449314578721,0,0
986,0.0594157390842631,0.0594157390842631,0,0
987,0.0700115743296518,0.0700115743296518,0,0
988,0.0711228427300917,0.0711228427300917,0,0
989,0.0686979140511295,0.0686979140511295,0,0
990,0.0606056353726763,0.0606056353726763,0,0
991,0.054583319019335,0.054583319019335,0,0
992,0.0454572936008066,0.0454572936008066,0,0
993,0.0349853158389906,0.0349853158389906,0,0
994,0.0321132609354804,0.0321132609354804,0,0
995,0.0291678834989853,0.0291678834989853,0,0
996,0.0222387947596081,0.0222387947596081,0,0
997,0.0174541021257755,0.0174541021257755,0,0
998,0.0188706192849059,0.0188706192849059,0,0
999,0.0194765116385229,0.0194765116385229,0,0
1000,0.0178299405812161,0.0178299405812161,0,0
1001,0.0137624458879133,0.0137624458879133,0,0
1002,0.00693297830395648,0.00693297830395648,0,0
1003,0.000735386260539392,-0.000735386260539392,0,0
1004,0.00599635624036633,-0.00599635624036633,0,0
1005,0.0095471577157971,-0.0095471577157971,0,0
1006,0.0070985875026154,-0.0070985875026154,0,0
1007,0.000249634843786831,0.000249634843786831,0,0
1008,0.010147938631021,0.010147938631021,0,0
1009,0.0225000273730721,0.0225000273730721,0,0
1010,0.0290239446902877,0.0290239446902877,0,0
1011,0.0346638543289905,0.0346638543289905,0,0
1012,0.0370633660144533,0.0370633660144533,0,0
1013,0.0331660846830048,0.0331660846830048,0,0
1014,0.0314763777024719,0.0314763777024719,0,0
1015,0.0337938085523554,0.0337938085523554,0,0
1016,0.0330294841813081,0.0330294841813081,0,0
1017,0.0305923314787239,0.0305923314787239,0,0
1018,0.0362822947062541,0.0362822947062541,0,0
1019,0.0442895286660015,0.0442895286660015,0,0
1020,0.0516452393541918,0.0516452393541918,0,0
1021,0.063152792293282,0.063152792293282,0,0
1022,0.0687181874154273,0.0687181874154273,0,0
1023,0.055853863847196,0.055853863847196,0,0
1024,0.0470108348973666,0.0470108348973666,0,0
1025,0.040228460831145,0.040228460831145,0,0
1026,0.0395620384603246,0.0395620384603246,0,0
1027,0.0449778438600895,0.0449778438600895,0,0
1028,0.0472564677416447,0.0472564677416447,0,0
1029,0.05244088414786,0.05244088414786,0,0
1030,0.0530796154528355,0.0530796154528355,0,0
1031,0.0560806737631372,0.0560806737631372,0,0
1032,0.0520256181706442,0.0520256181706442,0,0
1033,0.0388237465545705,0.0388237465545705,0,0
1034,0.0340388154120263,0.0340388154120263,0,0
1035,0.0311535009255012,0.0311535009255012,0,0
1036,0.0270879326734423,0.0270879326734423,0,0
1037,0.0259998905466603,0.0259998905466603,0,0
1038,0.0237559976458633,0.0237559976458633,0,0
1039,0.0234472963069017,0.0234472963069017,0,0
1040,0.022715094769574,0.022715094769574,0,0
1041,0.0231042163970511,0.0231042163970511,0,0
1042,0.0238211310768292,0.0238211310768292,0,0
1043,0.0280191120439685,0.0280191120439685,0,0
1044,0.033820816504067,0.033820816504067,0,0
1045,0.0342221966419931,0.0342221966419931,0,0
1046,0.0447367348550306,0.0447367348550306,0,0
1047,0.0610350060563836,0.0610350060563836,0,0
1048,0.0598955620999526,0.0598955620999526,0,0
1049,0.055399457771998,0.055399457771998,0,0
1050,0.0469086448558845,0.0469086448558845,0,0
1051,0.0245199768308384,0.0245199768308384,0,0
1052,0.0127069604692331,-0.0127069604692331,0,0
1053,0.0472116225219315,-0.0472116225219315,0,0
1054,0.068002374025321,-0.068002374025321,0,0
1055,0.0683172142765507,-0.0683172142765507,0,0
1056,0.058351392002518,-0.058351392002518,0,0
1057,0.0511034994079783,-0.0511034994079783,0,0
1058,0.0521600035341199,-0.0521600035341199,0,0
1059,0.0532201036670658,-0.0532201036670658,0,0
1060,0.0570755743162841,-0.0570755743162841,0,0
1061,0.0552406210399346,-0.0552406210399346,0,0
1062,0.0502572579975095,-0.0502572579975095,0,0
1063,0.0447322051819599,-0.0447322051819599,0,0
1064,0.0417780005486984,-0.0417780005486984,0,0
1065,0.0455586268518372,-0.0455586268518372,0,0
1066,0.0511658402774491,-0.0511658402774491,0,0
1067,0.0572822313643208,-0.0572822313643208,0,0
1068,0.0584704653059607,-0.0584704653059607,0,0
1069,0.0549357920749564,-0.0549357920749564,0,0
1070,0.0488143595188999,-0.0488143595188999,0,0
1071,0.0473787335657063,-0.0473787335657063,0,0
1072,0.0538460148292402,-0.0538460148292402,0,0
1073,0.0591784994333397,-0.0591784994333397,0,0
1074,0.0658775564460979,-0.0658775564460979,0,0
1075,0.0713697307264749,-0.0713697307264749,0,0
1076,0.0712466473209127,-0.0712466473209127,0,0
1077,0.0713606110837929,-0.0713606110837929,0,0
1078,0.0681190170576295,-0.0681190170576295,0,0
1079,0.0620706618225129,-0.0620706618225129,0,0
1080,0.0515915814774304,-0.0515915814774304,0,0
1081,0.0447661883643938,-0.0447661883643938,0,0
1082,0.0435526264374635,-0.0435526264374635,0,0
1083,0.0375602005420699,-0.0375602005420699,0,0
1084,0.0403250981241136,-0.0403250981241136,0,0
1085,0.0414401287004628,-0.0414401287004628,0,0
1086,0.0314496507289125,-0.0314496507289125,0,0
1087,0.0231580055337619,-0.0231580055337619,0,0
1088,0.00800586352840852,-0.00800586352840852,0,0
1089,0.0140499474138033,0.0140499474138033,0,0
1090,0.0248872643449914,0.0248872643449914,0,0
1091,0.0288513691110151,0.0288513691110151,0,0
1092,0.0437838660972154,0.0437838660972154,0,0
1093,0.0517739757946722,0.0517739757946722,0,0
1094,0.0531360199132845,0.0531360199132845,0,0
1095,0.0598114052799009,0.0598114052799009,0,0
1096,0.0569392522694446,0.0569392522694446,0,0
1097,0.0466246964581711,0.0466246964581711,0,0
1098,0.0512237627188867,0.0512237627188867,0,0
1099,0.0589071593907837,0.0589071593907837,0,0
1100,0.0524128168270778,0.0524128168270778,0,0
1101,0.0428189863316219,0.0428189863316219,0,0
1102,0.0315557850954064,0.0315557850954064,0,0
1103,0.0210624005837984,0.0210624005837984,0,0
1104,0.0167467558547202,0.0167467558547202,0,0
1105,0.0171648301597146,0.0171648301597146,0,0
1106,0.0180032340858047,0.0180032340858047,0,0
1107,0.0199750624094454,0.0199750624094454,0,0
1108,0.0268824472382507,0.0268824472382507,0,0
1109,0.0359036710841142,0.0359036710841142,0,0
1110,0.052079030694352,0.052079030694352,0,0
1111,0.0629258626211352,0.0629258626211352,0,0
1112,0.0606155437550134,0.0606155437550134,0,0
1113,0.0505206596857385,0.0505206596857385,0,0
1114,0.0333254016828832,0.0333254016828832,0,0
1115,0.010535545884493,0.010535545884493,0,0
1116,0.0125465915621839,-0.0125465915621839,0,0
1117,0.0529347757938874,-0.0529347757938874,0,0
1118,0.0851934500277782,-0.0851934500277782,0,0
1119,0.082451633327451,-0.082451633327451,0,0
1120,0.0713126700505009,-0.0713126700505009,0,0
1121,0.0601164465782084,-0.0601164465782084,0,0
1122,0.0564349644446363,-0.0564349644446363,0,0
1123,0.0588715538573173,-0.0588715538573173,0,0
1124,0.0670181314973066,-0.0670181314973066,0,0
1125,0.0737292101331959,-0.0737292101331959,0,0
1126,0.0770757398250086,-0.0770757398250086,0,0
1127,0.0734206832181469,-0.0734206832181469,0,0
1128,0.0700885660712304,-0.0700885660712304,0,0
1129,0.065413108337009,-0.065413108337009,0,0
1130,0.0688017498630303,-0.0688017498630303,0,0
1131,0.0749815991022116,-0.0749815991022116,0,0
1132,0.0733888886188415,-0.0733888886188415,0,0
1133,0.0679231703835319,-0.0679231703835319,0,0
1134,0.0601855783502169,-0.0601855783502169,0,0
1135,0.0617988457654952,-0.0617988457654952,0,0
1136,0.0684232040141535,-0.0684232040141535,0,0
1137,0.0729053519749702,-0.0729053519749702,0,0
1138,0.066030716889063,-0.066030716889063,0,0
1139,0.0501928564225747,-0.0501928564225747,0,0
1140,0.0393562958187431,-0.0393562958187431,0,0
1141,0.0395431429550801,-0.0395431429550801,0,0
1142,0.0390827041720655,-0.0390827041720655,0,0
1143,0.036185468992461,-0.036185468992461,0,0
1144,0.0256006303394912,-0.0256006303394912,0,0
1145,0.0154948933705394,-0.0154948933705394,0,0
1146,0.0107871508262335,0.0107871508262335,0,0
1147,0.0580576994158097,0.0580576994158097,0,0
1148,0.0765773658459984,0.0765773658459984,0,0
1149,0.0821323811244093,0.0821323811244093,0,0
1150,0.0869673491785291,0.0869673491785291,0,0
1151,0.0723692963002958,0.0723692963002958,0,0
1152,0.0594601970148972,0.0594601970148972,0,0
1153,0.0507728763335012,0.0507728763335012,0,0
1154,0.0487457384698237,0.0487457384698237,0,0
1155,0.0580135791354322,0.0580135791354322,0,0
1156,0.0599503571988905,0.0599503571988905,0,0
1157,0.0566964176465365,0.0566964176465365,0,0
1158,0.0541661708982998,0.0541661708982998,0,0
1159,0.0582764605629844,0.0582764605629844,0,0
1160,0.0738547170792453,0.0738547170792453,0,0
1161,0.0847166949370693,0.0847166949370693,0,0
1162,0.0880543709124549,0.0880543709124549,0,0
1163,0.0887670637800769,0.0887670637800769,0,0
1164,0.0871689620539534,0.0871689620539534,0,0
1165,0.0857479724365427,0.0857479724365427,0,0
1166,0.0742192548638939,0.0742192548638939,0,0
1167,0.0647287988258311,0.0647287988258311,0,0
1168,0.0542900003139221,0.0542900003139221,0,0
1169,0.0381584801159519,0.0381584801159519,0,0
1170,0.0195745175756525,0.0195745175756525,0,0
1171,0.0123816692941378,0.0123816692941378,0,0
1172,0.0177351817627562,0.0177351817627562,0,0
1173,0.0230301623296198,0.0230301623296198,0,0
1174,0.0223120992315538,0.0223120992315538,0,0
1175,0.0193165089258326,0.0193165089258326,0,0
1176,0.0127089242771755,0.0127089242771755,0,0
1177,0.00182991956074303,-0.00182991956074303,0,0
1178,0.0116367352288296,-0.0116367352288296,0,0
1179,0.00164895916139806,0.00164895916139806,0,0
1180,0.0262037374496987,0.0262037374496987,0,0
1181,0.0624968073939496,0.0624968073939496,0,0
1182,0.0911072781082051,0.0911072781082051,0,0
1183,0.0921916779252726,0.0921916779252726,0,0
1184,0.0754659419779897,0.0754659419779897,0,0
1185,0.0602250045549482,0.0602250045549482,0,0
1186,0.0589350477727267,0.0589350477727267,0,0
1187,0.050675721274905,0.050675721274905,0,0
1188,0.041321366060489,0.041321366060489,0,0
1189,0.0312324451083328,0.0312324451083328,0,0
1190,0.0197470139863336,0.0197470139863336,0,0
1191,0.0163396632735321,0.0163396632735321,0,0
1192,0.0192188974285896,0.0192188974285896,0,0
1193,0.0236937975283653,0.0236937975283653,0,0
1194,0.0260506233259921,0.0260506233259921,0,0
1195,0.0241004656450892,0.0241004656450892,0,0
1196,0.0310538835058291,0.0310538835058291,0,0
1197,0.0618377187125825,0.0618377187125825,0,0
1198,0.102501918756586,0.102501918756586,0,0
1199,0.10948832815438,0.10948832815438,0,0
1200,0.0884819658817178,0.0884819658817178,0,0
1201,0.0633334575098562,0.0633334575098562,0,0
1202,0.0423834200502022,0.0423834200502022,0,0
1203,0.036111054182904,0.036111054182904,0,0
1204,0.0408360838964615,0.0408360838964615,0,0
1205,0.0550603606364092,0.0550603606364092,0,0
1206,0.0991168472480406,0.0991168472480406,0,0
1207,0.109528409769559,0.109528409769559,0,0
1208,0.0882267041310838,0.0882267041310838,0,0
1209,0.0714832666426477,0.0714832666426477,0,0
1210,0.079418711922206,0.079418711922206,0,0
1211,0.0930562922595875,0.0930562922595875,0,0
1212,0.0776528487239698,0.0776528487239698,0,0
1213,0.0398278185725075,0.0398278185725075,0,0
1214,0.00536688110348125,0.00536688110348125,0,0
1215,0.0201868924647766,-0.0201868924647766,0,0
1216,0.04324874422329,-0.04324874422329,0,0
1217,0.0601702193731291,-0.0601702193731291,0,0
1218,0.0667560502550045,-0.0667560502550045,0,0
1219,0.073798739463167,-0.073798739463167,0,0
1220,0.0743949831285338,-0.0743949831285338,0,0
1221,0.0748471460829315,-0.0748471460829315,0,0
1222,0.073793723956348,-0.073793723956348,0,0
1223,0.0747959071936126,-0.0747959071936126,0,0
1224,0.0776199363098409,-0.0776199363098409,0,0
1225,0.0660755436753308,-0.0660755436753308,0,0
1226,0.0642996565811002,-0.0642996565811002,0,0
1227,0.0643713127088283,-0.0643713127088283,0,0
1228,0.0626948043795,-0.0626948043795,0,0
1229,0.0547380160965646,-0.0547380160965646,0,0
1230,0.0379568764503496,-0.0379568764503496,0,0
1231,0.0338189068508632,-0.0338189068508632,0,0
1232,0.0366410936314056,-0.0366410936314056,0,0
1233,0.0378081736634147,-0.0378081736634147,0,0
1234,0.0303935337452032,-0.0303935337452032,0,0
1235,0.018531347094162,-0.018531347094162,0,0
1236,0.00740662842333,-0.00740662842333,0,0
1237,0.0119003495463594,0.0119003495463594,0,0
1238,0.0260641979989308,0.0260641979989308,0,0
1239,0.0393633968409401,0.0393633968409401,0,0
1240,0.0529703595324198,0.0529703595324198,0,0
1241,0.0458427802015024,0.0458427802015024,0,0
1242,0.0423783181261431,0.0423783181261431,0,0
1243,0.0418190530348507,0.0418190530348507,0,0
1244,0.0434809487401612,0.0434809487401612,0,0
1245,0.0574296724072257,0.0574296724072257,0,0
1246,0.0735978639543841,0.0735978639543841,0,0
1247,0.0812903196704753,0.0812903196704753,0,0
1248,0.0746682622507602,0.0746682622507602,0,0
1249,0.0625603332125828,0.0625603332125828,0,0
1250,0.0519842771299623,0.0519842771299623,0,0
1251,0.0435758378083794,0.0435758378083794,0,0
1252,0.0403111118267474,0.0403111118267474,0,0
1253,0.0265456814346102,0.0265456814346102,0,0
1254,0.0113882707507654,0.0113882707507654,0,0
1255,0.000615442990154897,0.000615442990154897,0,0
1256,0.00918846478754127,-0.00918846478754127,0,0
1257,0.0119581032970393,-0.0119581032970393,0,0
1258,0.0156437396399279,-0.0156437396399279,0,0
1259,0.0211491017642738,-0.0211491017642738,0,0
1260,0.0282648339071102,-0.0282648339071102,0,0
1261,0.0276425721203295,-0.0276425721203295,0,0
1262,0.0183865144543729,-0.0183865144543729,0,0
1263,0.0037639661417234,-0.0037639661417234,0,0
1264,0.021315076714121,0.021315076714121,0,0
1265,0.0431723121611211,0.0431723121611211,0,0
1266,0.052223141971944,0.052223141971944,0,0
1267,0.0581856119023543,0.0581856119023543,0,0
1268,0.0619596047499712,0.0619596047499712,0,0
1269,0.0568735978723111,0.0568735978723111,0,0
1270,0.0388345100329313,0.0388345100329313,0,0
1271,0.0186157365874465,0.0186157365874465,0,0
1272,0.00599704205089989,0.00599704205089989,0,0
1273,0.0066934560876961,-0.0066934560876961,0,0
1274,0.0288817250572156,-0.0288817250572156,0,0
1275,0.0492978984980678,-0.0492978984980678,0,0
1276,0.0555096371776448,-0.0555096371776448,0,0
1277,0.066662199706433,-0.066662199706433,0,0
1278,0.0704311796572498,-0.0704311796572498,0,0
1279,0.0640204556736346,-0.0640204556736346,0,0
1280,0.0518650071338924,-0.0518650071338924,0,0
1281,0.0408878006991859,-0.0408878006991859,0,0
1282,0.0465746253134037,-0.0465746253134037,0,0
1283,0.10440519037754,-0.10440519037754,0,0
1284,0.151366170177438,-0.151366170177438,0,0
1285,0.167897060097368,-0.167897060097368,0,0
1286,0.160161794844387,-0.160161794844387,0,0
1287,0.141085457471606,-0.141085457471606,0,0
1288,0.124427434461757,-0.124427434461757,0,0
1289,0.112029288927367,-0.112029288927367,0,0
1290,0.102783078445585,-0.102783078445585,0,0
1291,0.109640711273062,-0.109640711273062,0,0
1292,0.116817870415923,-0.116817870415923,0,0
1293,0.123164620276383,-0.123164620276383,0,0
1294,0.142067585412979,-0.142067585412979,0,0
1295,0.14329337601658,-0.14329337601658,0,0
1296,0.122725636001238,-0.122725636001238,0,0
1297,0.104928652357009,-0.104928652357009,0,0
1298,0.101097999640426,-0.101097999640426,0,0
1299,0.115030056406894,-0.115030056406894,0,0
1300,0.122718741077666,-0.122718741077666,0,0
1301,0.123257960500384,-0.123257960500384,0,0
1302,0.133278374412537,-0.133278374412537,0,0
1303,0.129121179898656,-0.129121179898656,0,0
1304,0.117212696312053,-0.117212696312053,0,0
1305,0.0954381529692004,-0.0954381529692004,0,0
1306,0.071853613918608,-0.071853613918608,0,0
1307,0.0495516149733319,-0.0495516149733319,0,0
1308,0.0350179156145735,-0.0350179156145735,0,0
1309,0.0195336152763268,-0.0195336152763268,0,0
1310,0.00958353555016293,-0.00958353555016293,0,0
1311,0.00435682649491068,0.00435682649491068,0,0
1312,0.0220601141568965,0.0220601141568965,0,0
1313,0.0273552769051465,0.0273552769051465,0,0
1314,0.0300434201296478,0.0300434201296478,0,0
1315,0.0277958098203237,0.0277958098203237,0,0
1316,0.0265976696384906,0.0265976696384906,0,0
1317,0.0210246703774206,0.0210246703774206,0,0
1318,0.0144827328034818,0.0144827328034818,0,0
1319,0.00550944832029586,0.00550944832029586,0,0
1320,0.00364158699160153,-0.00364158699160153,0,0
1321,0.00296672604937359,-0.00296672604937359,0,0
1322,0.00401440367637494,-0.00401440367637494,0,0
1323,0.00818254295418147,-0.00818254295418147,0,0
1324,0.0267945902628556,-0.0267945902628556,0,0
1325,0.0405626432358286,-0.0405626432358286,0,0
1326,0.0488605837755146,-0.0488605837755146,0,0
1327,0.0568817772191747,-0.0568817772191747,0,0
1328,0.0563400373487372,-0.0563400373487372,0,0
1329,0.0463133823173836,-0.0463133823173836,0,0
1330,0.0352821626741709,-0.0352821626741709,0,0
1331,0.0242261526993899,-0.0242261526993899,0,0
1332,0.0125069529826494,-0.0125069529826494,0,0
1333,0.00274261361420732,0.00274261361420732,0,0
1334,0.0172395708597956,0.0172395708597956,0,0
1335,0.0239260341405192,0.0239260341405192,0,0
1336,0.0206286600298892,0.0206286600298892,0,0
1337,0.0224484508139893,0.0224484508139893,0,0
1338,0.0271878561747221,0.0271878561747221,0,0
1339,0.0283519066980189,0.0283519066980189,0,0
1340,0.032961377066994,0.032961377066994,0,0
1341,0.0404975970626915,0.0404975970626915,0,0
1342,0.0490111586586875,0.0490111586586875,0,0
1343,0.0557469527824075,0.0557469527824075,0,0
1344,0.0566278836796612,0.0566278836796612,0,0
1345,0.0581782386550057,0.0581782386550057,0,0
1346,0.0617119271052247,0.0617119271052247,0,0
1347,0.0705214645219321,0.0705214645219321,0,0
1348,0.0832027486822704,0.0832027486822704,0,0
1349,0.096088683457374,0.096088683457374,0,0
1350,0.0973514467351383,0.0973514467351383,0,0
1351,0.0905463326282588,0.0905463326282588,0,0
1352,0.0652117649401367,0.0652117649401367,0,0
1353,0.0549934538086527,0.0549934538086527,0,0
1354,0.0580789971284385,0.0580789971284385,0,0
1355,0.0642279860317909,0.0642279860317909,0,0
1356,0.0701298181297665,0.0701298181297665,0,0
1357,0.071501840876669,0.071501840876669,0,0
1358,0.0709022636468567,0.0709022636468567,0,0
1359,0.0662183153793637,0.0662183153793637,0,0
1360,0.0604375274305719,0.0604375274305719,0,0
1361,0.0604785784635789,0.0604785784635789,0,0
1362,0.0656372029858557,0.0656372029858557,0,0
1363,0.0703698851155073,0.0703698851155073,0,0
1364,0.0741086151433095,0.0741086151433095,0,0
1365,0.0844472787775769,0.0844472787775769,0,0
1366,0.0960143469921014,0.0960143469921014,0,0
1367,0.0920023573900851,0.0920023573900851,0,0
1368,0.0854601804857954,0.0854601804857954,0,0
1369,0.0754832956845033,0.0754832956845033,0,0
1370,0.0593364936712978,0.0593364936712978,0,0
1371,0.0507097847350902,0.0507097847350902,0,0
1372,0.0378650271043118,0.0378650271043118,0,0
1373,0.0240302160692005,0.0240302160692005,0,0
1374,0.0158809740020311,0.0158809740020311,0,0
1375,0.0172674729116501,0.0172674729116501,0,0
1376,0.0136586288351,0.0136586288351,0,0
1377,0.001777653591173,-0.001777653591173,0,0
1378,0.0149052405171643,-0.0149052405171643,0,0
1379,0.0259008927285863,-0.0259008927285863,0,0
1380,0.0388568977232652,-0.0388568977232652,0,0
1381,0.0568443083718827,-0.0568443083718827,0,0
1382,0.0628407471474731,-0.0628407471474731,0,0
1383,0.0750964399537606,-0.0750964399537606,0,0
1384,0.104527060192628,-0.104527060192628,0,0
1385,0.110923829386329,-0.110923829386329,0,0
1386,0.0972245385130166,-0.0972245385130166,0,0
1387,0.0719064581154267,-0.0719064581154267,0,0
1388,0.038218340809529,-0.038218340809529,0,0
1389,0.0106596642034841,-0.0106596642034841,0,0
1390,0.0265257766230791,0.0265257766230791,0,0
1391,0.0911666056115821,0.0911666056115821,0,0
1392,0.140423582006471,0.140423582006471,0,0
1393,0.175117127070675,0.175117127070675,0,0
1394,0.219438300935062,0.219438300935062,0,0
1395,0.184065837593458,0.184065837593458,0,0
1396,0.140046070346268,0.140046070346268,0,0
1397,0.099964516684659,0.099964516684659,0,0
1398,0.0675967824411547,0.0675967824411547,0,0
1399,0.0587800104273894,0.0587800104273894,0,0
1400,0.0573078759100199,0.0573078759100199,0,0
1401,0.0644123425716803,0.0644123425716803,0,0
1402,0.0677287446430666,0.0677287446430666,0,0
1403,0.0668121365588244,0.0668121365588244,0,0
1404,0.0640907216138798,0.0640907216138798,0,0
1405,0.0585354193249648,0.0585354193249648,0,0
1406,0.0486626258016278,0.0486626258016278,0,0
1407,0.0331896035580326,0.0331896035580326,0,0
1408,0.00454261638082791,0.00454261638082791,0,0
1409,0.0368215867862635,-0.0368215867862635,0,0
1410,0.104171173129974,-0.104171173129974,0,0
1411,0.132753295144814,-0.132753295144814,0,0
1412,0.139943421542253,-0.139943421542253,0,0
1413,0.131993174070511,-0.131993174070511,0,0
1414,0.122873277401101,-0.122873277401101,0,0
1415,0.111234519846344,-0.111234519846344,0,0
1416,0.0985303762824388,-0.0985303762824388,0,0
1417,0.0989043842116796,-0.0989043842116796,0,0
1418,0.0925263384314057,-0.0925263384314057,0,0
1419,0.0837903388879078,-0.0837903388879078,0,0
1420,0.0815740741789425,-0.0815740741789425,0,0
1421,0.0710518106652098,-0.0710518106652098,0,0
1422,0.0488562317187531,-0.0488562317187531,0,0
1423,0.0245944744062748,-0.0245944744062748,0,0
1424,0.0182606083718513,-0.0182606083718513,0,0
1425,0.0202237426681957,-0.0202237426681957,0,0
1426,0.0215214588848092,-0.0215214588848092,0,0
1427,0.0170143498313515,-0.0170143498313515,0,0
1428,0.00481167652176327,0.00481167652176327,0,0
1429,0.0351473864490901,0.0351473864490901,0,0
1430,0.0818546593662288,0.0818546593662288,0,0
1431,0.123179544566941,0.123179544566941,0,0
1432,0.141267969731464,0.141267969731464,0,0
1433,0.117465017082572,0.117465017082572,0,0
1434,0.0986127999087914,0.0986127999087914,0,0
1435,0.0843241219232898,0.0843241219232898,0,0
1436,0.0716682469008388,0.0716682469008388,0,0
1437,0.0608138233527244,0.0608138233527244,0,0
1438,0.0442342963869829,0.0442342963869829,0,0
1439,0.0276467687613534,0.0276467687613534,0,0
1440,0.0153509257664798,0.0153509257664798,0,0
1441,0.00409297695403068,-0.00409297695403068,0,0
1442,0.0191571014357188,-0.0191571014357188,0,0
1443,0.0183686691542711,-0.0183686691542711,0,0
1444,0.00678626542058932,-0.00678626542058932,0,0
1445,0.0174411149473401,0.0174411149473401,0,0
1446,0.0445436411292899,0.0445436411292899,0,0
1447,0.070410475470254,0.070410475470254,0,0
1448,0.0776969853078418,0.0776969853078418,0,0
1449,0.0984782126271055,0.0984782126271055,0,0
1450,0.108442156963067,0.108442156963067,0,0
1451,0.0945248415320268,0.0945248415320268,0,0
1452,0.0863896902306951,0.0863896902306951,0,0
1453,0.1005059573158,0.1005059573158,0,0
1454,0.132671809943695,0.132671809943695,0,0
1455,0.142212530389476,0.142212530389476,0,0
1456,0.117097962353575,0.117097962353575,0,0
1457,0.103015281467935,0.103015281467935,0,0
1458,0.0942222860511922,0.0942222860511922,0,0
1459,0.074494150593507,0.074494150593507,0,0
1460,0.059799801157747,0.059799801157747,0,0
1461,0.0489092938556663,0.0489092938556663,0,0
1462,0.0475671439968227,0.0475671439968227,0,0
1463,0.0453576510390321,0.0453576510390321,0,0
1464,0.0392052783527726,0.0392052783527726,0,0
