"ï»¿FID_n2018L","Var1","currlats","currlons","directval","speedval","FID_EFDC","GRIDNO","IJ_VALUE","I_Value","J_Value","BedElev","I_Parent","J_Parent","Area","Mask","WSElev","ZRough","Sim_Result","Sim_Dir","Map_Value","Dry_Flag","Grid_Label","I_J_index","sig_thick","Area_ha","Num_layers","Wat_depth","Compar_AOI","ComparZone","Lat","Long","JulianDate","Modeled_Velocity","Modeled_Direction"
236,"14-Aug-2018 16:10:06",43.2834,-77.6026833333,292,0.1,8491,124,"(172,17)",172,17,-16.814,0,0,0,0,0.192,0.001,5.989819,NA,5.989819,0,NA,"172-17",1.7006,41.3590951947,10,17.006,"yes","Ontario Zone",43.2830444129,-77.6014008174,1534263006,0.0288641145450374,148.47664571896
235,"14-Aug-2018 12:36:37",43.3077333333,-77.5700333333,295,0.05,8730,528,"(174,36)",174,36,-32.6885,0,0,0,0,0.192,0.001,5.18617,NA,5.18617,0,NA,"174-36",3.288,23.5359226821,10,32.88,"yes","Ontario Zone",43.3069979656,-77.5629239523,1534250197,0.0331004541080546,155.75746582557
234,"14-Aug-2018 12:11:42",43.30995,-77.5667666667,347,0.02,8732,587,"(174,38)",174,38,-34.3064,0,0,0,0,0.192,0.001,5.162463,NA,5.162463,0,NA,"174-38",3.4498,23.6253177681,10,34.498,"yes","Ontario Zone",43.3097642466,-77.5626499485,1534248702,0.0292095331113206,155.344746505897
233,"14-Aug-2018 10:35:59",43.3167333333,-77.5820666667,353,0.03,8625,722,"(173,42)",173,42,-35.7778,0,0,0,0,0.192,0.001,5.289427,NA,5.289427,0,NA,"173-42",3.597,23.775296735,10,35.97,"yes","Ontario Zone",43.3167906159,-77.581028622,1534242959,0.0319613204941227,141.932246587815
214,"12-Aug-2018 23:22:41",43.3216166667,-77.4400333333,135,0.02,9493,1822,"(181,53)",181,53,-67.7523,0,0,0,0,0.192,0.001,4.973843,NA,4.973843,0,NA,"181-53",6.7944,24.8318179297,10,67.944,"yes","",43.3207917339,-77.4353402497,1534116161,0.0163301966939916,14.4198859707125
232,"14-Aug-2018 08:36:10",43.3242833333,-77.6019,355,0.02,8520,879,"(172,46)",172,46,-36.6438,0,0,0,0,0.192,0.001,5.275115,NA,5.275115,0,NA,"172-46",3.6836,21.7669323179,10,36.836,"yes","Ontario Zone",43.323784567,-77.5988355609,1534235770,0.032740439949297,134.857747611765
33,"30-Jul-2018 00:50:54",43.3246666667,-78.9574,46,0.03,2451,4794,"(78,71)",78,71,-35.1143,0,0,0,0,0.192,0.001,7.188813,NA,7.188813,0,NA,"78-71",3.5306,69.9898594286,10,35.306,"yes","",43.3266717754,-78.9576271862,1532911854,0.0983851780531662,347.744633461991
34,"30-Jul-2018 00:44:15",43.32495,-78.9574833333,46,0.03,2451,4794,"(78,71)",78,71,-35.1143,0,0,0,0,0.192,0.001,7.188813,NA,7.188813,0,NA,"78-71",3.5306,69.9898594286,10,35.306,"yes","",43.3266717754,-78.9576271862,1532911455,0.0983851780531662,347.744633461991
32,"29-Jul-2018 22:51:48",43.3261333333,-78.9804666667,52,0.05,2332,4971,"(76,72)",76,72,-32.8646,0,0,0,0,0.192,0.001,7.236278,NA,7.236278,0,NA,"76-72",3.3057,72.8330465218,10,33.057,"yes","",43.3265083072,-78.9856633052,1532904708,0.112340292515802,340.640232141069
215,"13-Aug-2018 00:15:37",43.3263166667,-77.4495,18,0.03,9394,2313,"(180,56)",180,56,-90.5532,0,0,0,0,0.192,0.001,4.860592,NA,4.860592,0,NA,"180-56",9.0745,23.9179726483,10,90.745,"yes","",43.326911004,-77.4523932551,1534119337,0.0250620154643663,16.3900070658977
27,"29-Jul-2018 14:35:22",43.32645,-79.0886833333,61,0.04,1928,5335,"(69,74)",69,74,-44.5547,0,0,0,0,0.192,0.001,5.867584,NA,5.867584,0,NA,"69-74",4.4747,136.17384996,10,44.747,"yes","",43.3253290771,-79.0845612379,1532874922,0.0685684863054643,11.1803684848992
35,"30-Jul-2018 02:53:11",43.32655,-78.9343,215,0.03,2570,4619,"(80,70)",80,70,-30.7174,0,0,0,0,0.192,0.001,6.303909,NA,6.303909,0,NA,"80-70",3.0909,34.1064744127,10,30.909,"yes","",43.3285351987,-78.9306250174,1532919191,0.111082595519815,351.83942129509
28,"29-Jul-2018 14:45:38",43.3282166667,-79.0862666667,66,0.02,1928,5335,"(69,74)",69,74,-44.5547,0,0,0,0,0.192,0.001,5.867584,NA,5.867584,0,NA,"69-74",4.4747,136.17384996,10,44.747,"yes","",43.3253290771,-79.0845612379,1532875538,0.0685684863054643,11.1803684848992
31,"29-Jul-2018 20:49:29",43.3285666667,-79.0073166667,23,0.06,2274,5154,"(75,73)",75,73,-49.4813,0,0,0,0,0.192,0.001,5.974181,NA,5.974181,0,NA,"75-73",4.9673,139.226082447,10,49.673,"yes","",43.3319687665,-79.0029986326,1532897369,0.0977777159021915,342.37583283641
181,"10-Aug-2018 08:25:38",43.32925,-77.4384166667,198,0.06,9498,2650,"(181,58)",181,58,-84.686,0,0,0,0,0.192,0.001,4.938173,NA,4.938173,0,NA,"181-58",8.4878,22.2798908373,10,84.878,"yes","",43.328228348,-77.4346351143,1533889538,0.0289145342610765,23.9234600719779
30,"29-Jul-2018 18:48:39",43.3304166667,-79.0326,21,0.06,2157,5152,"(73,73)",73,73,-44.2643,0,0,0,0,0.192,0.001,6.471956,NA,6.471956,0,NA,"73-73",4.4456,138.366427812,10,44.456,"yes","",43.3262869964,-79.0281359136,1532890119,0.10156873549868,351.113871437795
213,"12-Aug-2018 22:10:34",43.3304166667,-77.44515,246,0.03,9397,2818,"(180,59)",180,59,-102.035,0,0,0,0,0.192,0.001,4.810044,NA,4.810044,0,NA,"180-59",10.2227,21.5613679977,10,102.227,"yes","",43.3311131951,-77.4519944806,1534111834,0.0247676674839913,23.0564716397609
29,"29-Jul-2018 16:51:34",43.3306,-79.0584333333,3,0.05,2042,5337,"(71,74)",71,74,-62.9856,0,0,0,0,0.192,0.001,5.446095,NA,5.446095,0,NA,"71-74",6.3178,137.636833205,10,63.178,"yes","",43.3312428739,-79.0594349024,1532883094,0.0638974946663846,347.88646104952
36,"30-Jul-2018 04:54:44",43.3306166667,-78.91735,252,0.04,2630,4620,"(81,70)",81,70,-34.664,0,0,0,0,0.192,0.001,6.580234,NA,6.580234,0,NA,"81-70",3.4856,31.7042421429,10,34.856,"yes","",43.3313898075,-78.9187042424,1532926484,0.110346236786107,351.694287045947
182,"10-Aug-2018 09:39:06",43.33135,-77.4242833333,136,0.02,9600,3160,"(182,61)",182,61,-78.5667,0,0,0,0,0.192,0.001,4.941617,NA,4.941617,0,NA,"182-61",7.8759,22.3252724564,10,78.759,"yes","",43.3308223714,-77.4165240235,1533893946,0.0118798266124718,322.460722536138
231,"14-Aug-2018 06:36:38",43.3318166667,-77.6209166667,349,0.05,8415,1329,"(171,50)",171,50,-36.4044,0,0,0,0,0.192,0.001,5.29003,NA,5.29003,0,NA,"171-50",3.6596,23.2410656337,10,36.596,"yes","",43.330928751,-77.6153677794,1534228598,0.0329529181815683,127.633582735549
5,"27-Jul-2018 21:15:45",43.3335166667,-78.9001,165,0.05,2750,4446,"(83,69)",83,69,-34.968,0,0,0,0,0.192,0.001,5.715465,NA,5.715465,0,NA,"83-69",3.516,31.3734301827,10,35.16,"yes","",43.3341557386,-78.8939186166,1532726145,0.113543614747405,354.6521256259
3,"27-Jul-2018 20:39:39",43.33395,-78.8997833333,190,0.06,2750,4446,"(83,69)",83,69,-34.968,0,0,0,0,0.192,0.001,5.715465,NA,5.715465,0,NA,"83-69",3.516,31.3734301827,10,35.16,"yes","",43.3341557386,-78.8939186166,1532723979,0.108263464923363,353.649899716977
4,"27-Jul-2018 20:39:39",43.33395,-78.8997833333,190,0.06,2750,4446,"(83,69)",83,69,-34.968,0,0,0,0,0.192,0.001,5.715465,NA,5.715465,0,NA,"83-69",3.516,31.3734301827,10,35.16,"yes","",43.3341557386,-78.8939186166,1532723979,0.108263464923363,353.649899716977
6,"27-Jul-2018 21:53:59",43.3340833333,-78.8993333333,138,0.1,2750,4446,"(83,69)",83,69,-34.968,0,0,0,0,0.192,0.001,5.715465,NA,5.715465,0,NA,"83-69",3.516,31.3734301827,10,35.16,"yes","",43.3341557386,-78.8939186166,1532728439,0.113543614747405,354.6521256259
183,"10-Aug-2018 11:37:28",43.3342166667,-77.3995666667,48,0.01,9701,3675,"(183,64)",183,64,-80.5111,0,0,0,0,0.192,0.001,4.860156,NA,4.860156,0,NA,"183-64",8.0703,22.3706540756,10,80.703,"yes","",43.3334499396,-77.3984695732,1533901048,0.0125114860675855,301.576917050178
2,"27-Jul-2018 20:23:49",43.3344333333,-78.8995333333,76,0.03,2751,4622,"(83,70)",83,70,-42.75,0,0,0,0,0.192,0.001,6.795772,NA,6.795772,0,NA,"83-70",4.2942,31.3741700267,10,42.942,"yes","",43.3367834144,-78.8955537483,1532723029,0.1063687715366,352.932174353254
216,"13-Aug-2018 02:08:48",43.3347833333,-77.4694833333,349,0.04,9294,3157,"(179,61)",179,61,-110.116,0,0,0,0,0.192,0.001,4.801904,NA,4.801904,0,NA,"179-61",11.0308,21.5185062832,10,110.308,"yes","",43.3353082241,-77.468994517,1534126128,0.0280617156274654,0.582421005795352
7,"27-Jul-2018 22:24:42",43.33495,-78.8994166667,80,0.06,2751,4622,"(83,70)",83,70,-42.75,0,0,0,0,0.192,0.001,6.795772,NA,6.795772,0,NA,"83-70",4.2942,31.3741700267,10,42.942,"yes","",43.3367834144,-78.8955537483,1532730282,0.111798635688004,353.947449535465
1,"27-Jul-2018 19:42:48",43.3352166667,-78.8997,334,0.02,2751,4622,"(83,70)",83,70,-42.75,0,0,0,0,0.192,0.001,6.795772,NA,6.795772,0,NA,"83-70",4.2942,31.3741700267,10,42.942,"yes","",43.3367834144,-78.8955537483,1532720568,0.1063687715366,352.932174353254
0,"27-Jul-2018 19:29:06",43.33555,-78.9013166667,94,0.04,2751,4622,"(83,70)",83,70,-42.75,0,0,0,0,0.192,0.001,6.795772,NA,6.795772,0,NA,"83-70",4.2942,31.3741700267,10,42.942,"yes","",43.3367834144,-78.8955537483,1532719746,0.1063687715366,352.932174353254
37,"30-Jul-2018 06:57:03",43.3359166667,-78.8983666667,274,0.07,2751,4622,"(83,70)",83,70,-42.75,0,0,0,0,0.192,0.001,6.795772,NA,6.795772,0,NA,"83-70",4.2942,31.3741700267,10,42.942,"yes","",43.3367834144,-78.8955537483,1532933823,0.099475455346263,353.869609481417
180,"10-Aug-2018 07:34:52",43.3367,-77.4417,234,0.04,9504,3673,"(181,64)",181,64,-108.854,0,0,0,0,0.192,0.001,4.899779,NA,4.899779,0,NA,"181-64",10.9046,22.2033496785,10,109.046,"yes","",43.3365082517,-77.4338497435,1533886492,0.0182960626042779,58.9282912553858
184,"10-Aug-2018 13:35:40",43.3373,-77.3753333333,5,0.01,9804,4196,"(184,67)",184,67,-87.63,0,0,0,0,0.192,0.001,4.838534,NA,4.838534,0,NA,"184-67",8.7822,56.0161701248,10,87.822,"no","",43.337159333,-77.3803944105,1533908140,0.0307099889972977,170.377530374996
230,"14-Aug-2018 04:13:03",43.3381,-77.6405333333,327,0.07,8207,1973,"(169,54)",169,54,-32.0814,0,0,0,0,0.192,0.001,5.345382,NA,5.345382,0,NA,"169-54",3.2273,22.7871000643,10,32.273,"yes","",43.3394066994,-77.6490836523,1534219983,0.0298836183179344,129.741599162891
185,"10-Aug-2018 15:34:52",43.34015,-77.34935,21,0.01,9998,4549,"(186,69)",186,69,-94.214,0,0,0,0,0.192,0.001,4.795055,NA,4.795055,0,NA,"186-69",9.4406,56.8803257136,10,94.406,"no","",43.3412575671,-77.3443937907,1533915292,0.0366947526804183,181.261074365235
38,"30-Jul-2018 08:55:48",43.34035,-78.8802333333,285,0.07,2812,4623,"(84,70)",84,70,-46.4274,0,0,0,0,0.192,0.001,6.878969,NA,6.878969,0,NA,"84-70",4.6619,31.2091339685,10,46.619,"yes","",43.3394784256,-78.8839770255,1532940948,0.101451299710564,356.001471016995
26,"29-Jul-2018 12:37:59",43.34085,-79.10105,114,0.03,1873,5719,"(68,76)",68,76,-83.3266,0,0,0,0,0.192,0.001,5.444892,NA,5.444892,0,NA,"68-76",8.3519,136.931000189,10,83.519,"yes","",43.3432815704,-79.1094655679,1532867879,0.0213504392823292,344.317264996354
186,"10-Aug-2018 15:55:03",43.3411333333,-77.3502666667,26,0.01,9998,4549,"(186,69)",186,69,-94.214,0,0,0,0,0.192,0.001,4.795055,NA,4.795055,0,NA,"186-69",9.4406,56.8803257136,10,94.406,"no","",43.3412575671,-77.3443937907,1533916503,0.0366947526804183,181.261074365235
39,"30-Jul-2018 10:56:58",43.3444,-78.8614333333,288,0.08,2936,4625,"(86,70)",86,70,-46.6239,0,0,0,0,0.192,0.001,6.871758,NA,6.871758,0,NA,"86-70",4.6816,27.2768473961,10,46.816,"yes","",43.3442044959,-78.8627242094,1532948218,0.0980468805492005,359.779090705813
229,"14-Aug-2018 02:12:57",43.3449666667,-77.6545166667,334,0.09,8211,2638,"(169,58)",169,58,-38.1429,0,0,0,0,0.192,0.001,5.245958,NA,5.245958,0,NA,"169-58",3.8335,20.5294182268,10,38.335,"yes","",43.3449251457,-77.648107909,1534212777,0.0266149014688025,125.276915618626
8,"28-Jul-2018 00:34:08",43.3450333333,-78.9186333333,65,0.07,2692,4977,"(82,72)",82,72,-56.5,0,0,0,0,0.192,0.001,5.425422,NA,5.425422,0,NA,"82-72",5.6692,63.0835910765,10,56.692,"yes","",43.3433315433,-78.9128862218,1532738048,0.0952455367155921,351.723439129208
40,"30-Jul-2018 12:55:59",43.3469166667,-78.8427166667,280,0.07,3057,4451,"(88,69)",88,69,-39.1028,0,0,0,0,0.192,0.001,6.231915,NA,6.231915,0,NA,"88-69",3.9295,26.6965083173,10,39.295,"yes","",43.3460653837,-78.8408800192,1532955359,0.0993176722085276,1.74232235536294
217,"13-Aug-2018 04:16:32",43.3471166667,-77.4946666667,15,0.05,9091,4189,"(177,67)",177,67,-97.0239,0,0,0,0,0.192,0.001,4.796697,NA,4.796697,0,NA,"177-67",9.7216,53.6611405164,10,97.216,"yes","",43.3474040073,-77.5028406795,1534133792,0.0359801096356831,313.027824077569
41,"30-Jul-2018 14:56:24",43.3506166667,-78.8257,285,0.09,3119,4628,"(89,70)",89,70,-47.5862,0,0,0,0,0.192,0.001,6.212852,NA,6.212852,0,NA,"89-70",4.7778,35.9351565664,10,47.778,"yes","",43.3511989918,-78.8300211841,1532962584,0.0889514529628445,0.301432511112126
228,"14-Aug-2018 00:13:32",43.3508333333,-77.66715,348,0.08,8108,3146,"(168,61)",168,61,-38.7436,0,0,0,0,0.192,0.001,5.235997,NA,5.235997,0,NA,"168-61",3.8936,19.6845288208,10,38.936,"yes","",43.3501247242,-77.6644906166,1534205612,0.0160090587050364,108.044960537905
212,"12-Aug-2018 20:09:47",43.3517166667,-77.4414,143,0.03,9408,4719,"(180,70)",180,70,-141.223,0,0,0,0,0.192,0.001,4.732969,NA,4.732969,0,NA,"180-70",14.1415,54.3713217977,10,141.415,"yes","",43.3534615244,-77.449872436,1534104587,0.0347162515638285,90.1889056327601
227,"13-Aug-2018 23:04:38",43.35315,-77.6754666667,338,0.05,8007,3487,"(167,63)",167,63,-39.6988,0,0,0,0,0.192,0.001,5.293731,NA,5.293731,0,NA,"167-63",3.9891,20.0311229318,10,39.891,"yes","",43.354196708,-77.6806343213,1534201478,0.0102235245021933,115.469621296966
187,"10-Aug-2018 18:11:02",43.3534833333,-77.3253833333,16,0.01,10092,5082,"(187,72)",187,72,-128.899,0,0,0,0,0.192,0.001,4.657127,NA,4.657127,0,NA,"187-72",12.9091,112.438751205,10,129.091,"no","",43.3558021972,-77.3261828898,1533924662,0.0270708901719342,187.126789742124
9,"28-Jul-2018 02:39:53",43.3542166667,-78.9369666667,74,0.09,2634,5347,"(81,74)",81,74,-81.1279,0,0,0,0,0.192,0.001,4.991827,NA,4.991827,0,NA,"81-74",8.132,130.309260182,10,81.32,"yes","",43.3597472256,-78.9353193831,1532745593,0.0381221927323596,344.752131332946
43,"30-Jul-2018 18:56:42",43.35465,-78.8098666667,294,0.1,3180,4629,"(90,70)",90,70,-48.3767,0,0,0,0,0.192,0.001,6.012867,NA,6.012867,0,NA,"90-70",4.8569,36.3058804439,10,48.569,"yes","",43.3539394032,-78.8162076735,1532977002,0.0841643673561994,1.39629752576241
42,"30-Jul-2018 16:54:54",43.3547833333,-78.8094333333,294,0.1,3180,4629,"(90,70)",90,70,-48.3767,0,0,0,0,0.192,0.001,6.012867,NA,6.012867,0,NA,"90-70",4.8569,36.3058804439,10,48.569,"yes","",43.3539394032,-78.8162076735,1532969694,0.0871573829976459,0.847799298192739
218,"13-Aug-2018 06:17:12",43.35555,-77.518,41,0.02,8986,4539,"(176,69)",176,69,-83.6456,0,0,0,0,0.192,0.001,4.763421,NA,4.763421,0,NA,"176-69",8.3838,55.8147639955,10,83.838,"yes","",43.3555908519,-77.5200750537,1534141032,0.0336961058836268,281.479826355227
179,"10-Aug-2018 05:40:53",43.35725,-77.4384666667,183,0.03,9511,4897,"(181,71)",181,71,-159.555,0,0,0,0,0.192,0.001,4.651954,NA,4.651954,0,NA,"181-71",15.9747,110.059983909,10,159.747,"yes","",43.3572063724,-77.4318851794,1533879653,0.0315821625340479,132.156172830964
226,"13-Aug-2018 22:13:19",43.358,-77.6747,326,0.06,8010,4005,"(167,66)",167,66,-48.3875,0,0,0,0,0.192,0.001,5.171008,NA,5.171008,0,NA,"167-66",4.858,20.0269131647,10,48.58,"yes","",43.3581502356,-77.6799382111,1534198399,0.016001471273725,160.94718253516
44,"30-Jul-2018 20:58:33",43.3597666667,-78.7872833333,289,0.14,3302,4631,"(92,70)",92,70,-50.3893,0,0,0,0,0.192,0.001,5.973688,NA,5.973688,0,NA,"92-70",5.0581,37.0473281993,10,50.581,"yes","",43.359415134,-78.788577102,1532984313,0.0832075453295836,0.769977996379284
45,"30-Jul-2018 20:58:34",43.3597666667,-78.7872833333,289,0.14,3302,4631,"(92,70)",92,70,-50.3893,0,0,0,0,0.192,0.001,5.973688,NA,5.973688,0,NA,"92-70",5.0581,37.0473281993,10,50.581,"yes","",43.359415134,-78.788577102,1532984314,0.0832075453295836,0.769977996379284
188,"10-Aug-2018 19:26:24",43.3606,-77.3133666667,346,0.01,10185,5267,"(188,73)",188,73,-154.754,0,0,0,0,0.192,0.001,4.607165,NA,4.607165,0,NA,"188-73",15.4946,225.089763493,10,154.946,"no","",43.3651693627,-77.3083207239,1533929184,0.0178577832244795,198.940472648027
46,"30-Jul-2018 22:57:45",43.3614666667,-78.7772333333,291,0.14,3363,4632,"(93,70)",93,70,-48.0839,0,0,0,0,0.192,0.001,5.93237,NA,5.93237,0,NA,"93-70",4.8276,35.6778261794,10,48.276,"yes","",43.3619805426,-78.7750509578,1532991465,0.0776038294989649,1.36762365586791
10,"28-Jul-2018 04:36:27",43.36245,-78.9527833333,78,0.1,2575,5538,"(80,75)",80,75,-89.4317,0,0,0,0,0.192,0.001,4.99095,NA,4.99095,0,NA,"80-75",8.9624,136.917164789,10,89.624,"yes","",43.3679713764,-78.9535203454,1532752587,0.0356298016207342,348.115630821224
47,"31-Jul-2018 00:56:50",43.3634833333,-78.7695833333,293,0.12,3363,4632,"(93,70)",93,70,-48.0839,0,0,0,0,0.192,0.001,5.93237,NA,5.93237,0,NA,"93-70",4.8276,35.6778261794,10,48.276,"yes","",43.3619805426,-78.7750509578,1532998610,0.074619056259845,1.64501782939555
48,"31-Jul-2018 02:57:23",43.3636666667,-78.7555333333,284,0.12,3423,4457,"(94,69)",94,69,-40.1301,0,0,0,0,0.192,0.001,6.024657,NA,6.024657,0,NA,"94-69",4.0322,36.1840685477,10,40.322,"yes","",43.3615460882,-78.7605759132,1533005843,0.0752804577347456,359.658763830575
50,"31-Jul-2018 06:58:24",43.36435,-78.7318666667,271,0.11,3541,4283,"(96,68)",96,68,-35.4257,0,0,0,0,0.192,0.001,6.073179,NA,6.073179,0,NA,"96-68",3.5618,37.326441026,10,35.618,"yes","EighteenMile Zone",43.3632633912,-78.7329809888,1533020304,0.0654893188940369,358.105143609329
49,"31-Jul-2018 04:55:14",43.3646666667,-78.7413,282,0.13,3483,4458,"(95,69)",95,69,-41.0068,0,0,0,0,0.192,0.001,6.027318,NA,6.027318,0,NA,"95-69",4.1199,36.8201986575,10,41.199,"yes","",43.363875326,-78.7473801247,1533012914,0.0697197450299669,359.019327165256
219,"13-Aug-2018 08:16:19",43.3652833333,-77.5403333333,24,0.03,8876,4891,"(175,71)",175,71,-87.2161,0,0,0,0,0.192,0.001,4.777386,NA,4.777386,0,NA,"175-71",8.7408,109.766044482,10,87.408,"yes","",43.3653704872,-77.5372039127,1534148179,0.0104122625380397,222.342986560996
51,"31-Jul-2018 07:16:41",43.3654,-78.7326,231,0.07,3542,4459,"(96,69)",96,69,-41.6779,0,0,0,0,0.192,0.001,5.922224,NA,5.922224,0,NA,"96-69",4.187,37.4563287673,10,41.87,"yes","",43.3662030186,-78.7341833747,1533021401,0.0658512031239444,357.948643597141
189,"10-Aug-2018 20:13:03",43.3678333333,-77.3153833333,108,0.04,10185,5267,"(188,73)",188,73,-154.754,0,0,0,0,0.192,0.001,4.607165,NA,4.607165,0,NA,"188-73",15.4946,225.089763493,10,154.946,"no","",43.3651693627,-77.3083207239,1533931983,0.0178577832244795,198.940472648027
11,"28-Jul-2018 06:40:04",43.3719,-78.9685666667,72,0.12,2516,5730,"(79,76)",79,76,-94.3697,0,0,0,0,0.192,0.001,4.840102,NA,4.840102,0,NA,"79-76",9.4562,137.079724575,10,94.562,"yes","",43.3761018407,-78.9720195251,1532760004,0.0321673031360485,347.294367351499
225,"13-Aug-2018 20:13:27",43.3722833333,-77.65995,312,0.04,8118,4884,"(168,71)",168,71,-71.5496,0,0,0,0,0.192,0.001,4.928354,NA,4.928354,0,NA,"168-71",7.1742,98.2963510892,10,71.742,"yes","",43.3734329858,-77.6604004145,1534191207,0.0230583881615794,125.88253886033
211,"12-Aug-2018 18:11:50",43.37275,-77.44105,155,0.03,9411,5259,"(180,73)",180,73,-161.907,0,0,0,0,0.192,0.001,4.606318,NA,4.606318,0,NA,"180-73",16.2099,220.189902991,10,162.099,"yes","",43.3758625808,-77.4476960164,1534097510,0.059330122378331,124.811526556241
220,"13-Aug-2018 10:17:14",43.3745,-77.5642,29,0.03,8655,5068,"(173,72)",173,72,-105.947,0,0,0,0,0.192,0.001,4.802759,NA,4.802759,0,NA,"173-72",10.6139,107.888065348,10,106.139,"yes","",43.3746290193,-77.5717392864,1534155434,0.0148694220285215,131.423043860766
25,"29-Jul-2018 08:43:48",43.3746166667,-79.1270166667,134,0.03,1876,6320,"(68,79)",68,79,-103.396,0,0,0,0,0.192,0.001,4.846732,NA,4.846732,0,NA,"68-79",10.3588,141.74417148,10,103.588,"yes","",43.3754123416,-79.1281680732,1532853828,0.0119088394153288,314.946311104406
178,"10-Aug-2018 03:46:38",43.3774833333,-77.4388666667,164,0.03,9411,5259,"(180,73)",180,73,-161.907,0,0,0,0,0.192,0.001,4.606318,NA,4.606318,0,NA,"180-73",16.2099,220.189902991,10,162.099,"yes","",43.3758625808,-77.4476960164,1533872798,0.0395036674745463,128.292800476922
12,"28-Jul-2018 08:37:29",43.37905,-78.9853333333,73,0.09,2456,5729,"(78,76)",78,76,-92.9081,0,0,0,0,0.192,0.001,4.883862,NA,4.883862,0,NA,"78-76",9.31,137.127513716,10,93.1,"yes","",43.3732879932,-78.9843410739,1532767049,0.0348514320196738,346.582035319542
52,"31-Jul-2018 08:58:39",43.37945,-78.7382333333,263,0.06,3545,4991,"(96,72)",96,72,-70.7895,0,0,0,0,0.192,0.001,5.10002,NA,5.10002,0,NA,"96-72",7.0981,76.0816472056,10,70.981,"yes","",43.3794337325,-78.7395965625,1533027519,0.0473958768796463,356.101480935085
68,"01-Aug-2018 15:02:59",43.3835333333,-78.7346333333,208,0.02,3545,4991,"(96,72)",96,72,-70.7895,0,0,0,0,0.192,0.001,5.10002,NA,5.10002,0,NA,"96-72",7.0981,76.0816472056,10,70.981,"yes","",43.3794337325,-78.7395965625,1533135779,0.0314926307476629,350.289117063954
13,"28-Jul-2018 10:39:03",43.3866833333,-79.0049666667,75,0.07,2397,5926,"(77,77)",77,77,-98.6372,0,0,0,0,0.192,0.001,4.811135,NA,4.811135,0,NA,"77-77",9.8829,138.638659832,10,98.829,"yes","",43.3814974341,-79.0027761571,1532774343,0.0315312761076167,351.992171833298
224,"13-Aug-2018 18:17:22",43.3871666667,-77.64645,314,0.04,8226,5248,"(169,73)",169,73,-105.12,0,0,0,0,0.192,0.001,4.796034,NA,4.796034,0,NA,"169-73",10.5312,228.823151303,10,105.312,"yes","",43.388846085,-77.6403722922,1534184242,0.00821414110216695,341.364936121847
69,"01-Aug-2018 17:25:44",43.3890333333,-78.7089333333,316,0.03,3667,5177,"(98,73)",98,73,-85.3275,0,0,0,0,0.192,0.001,4.941265,NA,4.941265,0,NA,"98-73",8.5519,143.030565754,10,85.519,"yes","",43.3932796402,-78.7169957953,1533144344,0.0145333508416062,27.9371306859571
190,"10-Aug-2018 22:20:43",43.3890333333,-77.32315,75,0.06,10095,5645,"(187,75)",187,75,-199.769,0,0,0,0,0.192,0.001,4.519137,NA,4.519137,0,NA,"187-75",19.9961,221.445985165,10,199.961,"no","",43.3949461321,-77.3242415683,1533939643,0.00761448339587973,279.624627530757
70,"01-Aug-2018 19:28:41",43.39175,-78.6843833333,322,0.03,3788,4995,"(100,72)",100,72,-74.0742,0,0,0,0,0.192,0.001,5.212022,NA,5.212022,0,NA,"100-72",7.4266,70.6818825419,10,74.266,"yes","",43.3899108769,-78.6880214043,1533151721,0.0133154412624214,155.067568681824
128,"06-Aug-2018 05:37:21",43.3925,-78.1733333333,135,0.04,6001,3457,"(137,63)",137,63,-33.9872,0,0,0,0,0.192,0.001,5.574947,NA,5.574947,0,NA,"137-63",3.4179,19.8352127842,10,34.179,"yes","",43.3932458447,-78.1702033091,1533533841,0.0183767438963329,12.4777962449217
129,"06-Aug-2018 06:00:43",43.39275,-78.1693166667,78,0.02,6001,3457,"(137,63)",137,63,-33.9872,0,0,0,0,0.192,0.001,5.574947,NA,5.574947,0,NA,"137-63",3.4179,19.8352127842,10,34.179,"yes","",43.3932458447,-78.1702033091,1533535243,0.0210354572656224,11.4013894027421
97,"03-Aug-2018 18:19:25",43.39285,-78.48715,109,0.06,4737,3608,"(116,64)",116,64,-33.8654,0,0,0,0,0.192,0.001,5.597024,NA,5.597024,0,NA,"116-64",3.4057,13.1870411067,10,34.057,"yes","",43.3927347429,-78.4814243115,1533320365,0.0425138982389558,6.66375637337536
134,"06-Aug-2018 16:01:06",43.393,-78.0325166667,75,0.04,6484,3983,"(145,66)",145,66,-33.1154,0,0,0,0,0.192,0.001,5.664171,NA,5.664171,0,NA,"145-66",3.3307,19.4040086268,10,33.307,"yes","",43.3936805182,-78.0387164559,1533571266,0.0159971576473102,206.405680175693
133,"06-Aug-2018 14:00:41",43.3932833333,-78.06005,64,0.05,6423,3809,"(144,65)",144,65,-32.8228,0,0,0,0,0.192,0.001,5.822189,NA,5.822189,0,NA,"144-65",3.3015,19.2540264593,10,33.015,"yes","",43.3935083276,-78.055102663,1533564041,0.011069403597697,171.560764561103
132,"06-Aug-2018 11:59:40",43.3935333333,-78.0852833333,56,0.05,6300,3462,"(142,63)",142,63,-32.2222,0,0,0,0,0.192,0.001,5.848114,NA,5.848114,0,NA,"142-63",3.2414,18.3328659615,10,32.414,"yes","",43.393506625,-78.0879534363,1533556780,0.032549035055152,9.4287485556225
135,"06-Aug-2018 18:00:22",43.3937,-78.0029833333,82,0.06,6605,4159,"(147,67)",147,67,-36.427,0,0,0,0,0.192,0.001,5.423419,NA,5.423419,0,NA,"147-67",3.6619,48.7576477427,10,36.619,"yes","",43.3938891013,-78.0059222083,1533578422,0.00394315139925983,224.40456764071
136,"06-Aug-2018 19:01:52",43.39375,-77.9880666667,116,0.02,6667,4160,"(148,67)",148,67,-38.2222,0,0,0,0,0.192,0.001,5.431845,NA,5.431845,0,NA,"148-67",3.8414,48.851933154,10,38.414,"yes","",43.3928382254,-77.9895939595,1533582112,0.00808190751950821,289.899490662459
14,"28-Jul-2018 12:41:24",43.3938333333,-79.0257833333,73,0.04,2338,6125,"(76,78)",76,78,-102.917,0,0,0,0,0.192,0.001,4.780396,NA,4.780396,0,NA,"76-78",10.3109,141.492335189,10,103.109,"yes","",43.3896660306,-79.0212565982,1532781684,0.0246533687154585,351.07270874098
110,"04-Aug-2018 16:44:00",43.3941166667,-78.1758166667,34,0.03,6002,3629,"(137,64)",137,64,-36.2099,0,0,0,0,0.192,0.001,5.663949,NA,5.663949,0,NA,"137-64",3.6402,19.842255251,10,36.402,"yes","",43.3945839926,-78.1701918804,1533401040,0.025905030550617,7.95386017764556
210,"12-Aug-2018 16:12:54",43.3941833333,-77.4407666667,161,0.03,9412,5446,"(180,74)",180,74,-173.657,0,0,0,0,0.192,0.001,4.619112,NA,4.619112,0,NA,"180-74",17.3849,218.974286305,10,173.849,"yes","",43.389734138,-77.4462777694,1534090374,0.0425485932539145,101.95622603551
98,"03-Aug-2018 19:27:24",43.3944166667,-78.4723333333,90,0.08,4799,3782,"(117,65)",117,65,-34.4754,0,0,0,0,0.192,0.001,5.501698,NA,5.501698,0,NA,"117-65",3.4667,15.3840450838,10,34.667,"yes","",43.3943996569,-78.4690416936,1533324444,0.0324377486763484,5.37604648724421
130,"06-Aug-2018 08:00:56",43.39455,-78.1408,56,0.05,6119,3459,"(139,63)",139,63,-35.6081,0,0,0,0,0.192,0.001,5.662379,NA,5.662379,0,NA,"139-63",3.58,18.6234458821,10,35.8,"yes","",43.3945092411,-78.1372732385,1533542456,0.0197540814795893,354.514964303196
109,"04-Aug-2018 15:58:30",43.3946666667,-78.1844,48,0.05,5942,3628,"(136,64)",136,64,-34.2785,0,0,0,0,0.192,0.001,5.544524,NA,5.544524,0,NA,"136-64",3.447,20.3050057108,10,34.47,"yes","",43.3942389828,-78.1866613606,1533398310,0.0387873502189535,5.93076829350173
24,"29-Jul-2018 06:36:27",43.3946833333,-79.1418166667,118,0.03,1878,6738,"(68,81)",68,81,-109.911,0,0,0,0,0.192,0.001,4.809837,NA,4.809837,0,NA,"68-81",11.0103,145.5369101,10,110.103,"yes","",43.397032689,-79.1406414671,1532846187,0.0100404805509727,288.862181373982
131,"06-Aug-2018 09:58:55",43.3946833333,-78.1131,52,0.06,6179,3289,"(140,62)",140,62,-34.1892,0,0,0,0,0.192,0.001,5.658311,NA,5.658311,0,NA,"140-62",3.4381,18.0105199642,10,34.381,"yes","",43.3939211803,-78.1208369265,1533549535,0.0274949292593168,355.8122842534
79,"02-Aug-2018 10:43:49",43.3951166667,-78.4878833333,101,0.1,4679,3953,"(115,66)",115,66,-39.6471,0,0,0,0,0.192,0.001,5.585325,NA,5.585325,0,NA,"115-66",3.9839,12.9543417168,10,39.839,"yes","",43.3951009248,-78.4932721308,1533206629,0.0420065809398872,7.00736857897863
71,"01-Aug-2018 21:28:49",43.3951833333,-78.6583666667,343,0.03,3908,4997,"(102,72)",102,72,-75.6421,0,0,0,0,0.192,0.001,4.904707,NA,4.904707,0,NA,"102-72",7.5834,70.6187482862,10,75.834,"yes","",43.3949519993,-78.6622118685,1533158929,0.0125782155436462,206.142551985178
221,"13-Aug-2018 14:13:20",43.3953666667,-77.6091833333,52,0.04,8439,5437,"(171,74)",171,74,-139.052,0,0,0,0,0.192,0.001,4.747983,NA,4.747983,0,NA,"171-74",13.9244,222.908422139,10,139.244,"yes","Offshore zone",43.4009796455,-77.6029578897,1534169600,0.0132791801431491,220.693223790199
108,"04-Aug-2018 13:55:55",43.3956166667,-78.2117833333,65,0.05,5821,3799,"(134,65)",134,65,-30.5238,0,0,0,0,0.192,0.001,5.558128,NA,5.558128,0,NA,"134-65",3.0716,20.6653754664,10,30.716,"yes","",43.3954237729,-78.2197136199,1533390955,0.0305002747706272,345.060200278383
99,"03-Aug-2018 21:27:36",43.397,-78.4429666667,90,0.08,4917,3957,"(119,66)",119,66,-36.6557,0,0,0,0,0.192,0.001,5.548975,NA,5.548975,0,NA,"119-66",3.6848,15.1589712579,10,36.848,"yes","",43.3970093886,-78.442343958,1533331656,0.0401802095666667,359.443043570815
107,"04-Aug-2018 11:57:55",43.3974666667,-78.2397666667,73,0.06,5763,4145,"(133,67)",133,67,-39.8221,0,0,0,0,0.192,0.001,5.441688,NA,5.441688,0,NA,"133-67",4.0014,52.1330459069,10,40.014,"yes","",43.3991814218,-78.2362496894,1533383875,0.0248106084223306,347.15404002293
53,"31-Jul-2018 11:02:28",43.3979666667,-78.7431166667,264,0.06,3547,5362,"(96,74)",96,74,-99.6145,0,0,0,0,0.192,0.001,4.729503,NA,4.729503,0,NA,"96-74",9.9807,148.426052753,10,99.807,"yes","",43.3993743154,-78.7477334168,1533034948,0.00425907267228169,0.617573601614009
72,"01-Aug-2018 23:28:04",43.3985,-78.6318333333,3,0.04,4031,4999,"(104,72)",104,72,-82.9859,0,0,0,0,0.192,0.001,4.827335,NA,4.827335,0,NA,"104-72",8.3178,71.102675255,10,83.178,"yes","",43.399915466,-78.6363852938,1533166084,0.0181759123363312,27.61265088333
106,"04-Aug-2018 09:55:34",43.3992,-78.26965,66,0.05,5643,4143,"(131,67)",131,67,-37.9064,0,0,0,0,0.192,0.001,5.410084,NA,5.410084,0,NA,"131-67",3.8098,51.4799427227,10,38.098,"yes","",43.399665941,-78.2693078571,1533376534,0.0259772170563681,355.778380582575
177,"10-Aug-2018 01:38:54",43.39925,-77.4413833333,170,0.01,9413,5638,"(180,75)",180,75,-182.481,0,0,0,0,0.192,0.001,4.625051,NA,4.625051,0,NA,"180-75",18.2673,217.75866962,10,182.673,"yes","",43.4036056275,-77.4448586678,1533865134,0.0208420029404565,94.0757088783502
100,"03-Aug-2018 23:25:29",43.3993833333,-78.4179833333,67,0.07,5040,4133,"(121,67)",121,67,-40.2919,0,0,0,0,0.192,0.001,5.511225,NA,5.511225,0,NA,"121-67",4.0484,40.8296079,10,40.484,"yes","",43.4002681009,-78.4150413542,1533338729,0.0437710431662561,356.940299057581
96,"03-Aug-2018 17:26:35",43.3995833333,-78.4854833333,110,0.05,4741,4303,"(116,68)",116,68,-49.375,0,0,0,0,0.192,0.001,5.460869,NA,5.460869,0,NA,"116-68",4.9567,33.7815281354,10,49.567,"yes","Offshore zone",43.4006322571,-78.4819625578,1533317195,0.0396536282069154,9.93884264622061
101,"04-Aug-2018 01:26:02",43.3997333333,-78.3884,73,0.08,5157,4135,"(123,67)",123,67,-39.0305,0,0,0,0,0.192,0.001,5.493406,NA,5.493406,0,NA,"123-67",3.9222,41.3641162636,10,39.222,"yes","Offshore zone",43.4006164476,-78.3859405957,1533345962,0.0443670362123309,358.129747369401
73,"02-Aug-2018 01:27:25",43.4006333333,-78.6036666667,35,0.04,4149,4822,"(106,71)",106,71,-73.3392,0,0,0,0,0.192,0.001,5.109678,NA,5.109678,0,NA,"106-71",7.3531,70.6760816756,10,73.531,"yes","",43.3986924609,-78.6084896174,1533173245,0.0152798323149618,290.716150770208
80,"02-Aug-2018 11:24:20",43.4008833333,-78.4867666667,81,0.11,4741,4303,"(116,68)",116,68,-49.375,0,0,0,0,0.192,0.001,5.460869,NA,5.460869,0,NA,"116-68",4.9567,33.7815281354,10,49.567,"yes","Offshore zone",43.4006322571,-78.4819625578,1533209060,0.0406246774744059,4.95235220275205
102,"04-Aug-2018 03:49:12",43.4011333333,-78.35505,68,0.07,5277,4137,"(125,67)",125,67,-39.3355,0,0,0,0,0.192,0.001,5.462493,NA,5.462493,0,NA,"125-67",3.9527,38.5408113254,10,39.527,"yes","Offshore zone",43.4008315316,-78.3574282475,1533354552,0.0435269456831372,355.760210596095
15,"28-Jul-2018 14:38:57",43.4012666667,-79.0481,61,0.02,2280,6327,"(75,79)",75,79,-106.172,0,0,0,0,0.192,0.001,4.749619,NA,4.749619,0,NA,"75-79",10.6364,141.560534701,10,106.364,"yes","",43.397691999,-79.0398789261,1532788737,0.0190701790964806,343.732956614239
137,"06-Aug-2018 20:00:56",43.4017,-77.9863,56,0.05,6670,4687,"(148,70)",148,70,-61.8571,0,0,0,0,0.192,0.001,5.095659,NA,5.095659,0,NA,"148-70",6.2049,49.1050275218,10,62.049,"yes","Offshore zone",43.402748619,-77.9887458217,1533585656,0.0158537441984812,195.414307920817
103,"04-Aug-2018 05:49:01",43.4018666667,-78.32615,63,0.07,5399,4139,"(127,67)",127,67,-38.3125,0,0,0,0,0.192,0.001,5.472295,NA,5.472295,0,NA,"127-67",3.8505,39.5871111919,10,38.505,"yes","Offshore zone",43.400653311,-78.3307101922,1533361741,0.0352831363280804,358.93612212454
223,"13-Aug-2018 16:16:02",43.4018833333,-77.62715,38,0.04,8333,5436,"(170,74)",170,74,-128.231,0,0,0,0,0.192,0.001,4.80182,NA,4.80182,0,NA,"170-74",12.8423,225.238702873,10,128.423,"yes","Offshore zone",43.4020745415,-77.6204034586,1534176962,0.0220135413516661,267.12895938272
104,"04-Aug-2018 07:49:00",43.4021666667,-78.2980833333,51,0.06,5522,4316,"(129,68)",129,68,-43.4802,0,0,0,0,0.192,0.001,5.352845,NA,5.352845,0,NA,"129-68",4.3672,50.3086330067,10,43.672,"yes","Offshore zone",43.4037222138,-78.3024282436,1533368940,0.027629841141852,7.35703805006231
105,"04-Aug-2018 07:53:00",43.40225,-78.2978833333,51,0.06,5522,4316,"(129,68)",129,68,-43.4802,0,0,0,0,0.192,0.001,5.352845,NA,5.352845,0,NA,"129-68",4.3672,50.3086330067,10,43.672,"yes","Offshore zone",43.4037222138,-78.3024282436,1533369180,0.027629841141852,7.35703805006231
222,"13-Aug-2018 15:56:33",43.4029333333,-77.6259333333,49,0.05,8333,5436,"(170,74)",170,74,-128.231,0,0,0,0,0.192,0.001,4.80182,NA,4.80182,0,NA,"170-74",12.8423,225.238702873,10,128.423,"yes","Offshore zone",43.4020745415,-77.6204034586,1534175793,0.0220135413516661,267.12895938272
67,"01-Aug-2018 13:00:59",43.4031333333,-78.7427166667,221,0.04,3547,5362,"(96,74)",96,74,-99.6145,0,0,0,0,0.192,0.001,4.729503,NA,4.729503,0,NA,"96-74",9.9807,148.426052753,10,99.807,"yes","",43.3993743154,-78.7477334168,1533128459,0.000206770807167758,315.523237295285
74,"02-Aug-2018 03:25:19",43.4037333333,-78.5759833333,28,0.04,4270,4824,"(108,71)",108,71,-69.2806,0,0,0,0,0.192,0.001,5.08121,NA,5.08121,0,NA,"108-71",6.9473,69.269761299,10,69.473,"yes","Offshore zone",43.4031150435,-78.5822976771,1533180319,0.0220305854094861,353.867262435726
111,"04-Aug-2018 17:59:30",43.40545,-78.1764333333,17,0.02,6007,4500,"(137,69)",137,69,-50.88,0,0,0,0,0.192,0.001,5.147571,NA,5.147571,0,NA,"137-69",5.1072,49.7596920763,10,51.072,"yes","Offshore zone",43.4062929906,-78.1700917886,1533405570,0.0315140746816954,13.153416557057
78,"02-Aug-2018 09:25:04",43.4058,-78.4946666667,97,0.08,4683,4654,"(115,70)",115,70,-59.0519,0,0,0,0,0.192,0.001,5.230715,NA,5.230715,0,NA,"115-70",5.9244,33.5904638376,10,59.244,"yes","Offshore zone",43.4064861444,-78.4944742196,1533201904,0.0269112594172471,6.96863792215422
191,"11-Aug-2018 00:15:56",43.4067,-77.33255,67,0.05,10005,5837,"(186,76)",186,76,-205.726,0,0,0,0,0.192,0.001,4.535056,NA,4.535056,0,NA,"186-76",20.5918,219.21232291,10,205.918,"no","",43.4103017644,-77.3405935341,1533946556,0.0187603927730362,334.649725806574
75,"02-Aug-2018 05:22:45",43.407,-78.5478833333,44,0.06,4446,4827,"(111,71)",111,71,-70.9847,0,0,0,0,0.192,0.001,5.102722,NA,5.102722,0,NA,"111-71",7.1177,65.6953875817,10,71.177,"yes","Offshore zone",43.4076104276,-78.5443985893,1533187365,0.0193677881922912,13.7812512215466
127,"06-Aug-2018 04:02:57",43.4076833333,-78.1743666667,133,0.03,6007,4500,"(137,69)",137,69,-50.88,0,0,0,0,0.192,0.001,5.147571,NA,5.147571,0,NA,"137-69",5.1072,49.7596920763,10,51.072,"yes","Offshore zone",43.4062929906,-78.1700917886,1533528177,0.0265470617313968,18.779274752725
16,"28-Jul-2018 16:38:37",43.4094833333,-79.0729666667,234,0.02,2165,6743,"(73,81)",73,81,-115.493,0,0,0,0,0.192,0.001,4.707705,NA,4.707705,0,NA,"73-81",11.5685,143.7823334,10,115.685,"yes","",43.4136381513,-79.0772250418,1532795917,0.0100493594172206,314.549161534314
76,"02-Aug-2018 07:29:34",43.4100333333,-78.5156666667,52,0.06,4564,4829,"(113,71)",113,71,-70.8108,0,0,0,0,0.192,0.001,5.0391,NA,5.0391,0,NA,"113-71",7.1003,64.7888197466,10,71.003,"yes","Offshore zone",43.4099347039,-78.5194533662,1533194974,0.0103610036740436,325.263802013283
77,"02-Aug-2018 08:41:49",43.4114666667,-78.4992666667,57,0.05,4684,4831,"(115,71)",115,71,-64.5495,0,0,0,0,0.192,0.001,5.023071,NA,5.023071,0,NA,"115-71",6.4741,68.1576381175,10,64.741,"yes","Offshore zone",43.4111082606,-78.4949623475,1533199309,0.00307648246143051,129.37284122727
23,"29-Jul-2018 04:41:53",43.4124166667,-79.1540833333,117,0.02,1880,7180,"(68,83)",68,83,-119.039,0,0,0,0,0.192,0.001,4.773479,NA,4.773479,0,NA,"68-83",11.9231,146.598087973,10,119.231,"no","",43.419007625,-79.1530800003,1532839313,0.00845702717006264,275.432721680708
54,"31-Jul-2018 12:59:25",43.4125,-78.7482333333,265,0.07,3548,5554,"(96,75)",96,75,-111.652,0,0,0,0,0.192,0.001,4.694326,NA,4.694326,0,NA,"96-75",11.1844,149.298320211,10,111.844,"yes","Offshore zone",43.4107084518,-78.7523476819,1533041965,0.0150507843759511,172.560616868264
209,"12-Aug-2018 14:24:57",43.4132333333,-77.4401166667,168,0.03,9414,5831,"(180,76)",180,76,-181.467,0,0,0,0,0.192,0.001,4.802465,NA,4.802465,0,NA,"180-76",18.1659,216.543052935,10,181.659,"yes","",43.417477049,-77.4434387108,1534083897,0.0260510882804541,52.9826870990717
176,"09-Aug-2018 23:45:17",43.4172666667,-77.4428833333,232,0.01,9414,5831,"(180,76)",180,76,-181.467,0,0,0,0,0.192,0.001,4.802465,NA,4.802465,0,NA,"180-76",18.1659,216.543052935,10,181.659,"yes","",43.417477049,-77.4434387108,1533858317,0.0131771945706007,83.0405416105334
95,"03-Aug-2018 15:30:54",43.41895,-78.4898,127,0.03,4685,5010,"(115,72)",115,72,-74.0109,0,0,0,0,0.192,0.001,4.854228,NA,4.854228,0,NA,"115-72",7.4203,69.4599187074,10,74.203,"yes","Offshore zone",43.4172610821,-78.4956122065,1533310254,0.0115257735183776,249.607590754076
17,"28-Jul-2018 18:33:28",43.4195666667,-79.0958833333,297,0.02,2108,6960,"(72,82)",72,82,-117.914,0,0,0,0,0.192,0.001,4.724033,NA,4.724033,0,NA,"72-82",11.8106,145.733661789,10,118.106,"yes","",43.4215550749,-79.0959622537,1532802808,0.00821391372050139,281.678605393073
81,"02-Aug-2018 13:24:39",43.4204666667,-78.4915,74,0.07,4685,5010,"(115,72)",115,72,-74.0109,0,0,0,0,0.192,0.001,4.854228,NA,4.854228,0,NA,"115-72",7.4203,69.4599187074,10,74.203,"yes","Offshore zone",43.4172610821,-78.4956122065,1533216279,0.00771025854625064,265.995385572629
138,"06-Aug-2018 22:04:41",43.4218833333,-77.9887833333,350,0.01,6673,5227,"(148,73)",148,73,-95.8689,0,0,0,0,0.192,0.001,4.827549,NA,4.827549,0,NA,"148-73",9.6061,194.140741739,10,96.061,"yes","Offshore zone",43.4240905695,-77.9870151157,1533593081,0.00705739059206677,311.646902164609
66,"01-Aug-2018 11:07:00",43.4227333333,-78.7477333333,196,0.03,3609,5748,"(97,76)",97,76,-121.814,0,0,0,0,0.192,0.001,4.676664,NA,4.676664,0,NA,"97-76",12.2006,147.720289759,10,122.006,"yes","Offshore zone",43.4247881261,-78.7434898603,1533121620,0.0295349795196962,164.728890309606
112,"04-Aug-2018 20:01:20",43.4254833333,-78.1762333333,36,0.02,6011,5216,"(137,73)",137,73,-78.5026,0,0,0,0,0.192,0.001,4.815087,NA,4.815087,0,NA,"137-73",7.8695,190.251640899,10,78.695,"yes","Offshore zone",43.4310470046,-78.1698420389,1533412880,0.0203810148499538,141.999107660468
192,"11-Aug-2018 02:20:52",43.4258,-77.34405,68,0.04,10006,6035,"(186,77)",186,77,-205.205,0,0,0,0,0.192,0.001,4.605218,NA,4.605218,0,NA,"186-77",20.5397,215.581305105,10,205.397,"no","",43.4244047128,-77.3397213092,1533954052,0.0246485612632097,344.669132905443
126,"06-Aug-2018 02:00:20",43.4280166667,-78.1759666667,104,0.02,6011,5216,"(137,73)",137,73,-78.5026,0,0,0,0,0.192,0.001,4.815087,NA,4.815087,0,NA,"137-73",7.8695,190.251640899,10,78.695,"yes","Offshore zone",43.4310470046,-78.1698420389,1533520820,0.0231609748204521,141.837809050416
18,"28-Jul-2018 20:35:32",43.4284833333,-79.1223166667,285,0.03,1994,7182,"(70,83)",70,83,-120.424,0,0,0,0,0.192,0.001,4.767637,NA,4.767637,0,NA,"70-83",12.0616,145.633638648,10,120.616,"yes","",43.4259065683,-79.1275566709,1532810132,0.00877285613828673,275.553913231391
22,"29-Jul-2018 02:45:02",43.4304333333,-79.167,137,0.02,1881,7408,"(68,84)",68,84,-123.319,0,0,0,0,0.192,0.001,4.789005,NA,4.789005,0,NA,"68-84",12.3511,147.12867691,10,123.511,"no","",43.4299946162,-79.1593025586,1532832302,0.0072427385413634,257.304999702591
55,"31-Jul-2018 14:57:50",43.4310166667,-78.7515833333,275,0.06,3610,5946,"(97,77)",97,77,-128.941,0,0,0,0,0.192,0.001,4.627886,NA,4.627886,0,NA,"97-77",12.9133,151.647603617,10,129.133,"yes","Offshore zone",43.4362727876,-78.7479421512,1533049070,0.0345917250746192,167.598115477373
208,"12-Aug-2018 10:22:27",43.4365333333,-77.4401833333,188,0.04,9415,6029,"(180,77)",180,77,-189.035,0,0,0,0,0.192,0.001,4.671301,NA,4.671301,0,NA,"180-77",18.9227,214.494647254,10,189.227,"yes","",43.4313188431,-77.4419953268,1534069347,0.0179546048388278,28.6288862320491
19,"28-Jul-2018 22:36:48",43.4377,-79.1476666667,301,0.02,1938,7409,"(69,84)",69,84,-124.038,0,0,0,0,0.192,0.001,4.774845,NA,4.774845,0,NA,"69-84",12.423,145.844016364,10,124.23,"no","",43.4335365155,-79.1464981274,1532817408,0.00748804961822645,251.568020666723
94,"03-Aug-2018 13:27:29",43.4398,-78.4959166667,172,0.01,4687,5381,"(115,74)",115,74,-122.225,0,0,0,0,0.192,0.001,4.700363,NA,4.700363,0,NA,"115-74",12.2417,134.14571699,10,122.417,"yes","Offshore zone",43.4374520168,-78.4986512712,1533302849,0.0158916330027043,209.890871760252
175,"09-Aug-2018 21:14:27",43.4407833333,-77.4434333333,245,0.02,9416,6229,"(180,78)",180,78,-195.108,0,0,0,0,0.192,0.001,4.834577,NA,4.834577,0,NA,"180-78",19.53,213.369390675,10,195.3,"yes","",43.4451300413,-77.4405285412,1533849267,0.00274104208294029,52.3133191988576
82,"02-Aug-2018 15:26:40",43.4412,-78.4982666667,41,0.03,4687,5381,"(115,74)",115,74,-122.225,0,0,0,0,0.192,0.001,4.700363,NA,4.700363,0,NA,"115-74",12.2417,134.14571699,10,122.417,"yes","Offshore zone",43.4374520168,-78.4986512712,1533223600,0.00907683757931173,223.034686734653
113,"04-Aug-2018 21:58:25",43.4423833333,-78.1769333333,30,0.03,6012,5403,"(137,74)",137,74,-97.0209,0,0,0,0,0.192,0.001,4.801629,NA,4.801629,0,NA,"137-74",9.7213,191.016052805,10,97.213,"yes","Offshore zone",43.4437493923,-78.1697464896,1533419905,0.0084526597826714,170.624985214491
139,"07-Aug-2018 00:10:51",43.44305,-77.9895666667,313,0.03,6674,5414,"(148,74)",148,74,-114.997,0,0,0,0,0.192,0.001,4.763748,NA,4.763748,0,NA,"148-74",11.5189,194.983190034,10,115.189,"yes","Offshore zone",43.4370346287,-77.986101792,1533600651,0.00415288274796986,258.172681208244
193,"11-Aug-2018 04:20:47",43.4438166667,-77.356,31,0.04,9912,6234,"(185,78)",185,78,-203.271,0,0,0,0,0.192,0.001,4.566695,NA,4.566695,0,NA,"185-78",20.3463,213.715120684,10,203.463,"no","",43.4394591788,-77.3557042297,1533961247,0.023511308629348,356.980988386548
65,"01-Aug-2018 09:03:59",43.4452,-78.7502,136,0.05,3611,6146,"(97,78)",97,78,-135.338,0,0,0,0,0.192,0.001,4.699265,NA,4.699265,0,NA,"97-78",13.553,152.880057068,10,135.53,"yes","Offshore zone",43.4478761324,-78.7523386003,1533114239,0.0322682816139031,166.515769204503
56,"31-Jul-2018 16:55:34",43.4461333333,-78.7544333333,268,0.04,3611,6146,"(97,78)",97,78,-135.338,0,0,0,0,0.192,0.001,4.699265,NA,4.699265,0,NA,"97-78",13.553,152.880057068,10,135.53,"yes","Offshore zone",43.4478761324,-78.7523386003,1533056134,0.0372119575607929,167.993991034109
125,"06-Aug-2018 00:00:33",43.4463833333,-78.1786333333,98,0.01,5952,5402,"(136,74)",136,74,-96.5748,0,0,0,0,0.192,0.001,4.793274,NA,4.793274,0,NA,"136-74",9.6767,190.373020156,10,96.767,"yes","Offshore zone",43.4439535597,-78.1864460195,1533513633,0.0112655517048664,196.181661760465
21,"29-Jul-2018 01:06:52",43.4467666667,-79.17525,71,0.04,1883,7870,"(68,86)",68,86,-129.546,0,0,0,0,0.192,0.001,4.764132,NA,4.764132,0,NA,"68-86",12.9738,150.613508549,10,129.738,"no","",43.45229941,-79.1716985238,1532826412,0.0107698614477837,195.756534771661
20,"29-Jul-2018 00:37:18",43.447,-79.1732666667,316,0.02,1883,7870,"(68,86)",68,86,-129.546,0,0,0,0,0.192,0.001,4.764132,NA,4.764132,0,NA,"68-86",12.9738,150.613508549,10,129.738,"no","",43.45229941,-79.1716985238,1532824638,0.0107698614477837,195.756534771661
174,"09-Aug-2018 19:34:52",43.4565833333,-77.4410166667,199,0.03,9417,6432,"(180,79)",180,79,-194.125,0,0,0,0,0.192,0.001,4.673353,NA,4.673353,0,NA,"180-79",19.4317,212.244134096,10,194.317,"yes","",43.45894117,-77.439060882,1533843292,0.00286228384114182,221.224776360566
207,"12-Aug-2018 10:22:27",43.4578666667,-77.4401833333,199,0.03,9417,6432,"(180,79)",180,79,-194.125,0,0,0,0,0.192,0.001,4.673353,NA,4.673353,0,NA,"180-79",19.4317,212.244134096,10,194.317,"yes","",43.45894117,-77.439060882,1534069347,0.00563587030963873,304.878298588091
93,"03-Aug-2018 11:34:25",43.4584333333,-78.49855,121,0.02,4689,5766,"(115,76)",115,76,-143.952,0,0,0,0,0.192,0.001,4.690315,NA,4.690315,0,NA,"115-76",14.4144,139.135557811,10,144.144,"yes","Offshore zone",43.4602615084,-78.5022406803,1533296065,0.00581734437362508,252.537488204991
114,"04-Aug-2018 23:59:12",43.4611666667,-78.17725,23,0.02,6013,5595,"(137,75)",137,75,-116.195,0,0,0,0,0.192,0.001,4.722313,NA,4.722313,0,NA,"137-75",11.6387,191.78046471,10,116.387,"yes","Offshore zone",43.456451754,-78.1696507616,1533427152,0.00282011267566549,251.344017109572
140,"07-Aug-2018 02:08:09",43.4627833333,-77.9862,12,0.01,6676,5799,"(148,76)",148,76,-135.368,0,0,0,0,0.192,0.001,4.769969,NA,4.769969,0,NA,"148-76",13.556,196.668086624,10,135.56,"yes","Offshore zone",43.4629226149,-77.9842735157,1533607689,0.0060120610432163,314.678604816322
194,"11-Aug-2018 06:16:04",43.4629166667,-77.3669333333,37,0.04,9817,6643,"(184,80)",184,80,-202.011,0,0,0,0,0.192,0.001,4.746883,NA,4.746883,0,NA,"184-80",20.2203,211.826121463,10,202.203,"no","",43.4684463586,-77.3704205013,1533968164,0.009195847608704,353.322509537471
83,"02-Aug-2018 17:36:26",43.4635833333,-78.5019,339,0.01,4689,5766,"(115,76)",115,76,-143.952,0,0,0,0,0.192,0.001,4.690315,NA,4.690315,0,NA,"115-76",14.4144,139.135557811,10,144.144,"yes","Offshore zone",43.4602615084,-78.5022406803,1533231386,0.00448414830562709,288.083763168391
57,"31-Jul-2018 18:58:04",43.4636333333,-78.7581,263,0.03,3612,6349,"(97,79)",97,79,-141,0,0,0,0,0.192,0.001,4.681736,NA,4.681736,0,NA,"97-79",14.1192,154.11251052,10,141.192,"yes","Offshore zone",43.4594793242,-78.7567366474,1533063484,0.0349488779026452,168.366875215036
124,"05-Aug-2018 22:00:15",43.4656333333,-78.1787833333,106,0.03,5954,5787,"(136,76)",136,76,-138.286,0,0,0,0,0.192,0.001,4.736192,NA,4.736192,0,NA,"136-76",13.8478,191.75115033,10,138.478,"yes","Offshore zone",43.4693032453,-78.1863889611,1533506415,0.00631805360206192,5.39711722977874
64,"01-Aug-2018 07:02:15",43.4677,-78.7541333333,127,0.07,3613,6556,"(97,80)",97,80,-142.727,0,0,0,0,0.192,0.001,4.75875,NA,4.75875,0,NA,"97-80",14.2919,155.344963972,10,142.919,"yes","Offshore zone",43.4710823625,-78.761136294,1533106935,0.0265064382683587,169.155853854164
92,"03-Aug-2018 09:34:45",43.4787333333,-78.5012333333,106,0.03,4691,6164,"(115,78)",115,78,-165.239,0,0,0,0,0.192,0.001,4.698286,NA,4.698286,0,NA,"115-78",16.5431,147.939333702,10,165.431,"yes","Offshore zone",43.483651916,-78.5062341642,1533288885,0.00372041142073489,252.003060137403
173,"09-Aug-2018 17:27:32",43.47955,-77.44135,206,0.03,9418,6639,"(180,80)",180,80,-187.735,0,0,0,0,0.192,0.001,4.689345,NA,4.689345,0,NA,"180-80",18.7927,211.118877518,10,187.927,"yes","",43.4727522293,-77.4375923483,1533835652,0.00611121017960265,223.914883569782
206,"12-Aug-2018 08:14:54",43.4813333333,-77.4405666667,202,0.03,9419,6850,"(180,81)",180,81,-181.138,0,0,0,0,0.192,0.001,4.693708,NA,4.693708,0,NA,"180-81",18.133,208.70548824,10,181.33,"yes","",43.486516621,-77.4360850608,1534061694,0.00705016055268527,239.142747470292
58,"31-Jul-2018 20:57:44",43.4814166667,-78.7632666667,268,0.04,3614,6767,"(97,81)",97,81,-145.679,0,0,0,0,0.192,0.001,4.745184,NA,4.745184,0,NA,"97-81",14.5871,159.9855429,10,145.871,"yes","Offshore zone",43.4828249613,-78.7655218429,1533070664,0.028231665082922,172.403300284672
141,"07-Aug-2018 04:03:12",43.4826666667,-77.98535,40,0.02,6677,5997,"(148,77)",148,77,-147.463,0,0,0,0,0.192,0.001,4.668478,NA,4.668478,0,NA,"148-77",14.7655,203.098550731,10,147.655,"yes","Offshore zone",43.4760480504,-77.983331085,1533614592,0.00441407458846256,283.012761951398
84,"02-Aug-2018 19:32:54",43.4838333333,-78.5031333333,40,0.01,4691,6164,"(115,78)",115,78,-165.239,0,0,0,0,0.192,0.001,4.698286,NA,4.698286,0,NA,"115-78",16.5431,147.939333702,10,165.431,"yes","Offshore zone",43.483651916,-78.5062341642,1533238374,0.00295382074422949,260.844121157979
115,"05-Aug-2018 02:09:15",43.4841833333,-78.1774166667,32,0.01,6015,5986,"(137,77)",137,77,-153.841,0,0,0,0,0.192,0.001,4.650456,NA,4.650456,0,NA,"137-77",15.4033,196.502356161,10,154.033,"yes","Offshore zone",43.4819607506,-78.1694719911,1533434955,0.0134955055166894,353.324313198648
195,"11-Aug-2018 08:20:46",43.4841833333,-77.3783666667,47,0.06,9718,6853,"(183,81)",183,81,-192.85,0,0,0,0,0.192,0.001,4.709641,NA,4.709641,0,NA,"183-81",19.3042,208.522363154,10,193.042,"yes","",43.4833733243,-77.385958602,1533975646,0.00394107508046312,311.456657332616
123,"05-Aug-2018 20:05:00",43.4842166667,-78.17905,109,0.03,5955,5985,"(136,77)",136,77,-154.972,0,0,0,0,0.192,0.001,4.628633,NA,4.628633,0,NA,"136-77",15.5164,195.353804095,10,155.164,"yes","Offshore zone",43.4820737784,-78.186376694,1533499500,0.0129793614857776,8.72647693246224
63,"01-Aug-2018 05:02:38",43.4846333333,-78.7614833333,115,0.06,3614,6767,"(97,81)",97,81,-145.679,0,0,0,0,0.192,0.001,4.745184,NA,4.745184,0,NA,"97-81",14.5871,159.9855429,10,145.871,"yes","Offshore zone",43.4828249613,-78.7655218429,1533099758,0.0224517830036137,173.260473155489
172,"09-Aug-2018 15:49:27",43.4975666667,-77.4393833333,161,0.04,9420,7068,"(180,82)",180,82,-178.633,0,0,0,0,0.192,0.001,4.683865,NA,4.683865,0,NA,"180-82",17.8825,207.716351927,10,178.825,"yes","",43.5002329252,-77.4345400898,1533829767,0.00728821478223979,216.06046559725
91,"03-Aug-2018 07:39:14",43.4983333333,-78.5039333333,100,0.03,4692,6367,"(115,79)",115,79,-169.821,0,0,0,0,0.192,0.001,4.640319,NA,4.640319,0,NA,"115-79",17.0013,149.640315006,10,170.013,"yes","Offshore zone",43.495447593,-78.5082979492,1533281954,0.00266871438812273,304.31710932112
59,"31-Jul-2018 22:57:41",43.5007166667,-78.7671833333,272,0.03,3615,6985,"(97,82)",97,82,-148.854,0,0,0,0,0.192,0.001,4.796551,NA,4.796551,0,NA,"97-82",14.9046,161.178447391,10,149.046,"yes","Offshore zone",43.4947071849,-78.7698955998,1533077861,0.0201849124128135,178.666540077563
171,"09-Aug-2018 14:30:51",43.50105,-77.4399166667,132,0.02,9420,7068,"(180,82)",180,82,-178.633,0,0,0,0,0.192,0.001,4.683865,NA,4.683865,0,NA,"180-82",17.8825,207.716351927,10,178.825,"yes","",43.5002329252,-77.4345400898,1533825051,0.00705490579251067,217.606563142854
122,"05-Aug-2018 18:13:45",43.5026333333,-78.1799666667,112,0.02,5957,6388,"(136,79)",136,79,-172.327,0,0,0,0,0.192,0.001,4.661931,NA,4.661931,0,NA,"136-79",17.2519,196.811601471,10,172.519,"yes","Offshore zone",43.5078053328,-78.1863898578,1533492825,0.00858995380230392,8.97920021304009
170,"09-Aug-2018 13:07:06",43.5029666667,-77.4571333333,118,0.03,9315,7067,"(179,82)",179,82,-173.49,0,0,0,0,0.192,0.001,4.707742,NA,4.707742,0,NA,"179-82",17.3682,207.304802725,10,173.682,"yes","",43.5013164245,-77.4512507681,1533820026,0.0059746161911254,223.304127148589
196,"11-Aug-2018 10:16:27",43.5038333333,-77.3892666667,41,0.06,9719,7071,"(183,82)",183,82,-188.78,0,0,0,0,0.192,0.001,4.629632,NA,4.629632,0,NA,"183-82",18.8972,207.369890182,10,188.972,"yes","",43.4971727307,-77.3846663535,1533982587,0.00566232108613562,263.00501491051
142,"07-Aug-2018 06:10:32",43.5043166667,-77.9852833333,17,0.01,6679,6400,"(148,79)",148,79,-167.745,0,0,0,0,0.192,0.001,4.635896,NA,4.635896,0,NA,"148-79",16.7937,205.006352943,10,167.937,"yes","Offshore zone",43.5026593467,-77.9813904575,1533622232,0.00435263365553546,337.655037555041
62,"01-Aug-2018 03:01:46",43.5052,-78.7693333333,97,0.03,3616,7209,"(97,83)",97,83,-149.283,0,0,0,0,0.192,0.001,4.72203,NA,4.72203,0,NA,"97-83",14.9475,162.371351881,10,149.475,"yes","Offshore zone",43.5065892561,-78.7742709851,1533092506,0.0102642910659897,201.663358831014
116,"05-Aug-2018 04:08:58",43.5053166667,-78.1769166667,38,0.01,6017,6389,"(137,79)",137,79,-170.839,0,0,0,0,0.192,0.001,4.644062,NA,4.644062,0,NA,"137-79",17.1031,198.208023755,10,171.031,"yes","Offshore zone",43.507780852,-78.1693412452,1533442138,0.0100970987599852,357.648354043049
85,"02-Aug-2018 21:38:43",43.5059666667,-78.5051166667,44,0.03,4693,6574,"(115,80)",115,80,-170.855,0,0,0,0,0.192,0.001,4.731972,NA,4.731972,0,NA,"115-80",17.1047,151.341296308,10,171.047,"yes","Offshore zone",43.507243233,-78.5103624356,1533245923,0.00480675009273446,339.004386190826
169,"09-Aug-2018 11:07:24",43.5115833333,-77.48425,82,0.04,9107,7289,"(177,83)",177,83,-167.565,0,0,0,0,0.192,0.001,4.789906,NA,4.789906,0,NA,"177-83",16.7757,205.492568008,10,167.757,"yes","",43.5170965018,-77.4829100395,1533812844,0.00170102348584594,60.3976230108133
168,"09-Aug-2018 09:03:02",43.5186833333,-77.51365,69,0.03,8888,7287,"(175,83)",175,83,-169.904,0,0,0,0,0.192,0.001,4.815881,NA,4.815881,0,NA,"175-83",17.0096,205.346130868,10,170.096,"yes","",43.5192966799,-77.5162933555,1533805382,0.0045649933915702,56.0863811396168
61,"01-Aug-2018 01:31:59",43.5198666667,-78.7732833333,111,0.04,3617,7437,"(97,84)",97,84,-148.887,0,0,0,0,0.192,0.001,4.815742,NA,4.815742,0,NA,"97-84",14.9079,163.564256371,10,149.079,"yes","Offshore zone",43.5184711747,-78.7786480003,1533087119,0.00835700391889955,229.333054433608
90,"03-Aug-2018 05:33:49",43.5199833333,-78.5070333333,104,0.04,4694,6785,"(115,81)",115,81,-168.111,0,0,0,0,0.192,0.001,4.664577,NA,4.664577,0,NA,"115-81",16.8303,157.842458961,10,168.303,"yes","Offshore zone",43.5192232597,-78.5125207085,1533274429,0.00594708551349761,349.379516195315
60,"01-Aug-2018 00:57:19",43.5201333333,-78.77015,112,0.02,3678,7438,"(98,84)",98,84,-151.461,0,0,0,0,0.192,0.001,4.822515,NA,4.822515,0,NA,"98-84",15.1653,163.620778407,10,151.653,"yes","Offshore zone",43.5212645092,-78.7643522169,1533085039,0.00871209507119737,254.291725858861
205,"12-Aug-2018 04:18:58",43.5222166667,-77.4404166667,349,0,9422,7520,"(180,84)",180,84,-175.559,0,0,0,0,0.192,0.001,4.691375,NA,4.691375,0,NA,"180-84",17.5751,205.7380793,10,175.751,"yes","",43.5276653172,-77.4314474375,1534047538,0.0049496875936497,260.018627722409
121,"05-Aug-2018 16:06:29",43.5241833333,-78.1805833333,121,0.03,5958,6595,"(136,80)",136,80,-175.437,0,0,0,0,0.192,0.001,4.638659,NA,4.638659,0,NA,"136-80",17.5629,197.540500159,10,175.629,"yes","Offshore zone",43.5206710717,-78.1863962318,1533485189,0.0085900261574524,359.749776804171
143,"07-Aug-2018 08:15:12",43.5253833333,-77.9849166667,290,0.01,6681,6818,"(148,81)",148,81,-173.921,0,0,0,0,0.192,0.001,4.602432,NA,4.602432,0,NA,"148-81",17.4113,212.582328742,10,174.113,"yes","",43.5294506531,-77.9794184094,1533629712,0.000643668516077958,176.629727202847
86,"02-Aug-2018 23:33:07",43.5257333333,-78.5081333333,59,0.03,4694,6785,"(115,81)",115,81,-168.111,0,0,0,0,0.192,0.001,4.664577,NA,4.664577,0,NA,"115-81",16.8303,157.842458961,10,168.303,"yes","Offshore zone",43.5192232597,-78.5125207085,1533252787,0.00623165751281469,346.000216006688
117,"05-Aug-2018 06:10:01",43.5264,-78.1769833333,54,0.01,6018,6596,"(137,80)",137,80,-174.878,0,0,0,0,0.192,0.001,4.61307,NA,4.61307,0,NA,"137-80",17.507,199.060857552,10,175.07,"yes","Offshore zone",43.5206908631,-78.1692756155,1533449401,0.00941360844105512,356.073025046374
167,"09-Aug-2018 06:59:07",43.5265833333,-77.5408666667,52,0.05,8666,7285,"(173,83)",173,83,-171.028,0,0,0,0,0.192,0.001,4.8829,NA,4.8829,0,NA,"173-83",17.122,204.132875101,10,171.22,"yes","",43.521524247,-77.5497157721,1533797947,0.00495906105190721,72.9869105760128
166,"09-Aug-2018 04:58:31",43.53345,-77.567,37,0.04,8558,7512,"(172,84)",172,84,-175.769,0,0,0,0,0.192,0.001,4.920106,NA,4.920106,0,NA,"172-84",17.5961,202.63418625,10,175.961,"yes","",43.5360934596,-77.5643532988,1533790711,0.00309070407546227,146.641040884721
165,"09-Aug-2018 03:10:08",43.5391666667,-77.5883833333,25,0.04,8449,7511,"(171,84)",171,84,-176.574,0,0,0,0,0.192,0.001,4.652179,NA,4.652179,0,NA,"171-84",17.6766,201.524743457,10,176.766,"yes","",43.5372638851,-77.5810075251,1533784208,0.00220649077815376,193.653368358071
89,"03-Aug-2018 03:39:24",43.5393833333,-78.5104333333,117,0.04,4696,7227,"(115,83)",115,83,-172.395,0,0,0,0,0.192,0.001,4.735156,NA,4.735156,0,NA,"115-83",17.2587,160.734876979,10,172.587,"yes","",43.5435589846,-78.5170217688,1533267564,0.0113494879310598,350.985979607546
197,"11-Aug-2018 14:13:21",43.5418666667,-77.4090166667,76,0.04,9525,7752,"(181,85)",181,85,-176.243,0,0,0,0,0.192,0.001,4.696141,NA,4.696141,0,NA,"181-85",17.6435,202.278395271,10,176.435,"yes","",43.5403857341,-77.4134126456,1533996801,0.00587088310728275,274.542766871548
204,"12-Aug-2018 02:20:06",43.5420333333,-77.4400166667,320,0.01,9318,7750,"(179,85)",179,85,-172.327,0,0,0,0,0.192,0.001,4.721308,NA,4.721308,0,NA,"179-85",17.2519,203.517760047,10,172.519,"yes","",43.5423361434,-77.4463335465,1534040406,0.00222031355640919,290.735539520015
144,"07-Aug-2018 10:08:40",43.5438,-77.9856333333,279,0.03,6682,7036,"(148,82)",148,82,-171.795,0,0,0,0,0.192,0.001,4.817744,NA,4.817744,0,NA,"148-82",17.1987,213.700037185,10,171.987,"yes","",43.5431147261,-77.97838755,1533636520,0.00302734552470488,161.020251532237
87,"03-Aug-2018 01:24:30",43.5442,-78.5113333333,59,0.02,4696,7227,"(115,83)",115,83,-172.395,0,0,0,0,0.192,0.001,4.735156,NA,4.735156,0,NA,"115-83",17.2587,160.734876979,10,172.587,"yes","",43.5435589846,-78.5170217688,1533259470,0.0114829161575922,349.849525299777
150,"07-Aug-2018 20:15:57",43.54595,-77.97765,206,0.01,6682,7036,"(148,82)",148,82,-171.795,0,0,0,0,0.192,0.001,4.817744,NA,4.817744,0,NA,"148-82",17.1987,213.700037185,10,171.987,"yes","",43.5431147261,-77.97838755,1533672957,0.00309530172837028,161.743374018453
164,"09-Aug-2018 01:01:51",43.54645,-77.6143666667,25,0.03,8238,7740,"(169,85)",169,85,-175.184,0,0,0,0,0.192,0.001,4.718133,NA,4.718133,0,NA,"169-85",17.5376,196.48499673,10,175.376,"yes","",43.5526850331,-77.6121530289,1533776511,0.00567143953196703,192.662209483553
118,"05-Aug-2018 08:11:10",43.5470833333,-78.1767166667,77,0.03,6020,7025,"(137,82)",137,82,-184.846,0,0,0,0,0.192,0.001,4.679145,NA,4.679145,0,NA,"137-82",18.5038,204.454347817,10,185.038,"yes","",43.5468483082,-78.1692488805,1533456670,0.0108719024712637,355.971333916124
88,"03-Aug-2018 02:33:56",43.55,-78.51325,94,0.02,4696,7227,"(115,83)",115,83,-172.395,0,0,0,0,0.192,0.001,4.735156,NA,4.735156,0,NA,"115-83",17.2587,160.734876979,10,172.587,"yes","",43.5435589846,-78.5170217688,1533263636,0.0114829161575922,349.849525299777
151,"07-Aug-2018 22:26:53",43.55025,-77.9509333333,324,0.02,6801,7262,"(150,83)",150,83,-166.863,0,0,0,0,0.192,0.001,4.641022,NA,4.641022,0,NA,"150-83",16.7055,214.919218576,10,167.055,"yes","",43.5547699144,-77.9425855028,1533680813,0.00465670438840148,138.6826099032
152,"08-Aug-2018 00:38:36",43.5528333333,-77.9253166667,330,0.02,6864,7263,"(151,83)",151,83,-169.21,0,0,0,0,0.192,0.001,4.811729,NA,4.811729,0,NA,"151-83",16.9402,215.220820677,10,169.402,"yes","",43.5536619828,-77.9252209644,1533688716,0.00440200534303621,155.976252423159
163,"08-Aug-2018 23:07:33",43.5536833333,-77.6373333333,34,0.03,8132,7739,"(168,85)",168,85,-174.672,0,0,0,0,0.192,0.001,4.693554,NA,4.693554,0,NA,"168-85",17.4864,204.22361673,10,174.864,"yes","",43.5539503033,-77.6290965922,1533769653,0.00371409115770563,199.009867185149
153,"08-Aug-2018 02:40:58",43.5548333333,-77.89845,328,0.02,6993,7265,"(153,83)",153,83,-169.763,0,0,0,0,0.192,0.001,4.729585,NA,4.729585,0,NA,"153-83",16.9955,214.618670732,10,169.955,"yes","",43.5512718992,-77.890556667,1533696058,0.00306251652509671,160.871789732416
154,"08-Aug-2018 04:38:41",43.5570666667,-77.8718,352,0.01,7059,7494,"(154,84)",154,84,-170.923,0,0,0,0,0.192,0.001,4.655532,NA,4.655532,0,NA,"154-84",17.1115,215.535210492,10,171.115,"yes","",43.563548783,-77.8717586885,1533703121,0.000969156871936862,352.481626346575
155,"08-Aug-2018 06:39:18",43.5589166667,-77.8442666667,27,0,7191,7496,"(156,84)",156,84,-166.802,0,0,0,0,0.192,0.001,4.676834,NA,4.676834,0,NA,"156-84",16.6994,215.557147902,10,166.994,"yes","",43.5606349306,-77.8371256941,1533710358,0.00128807273235258,52.1728063143207
162,"08-Aug-2018 21:03:36",43.5605666667,-77.6639833333,21,0.03,7927,7737,"(166,85)",166,85,-174.176,0,0,0,0,0.192,0.001,4.734284,NA,4.734284,0,NA,"166-85",17.4368,206.949214823,10,174.368,"yes","",43.5568331606,-77.6635521433,1533762216,0.00114187125875989,319.81993473127
198,"11-Aug-2018 16:13:34",43.5606833333,-77.4198833333,62,0.02,9424,7982,"(180,86)",180,86,-174.349,0,0,0,0,0.192,0.001,4.727843,NA,4.727843,0,NA,"180-86",17.4541,203.055925142,10,174.541,"yes","",43.5549924957,-77.4281578325,1534004014,0.0036715667151769,299.984147241645
203,"12-Aug-2018 00:20:07",43.56175,-77.4401,269,0.01,9319,7981,"(179,86)",179,86,-172.207,0,0,0,0,0.192,0.001,4.707932,NA,4.707932,0,NA,"179-86",17.2399,202.680445243,10,172.399,"yes","",43.555952815,-77.4445949269,1534033207,0.00152322092070482,324.277164097744
156,"08-Aug-2018 08:37:44",43.5622,-77.8174166667,18,0.02,7256,7497,"(157,84)",157,84,-169.699,0,0,0,0,0.192,0.001,4.85282,NA,4.85282,0,NA,"157-84",16.9891,214.005323886,10,169.891,"yes","",43.5590490288,-77.8198847061,1533717464,0.00315131169470153,61.2278342527378
120,"05-Aug-2018 12:10:05",43.56275,-78.1807333333,112,0.02,5961,7248,"(136,83)",136,83,-188.432,0,0,0,0,0.192,0.001,4.736198,NA,4.736198,0,NA,"136-83",18.8624,202.933473111,10,188.624,"yes","",43.5597438446,-78.1866132902,1533471005,0.00955078230188796,355.431648551677
157,"08-Aug-2018 10:38:32",43.56365,-77.7898833333,29,0.01,7391,7730,"(159,85)",159,85,-150.993,0,0,0,0,0.192,0.001,4.648478,NA,4.648478,0,NA,"159-85",15.1185,216.939781902,10,151.185,"yes","",43.5693440742,-77.7835823926,1533724712,0.00491475540378745,167.48520305163
158,"08-Aug-2018 12:34:56",43.5644833333,-77.7660833333,225,0.01,7459,7731,"(160,85)",160,85,-152.365,0,0,0,0,0.192,0.001,4.821017,NA,4.821017,0,NA,"160-85",15.2557,216.051240887,10,152.557,"yes","",43.5675797295,-77.7663577436,1533731696,0.00437429503390041,110.248742510946
145,"07-Aug-2018 12:16:11",43.5648666667,-77.98385,279,0.02,6684,7488,"(148,84)",148,84,-179.509,0,0,0,0,0.192,0.001,4.728962,NA,4.728962,0,NA,"148-84",17.9701,215.935454071,10,179.701,"yes","",43.5704427192,-77.9763239192,1533644171,0.00407163666746727,157.351881421513
161,"08-Aug-2018 18:54:28",43.5656,-77.6886166667,17,0.03,7744,7735,"(164,85)",164,85,-173.491,0,0,0,0,0.192,0.001,4.789928,NA,4.789928,0,NA,"164-85",17.3683,209.00259934,10,173.683,"yes","",43.5599571898,-77.6979398842,1533754468,0.00341352122939398,351.093801830901
159,"08-Aug-2018 14:26:12",43.5663833333,-77.7430166667,291,0.01,7529,7732,"(161,85)",161,85,-159.764,0,0,0,0,0.192,0.001,4.691284,NA,4.691284,0,NA,"161-85",15.9956,213.512481272,10,159.956,"yes","",43.5657350548,-77.7492048837,1533738372,0.00101726582631839,119.137089819344
149,"07-Aug-2018 18:10:35",43.5677666667,-77.9733333333,114,0.02,6684,7488,"(148,84)",148,84,-179.509,0,0,0,0,0.192,0.001,4.728962,NA,4.728962,0,NA,"148-84",17.9701,215.935454071,10,179.701,"yes","",43.5704427192,-77.9763239192,1533665435,0.00438461560275403,158.535404237127
160,"08-Aug-2018 16:42:12",43.57005,-77.7151666667,321,0.02,7670,7965,"(163,86)",163,86,-166.53,0,0,0,0,0.192,0.001,4.831897,NA,4.831897,0,NA,"163-86",16.6722,210.965446368,10,166.722,"yes","",43.5753516789,-77.7128549638,1533746532,0.00158941842278559,10.1478156868377
119,"05-Aug-2018 11:09:55",43.5726833333,-78.1803,74,0.03,5962,7476,"(136,84)",136,84,-184.913,0,0,0,0,0.192,0.001,4.697049,NA,4.697049,0,NA,"136-84",18.5105,203.771500369,10,185.105,"yes","",43.5727995096,-78.1867005229,1533467395,0.0072575855074557,349.650850400412
199,"11-Aug-2018 18:13:28",43.5794833333,-77.4296,67,0.03,9426,8445,"(180,88)",180,88,-162.637,0,0,0,0,0.192,0.001,4.772852,NA,4.772852,0,NA,"180-88",16.2829,201.381295538,10,162.829,"yes","",43.5822832467,-77.4247997403,1534011208,0.0031232226659329,340.884633893905
146,"07-Aug-2018 14:10:11",43.5801,-77.98325,293,0.02,6685,7719,"(148,85)",148,85,-180.869,0,0,0,0,0.192,0.001,4.672844,NA,4.672844,0,NA,"148-85",18.1061,223.916503727,10,181.061,"yes","",43.5843194338,-77.9752501958,1533651011,0.00386086284705228,154.27003616391
202,"11-Aug-2018 22:12:37",43.5828333333,-77.4388833333,266,0.01,9321,8444,"(179,88)",179,88,-161.924,0,0,0,0,0.192,0.001,4.785502,NA,4.785502,0,NA,"179-88",16.2116,201.00581564,10,162.116,"yes","",43.5831859183,-77.4411147376,1534025557,0.00334911093997351,7.71714083804007
148,"07-Aug-2018 16:07:01",43.5881666667,-77.9825166667,228,0.11,6685,7719,"(148,85)",148,85,-180.869,0,0,0,0,0.192,0.001,4.672844,NA,4.672844,0,NA,"148-85",18.1061,223.916503727,10,181.061,"yes","",43.5843194338,-77.9752501958,1533658021,0.00374836255799531,152.803246054759
147,"07-Aug-2018 15:47:58",43.5908166667,-77.98295,227,0.01,6685,7719,"(148,85)",148,85,-180.869,0,0,0,0,0.192,0.001,4.672844,NA,4.672844,0,NA,"148-85",18.1061,223.916503727,10,181.061,"yes","",43.5843194338,-77.9752501958,1533656878,0.00374836255799531,152.803246054759
201,"11-Aug-2018 20:35:58",43.5985,-77.4404666667,272,0.07,9322,8679,"(179,89)",179,89,-152.685,0,0,0,0,0.192,0.001,4.841982,NA,4.841982,0,NA,"179-89",15.2877,200.398928195,10,152.877,"yes","",43.5968030446,-77.4392741935,1534019758,0.00499333576696886,7.68751043630645
200,"11-Aug-2018 20:14:31",43.5988,-77.4396166667,80,0.03,9322,8679,"(179,89)",179,89,-152.685,0,0,0,0,0.192,0.001,4.841982,NA,4.841982,0,NA,"179-89",15.2877,200.398928195,10,152.877,"yes","",43.5968030446,-77.4392741935,1534018471,0.00499333576696886,7.68751043630645
