"OBJECTID","FID_Ont1_glider_surf","Var1","latval","lonval","directval","speedval","Date","FID_EFDC","GRIDNO","IJ_VALUE","I_Value","J_Value","BedElev","I_Parent","J_Parent","Area","Mask","WSElev","ZRough","Sim_Result","Sim_Dir","Map_Value","Dry_Flag","Grid_Label","I_J_index","sig_thick","Area_ha","Num_layers","Wat_depth","Compar_AOI","ComparZone","Lat","Long","JulianDate","Modeled_Velocity","Modeled_Direction"
1,1,"23-May-2018 14:54:06",43.3062833333333,-79.07445,106,0.02,"5/23/2018 14:54:06",1926,4964,"(69,72)",69,72,-9.07011,0,0,0,0,0.192,0.001,7.058067,NA,7.058067,0,NA,"69-72",1.02911111111,67.769748596,9,9.262,"yes"," ",43.3067981241,-79.0738249528,1527087246,0.220100738195158,52.8921176252981
2,180,"05-Jun-2018 16:21:28",43.3071833333333,-77.3785166666667,102,0.32,"6/5/2018 16:21:28",9785,1049,"(184,48)",184,48,-38.3521,0,0,0,0,0.192,0.001,5.192986,NA,5.192986,0,NA,"184-48",3.8544,25.1894046405,10,38.544,"no"," ",43.3082262437,-77.3825272095,1528215688,0.129679840797213,9.47584627872283
3,2,"23-May-2018 15:14:50",43.3095,-79.0708666666667,106,0.02,"5/23/2018 15:14:50",1926,4964,"(69,72)",69,72,-9.07011,0,0,0,0,0.192,0.001,7.058067,NA,7.058067,0,NA,"69-72",1.02911111111,67.769748596,9,9.262,"yes"," ",43.3067981241,-79.0738249528,1527088490,0.219823563697029,49.9764057685245
4,3,"23-May-2018 15:27:40",43.3108666666667,-79.0701,51,0.05,"5/23/2018 15:27:40",1927,5148,"(69,73)",69,73,-12.6051,0,0,0,0,0.192,0.001,7.240854,NA,7.240854,0,NA,"69-73",1.2797,135.805123693,10,12.797,"yes"," ",43.3147520137,-79.0783828489,1527089260,0.125186414841945,47.4968657412581
5,179,"05-Jun-2018 15:39:05",43.3122833333333,-77.3873833333333,97,0.18,"6/5/2018 15:39:05",9787,1342,"(184,50)",184,50,-42.3793,0,0,0,0,0.192,0.001,5.127339,NA,5.127339,0,NA,"184-50",4.2571,25.1579062204,10,42.571,"no"," ",43.311333198,-77.3822983232,1528213145,0.127437093594272,9.63517748426945
6,4,"23-May-2018 16:05:26",43.3132,-79.0699833333333,51,0.05,"5/23/2018 16:05:26",1984,5149,"(70,73)",70,73,-16.7782,0,0,0,0,0.192,0.001,7.107363,NA,7.107363,0,NA,"70-73",1.697,136.536615315,10,16.97,"yes"," ",43.3176441505,-79.0658230324,1527091526,0.114400555960569,32.3985589532756
7,5,"23-May-2018 16:34:20",43.3158,-79.0694833333333,47,0.06,"5/23/2018 16:34:20",1984,5149,"(70,73)",70,73,-16.7782,0,0,0,0,0.192,0.001,7.107363,NA,7.107363,0,NA,"70-73",1.697,136.536615315,10,16.97,"yes"," ",43.3176441505,-79.0658230324,1527093260,0.114400555960569,32.3985589532756
8,181,"05-Jun-2018 17:36:06",43.3167333333333,-77.3728166666667,101,0.3,"6/5/2018 17:36:06",9888,1989,"(185,54)",185,54,-49.1519,0,0,0,0,0.192,0.001,5.185709,NA,5.185709,0,NA,"185-54",4.9344,25.8500231861,10,49.344,"no"," ",43.3159570032,-77.3638231566,1528220166,0.113605594474877,8.2729320057672
9,178,"05-Jun-2018 13:40:46",43.3188333333333,-77.4308,104,0.09,"6/5/2018 13:40:46",9492,1659,"(181,52)",181,52,-65.8111,0,0,0,0,0.192,0.001,4.979547,NA,4.979547,0,NA,"181-52",6.6003,24.8475671399,10,66.003,"yes"," ",43.3192584122,-77.4354856094,1528206046,0.0800882688524333,15.9524349178219
10,6,"23-May-2018 17:57:15",43.3212,-79.0680833333333,49,0.06,"5/23/2018 17:57:15",1984,5149,"(70,73)",70,73,-16.7782,0,0,0,0,0.192,0.001,7.107363,NA,7.107363,0,NA,"70-73",1.697,136.536615315,10,16.97,"yes"," ",43.3176441505,-79.0658230324,1527098235,0.114400555960569,32.3985589532756
11,7,"23-May-2018 17:57:15",43.3212,-79.0680833333333,49,0.06,"5/23/2018 17:57:15",1984,5149,"(70,73)",70,73,-16.7782,0,0,0,0,0.192,0.001,7.107363,NA,7.107363,0,NA,"70-73",1.697,136.536615315,10,16.97,"yes"," ",43.3176441505,-79.0658230324,1527098235,0.114400555960569,32.3985589532756
12,177,"05-Jun-2018 11:36:35",43.3227666666667,-77.4699333333333,108,0.08,"6/5/2018 11:36:35",9285,1657,"(179,52)",179,52,-84.1287,0,0,0,0,0.192,0.001,4.966413,NA,4.966413,0,NA,"179-52",8.4321,23.7878769399,10,84.321,"yes"," ",43.3222754528,-77.4701393518,1528198595,0.0421207360480471,359.679458171713
13,18,"25-May-2018 02:25:37",43.3233166666667,-79.0725333333333,92,0.04,"5/25/2018 2:25:37",1985,5336,"(70,74)",70,74,-54.7409,0,0,0,0,0.192,0.001,5.678822,NA,5.678822,0,NA,"70-74",5.4933,136.905341583,10,54.933,"yes"," ",43.3282866781,-79.071998658,1527215137,0.0534970828409781,5.74806242174052
14,17,"25-May-2018 00:07:00",43.3242166666667,-79.0985,92,0.04,"5/25/2018 0:07:00",1871,5334,"(68,74)",68,74,-33.4158,0,0,0,0,0.192,0.001,5.81794,NA,5.81794,0,NA,"68-74",3.3608,135.272665533,10,33.608,"yes"," ",43.3222701077,-79.0970549676,1527206820,0.0537253178162502,21.3468733046899
15,176,"05-Jun-2018 09:40:00",43.3265333333333,-77.5024,121,0.1,"6/5/2018 9:40:00",9077,1818,"(177,53)",177,53,-66.3296,0,0,0,0,0.192,0.001,4.919628,NA,4.919628,0,NA,"177-53",6.6522,23.6556586669,10,66.522,"yes"," ",43.3267380587,-77.5043630531,1528191600,0.0424752135064939,330.474783597848
16,22,"25-May-2018 09:55:11",43.3269666666667,-78.9507833333333,80,0.05,"5/25/2018 9:55:11",2451,4794,"(78,71)",78,71,-35.1143,0,0,0,0,0.192,0.001,7.188813,NA,7.188813,0,NA,"78-71",3.5306,69.9898594286,10,35.306,"yes"," ",43.3266717754,-78.9576271862,1527242111,0.0784877372529939,346.567980358266
17,23,"25-May-2018 10:44:01",43.3286166666667,-78.9394,85,0.06,"5/25/2018 10:44:01",2511,4795,"(79,71)",79,71,-36.9061,0,0,0,0,0.192,0.001,6.893782,NA,6.893782,0,NA,"79-71",3.7098,69.0232282331,10,37.098,"yes"," ",43.3296158364,-78.9453723402,1527245041,0.0866552863564324,349.958794641379
18,21,"25-May-2018 08:44:51",43.3289833333333,-78.9682666666667,70,0.06,"5/25/2018 8:44:51",2392,4972,"(77,72)",77,72,-40.8885,0,0,0,0,0.192,0.001,6.594993,NA,6.594993,0,NA,"77-72",4.1081,70.7480215743,10,41.081,"yes"," ",43.3293467684,-78.9732358757,1527237891,0.0848829144390592,343.46128206544
19,175,"05-Jun-2018 07:38:38",43.3298833333333,-77.5352,124,0.11,"6/5/2018 7:38:38",8858,1816,"(175,53)",175,53,-53.589,0,0,0,0,0.192,0.001,5.008194,NA,5.008194,0,NA,"175-53",5.3781,25.8381650198,10,53.781,"yes"," ",43.329669094,-77.5412783724,1528184318,0.0472420524740774,327.502465180237
20,19,"25-May-2018 04:41:36",43.3302,-79.0334333333333,70,0.05,"5/25/2018 4:41:36",2157,5152,"(73,73)",73,73,-44.2643,0,0,0,0,0.192,0.001,6.471956,NA,6.471956,0,NA,"73-73",4.4456,138.366427812,10,44.456,"yes"," ",43.3262869964,-79.0281359136,1527223296,0.0822514518108169,354.665457935239
21,20,"25-May-2018 06:42:30",43.3306,-79.0012666666667,68,0.05,"5/25/2018 6:42:30",2274,5154,"(75,73)",75,73,-49.4813,0,0,0,0,0.192,0.001,5.974181,NA,5.974181,0,NA,"75-73",4.9673,139.226082447,10,49.673,"yes"," ",43.3319687665,-79.0029986326,1527230550,0.082252793261659,345.003275097
22,172,"05-Jun-2018 02:49:22",43.3321,-77.6179,120,0.24,"6/5/2018 2:49:22",8416,1488,"(171,51)",171,51,-38.1958,0,0,0,0,0.192,0.001,5.199782,NA,5.199782,0,NA,"171-51",3.8388,23.2471343703,10,38.388,"yes"," ",43.3323913978,-77.6150990182,1528166962,0.0534397679026176,325.780070103801
23,173,"05-Jun-2018 03:37:55",43.3321,-77.6042166666667,130,0.17,"6/5/2018 3:37:55",8525,1489,"(172,51)",172,51,-42.6841,0,0,0,0,0.192,0.001,5.115022,NA,5.115022,0,NA,"172-51",4.2876,23.4862546256,10,42.876,"yes"," ",43.3310298729,-77.5977280168,1528169875,0.0482137840779129,326.728373347094
24,8,"23-May-2018 19:26:32",43.3322,-79.0673333333333,62,0.09,"5/23/2018 19:26:32",1985,5336,"(70,74)",70,74,-54.7409,0,0,0,0,0.192,0.001,5.678822,NA,5.678822,0,NA,"70-74",5.4933,136.905341583,10,54.933,"yes"," ",43.3282866781,-79.071998658,1527103592,0.0716090078860855,0.233297131055042
25,174,"05-Jun-2018 05:38:11",43.3326166666667,-77.5696,127,0.13,"6/5/2018 5:38:11",8637,1977,"(173,54)",173,54,-44.9543,0,0,0,0,0.192,0.001,5.153534,NA,5.153534,0,NA,"173-54",4.5146,25.6338884251,10,45.146,"yes"," ",43.3340778965,-77.5787905509,1528177091,0.0515206153723712,328.719338607547
26,24,"25-May-2018 12:44:31",43.3330166666667,-78.90255,85,0.07,"5/25/2018 12:44:31",2689,4445,"(82,69)",82,69,-32.544,0,0,0,0,0.192,0.001,5.897502,NA,5.897502,0,NA,"82-69",3.2736,31.5384662407,10,32.736,"yes"," ",43.3314459303,-78.9054850417,1527252271,0.0915969420316813,352.427304592762
27,171,"05-Jun-2018 01:37:13",43.3369833333333,-77.6418666666667,119,0.26,"6/5/2018 1:37:13",8206,1810,"(169,53)",169,53,-30.4842,0,0,0,0,0.192,0.001,5.348791,NA,5.348791,0,NA,"169-53",3.0676,22.7810313295,10,30.676,"yes"," ",43.3379733319,-77.6493370586,1528162633,0.0794355309149259,328.974233504099
28,16,"24-May-2018 21:38:15",43.3385166666667,-79.1033333333333,92,0.04,"5/24/2018 21:38:15",1872,5526,"(68,75)",68,75,-70.3031,0,0,0,0,0.192,0.001,4.962499,NA,4.962499,0,NA,"68-75",7.0495,136.101832861,10,70.495,"yes"," ",43.3327759966,-79.1032592234,1527197895,0.0326434437184173,358.554679587819
29,9,"23-May-2018 20:24:40",43.3387666666667,-79.06995,95,0.12,"5/23/2018 20:24:40",2043,5529,"(71,75)",71,75,-77.8649,0,0,0,0,0.192,0.001,4.645439,NA,4.645439,0,NA,"71-75",7.8057,138.005559472,10,78.057,"yes"," ",43.3419505536,-79.0656098516,1527107080,0.051213925739893,348.415805393118
30,25,"25-May-2018 14:45:07",43.3409833333333,-78.8668333333333,91,0.07,"5/25/2018 14:45:07",2873,4448,"(85,69)",85,69,-40.3645,0,0,0,0,0.192,0.001,5.836409,NA,5.836409,0,NA,"85-69",4.0556,27.1472058017,10,40.556,"yes"," ",43.3393420123,-78.8714703638,1527259507,0.0996328765543769,356.975590401854
31,49,"27-May-2018 05:32:00",43.3425833333333,-78.8043833333333,143,0.04,"5/27/2018 5:32:00",3174,3582,"(90,64)",90,64,-22.5667,0,0,0,0,0.192,0.001,6.269989,NA,6.269989,0,NA,"90-64",2.2759,14.6186301804,10,22.759,"yes","EighteenMile Zone",43.3418908144,-78.8107513065,1527399120,0.0581822831300129,1.15730900548014
32,10,"23-May-2018 21:23:55",43.3453333333333,-79.0723333333333,92,0.11,"5/23/2018 21:23:55",2043,5529,"(71,75)",71,75,-77.8649,0,0,0,0,0.192,0.001,4.645439,NA,4.645439,0,NA,"71-75",7.8057,138.005559472,10,78.057,"yes"," ",43.3419505536,-79.0656098516,1527110635,0.0509920092784561,347.534182739392
33,241,"12-Jun-2018 22:28:35",43.3455666666667,-78.8188666666667,65,0.17,"6/12/2018 22:28:35",3177,4102,"(90,67)",90,67,-29.8311,0,0,0,0,0.192,0.001,6.115553,NA,6.115553,0,NA,"90-67",3.0023,36.466343782,10,30.023,"yes","EighteenMile Zone",43.3459068585,-78.8125697917,1528842515,0.0199476580644513,158.06742624221
34,240,"12-Jun-2018 22:22:44",43.3457,-78.8181666666667,57,0.12,"6/12/2018 22:22:44",3177,4102,"(90,67)",90,67,-29.8311,0,0,0,0,0.192,0.001,6.115553,NA,6.115553,0,NA,"90-67",3.0023,36.466343782,10,30.023,"yes","EighteenMile Zone",43.3459068585,-78.8125697917,1528842164,0.0199476580644513,158.06742624221
35,239,"12-Jun-2018 21:55:06",43.346,-78.8166833333333,290,0.08,"6/12/2018 21:55:06",3177,4102,"(90,67)",90,67,-29.8311,0,0,0,0,0.192,0.001,6.115553,NA,6.115553,0,NA,"90-67",3.0023,36.466343782,10,30.023,"yes","EighteenMile Zone",43.3459068585,-78.8125697917,1528840506,0.0199476580644513,158.06742624221
36,48,"27-May-2018 04:53:50",43.3471833333333,-78.8041666666667,146,0.04,"5/27/2018 4:53:50",3238,4103,"(91,67)",91,67,-29.6259,0,0,0,0,0.192,0.001,6.18933,NA,6.18933,0,NA,"91-67",2.9818,36.8370676598,10,29.818,"yes","EighteenMile Zone",43.348575247,-78.7986586113,1527396830,0.0706873676366521,359.978746538341
37,26,"25-May-2018 16:40:20",43.34945,-78.8309833333333,83,0.07,"5/25/2018 16:40:20",3118,4452,"(89,69)",89,69,-40.8169,0,0,0,0,0.192,0.001,6.302866,NA,6.302866,0,NA,"89-69",4.1009,35.9886443459,10,41.009,"yes"," ",43.3485449222,-78.8288406284,1527266420,0.103225073557034,1.29893267610541
38,182,"05-Jun-2018 21:45:13",43.3513833333333,-77.3808166666667,98,0.24,"6/5/2018 21:45:13",9808,4900,"(184,71)",184,71,-132.91,0,0,0,0,0.192,0.001,4.739615,NA,4.739615,0,NA,"184-71",13.3102,111.314766887,10,133.102,"no"," ",43.3528869315,-77.3792337953,1528235113,0.0400956611710346,12.1239978073782
39,47,"27-May-2018 03:55:36",43.3533,-78.8071333333333,133,0.02,"5/27/2018 3:55:36",3240,4454,"(91,69)",91,69,-42.6644,0,0,0,0,0.192,0.001,6.008758,NA,6.008758,0,NA,"91-69",4.2856,36.7300921011,10,42.856,"yes"," ",43.3539771729,-78.8011480836,1527393336,0.0710186669496746,359.818961374295
40,238,"12-Jun-2018 20:51:41",43.354,-78.8070666666667,295,0.08,"6/12/2018 20:51:41",3240,4454,"(91,69)",91,69,-42.6644,0,0,0,0,0.192,0.001,6.008758,NA,6.008758,0,NA,"91-69",4.2856,36.7300921011,10,42.856,"yes"," ",43.3539771729,-78.8011480836,1528836701,0.0228465372723416,160.96043486466
41,237,"12-Jun-2018 20:45:07",43.3541,-78.8064666666667,293,0.09,"6/12/2018 20:45:07",3240,4454,"(91,69)",91,69,-42.6644,0,0,0,0,0.192,0.001,6.008758,NA,6.008758,0,NA,"91-69",4.2856,36.7300921011,10,42.856,"yes"," ",43.3539771729,-78.8011480836,1528836307,0.0228465372723416,160.96043486466
42,27,"25-May-2018 18:04:41",43.35415,-78.8051,75,0.11,"5/25/2018 18:04:41",3240,4454,"(91,69)",91,69,-42.6644,0,0,0,0,0.192,0.001,6.008758,NA,6.008758,0,NA,"91-69",4.2856,36.7300921011,10,42.856,"yes"," ",43.3539771729,-78.8011480836,1527271481,0.102538962861542,0.139200563491601
43,60,"27-May-2018 22:05:35",43.3543833333333,-78.8057666666667,16,0.05,"5/27/2018 22:05:35",3240,4454,"(91,69)",91,69,-42.6644,0,0,0,0,0.192,0.001,6.008758,NA,6.008758,0,NA,"91-69",4.2856,36.7300921011,10,42.856,"yes"," ",43.3539771729,-78.8011480836,1527458735,0.0509680253607245,1.65092215122176
44,50,"27-May-2018 06:44:45",43.3548,-78.8048666666667,120,0.04,"5/27/2018 6:44:45",3241,4630,"(91,70)",91,70,-49.9452,0,0,0,0,0.192,0.001,5.991562,NA,5.991562,0,NA,"91-70",5.0137,36.6766043216,10,50.137,"yes"," ",43.3566781175,-78.8023929791,1527403485,0.0630706755244708,358.659636017558
45,51,"27-May-2018 06:53:26",43.3552,-78.8038833333333,106,1.04,"5/27/2018 6:53:26",3241,4630,"(91,70)",91,70,-49.9452,0,0,0,0,0.192,0.001,5.991562,NA,5.991562,0,NA,"91-70",5.0137,36.6766043216,10,50.137,"yes"," ",43.3566781175,-78.8023929791,1527404006,0.0630706755244708,358.659636017558
46,170,"04-Jun-2018 23:35:53",43.3552166666667,-77.6829166666667,119,0.26,"6/4/2018 23:35:53",8008,3659,"(167,64)",167,64,-43.0375,0,0,0,0,0.192,0.001,5.197288,NA,5.197288,0,NA,"167-64",4.3229,20.029719676,10,43.229,"yes"," ",43.3555145516,-77.6804022964,1528155353,0.07949558032766,340.581540850845
47,236,"12-Jun-2018 19:32:45",43.3556,-78.7903333333333,287,0.08,"6/12/2018 19:32:45",3301,4455,"(92,69)",92,69,-43.4228,0,0,0,0,0.192,0.001,5.987932,NA,5.987932,0,NA,"92-69",4.3615,37.1008159786,10,43.615,"yes"," ",43.3566907405,-78.7873000492,1528831965,0.0287155123874037,167.652984590856
48,61,"27-May-2018 23:29:50",43.3571666666667,-78.7863,20,0.05,"5/27/2018 23:29:50",3301,4455,"(92,69)",92,69,-43.4228,0,0,0,0,0.192,0.001,5.987932,NA,5.987932,0,NA,"92-69",4.3615,37.1008159786,10,43.615,"yes"," ",43.3566907405,-78.7873000492,1527463790,0.0513846109067202,358.565865500678
49,59,"27-May-2018 21:27:40",43.3581166666667,-78.803,38,0.04,"5/27/2018 21:27:40",3242,4807,"(91,71)",91,71,-57.5597,0,0,0,0,0.192,0.001,5.875596,NA,5.875596,0,NA,"91-71",5.7752,73.1927453052,10,57.752,"yes"," ",43.3607285479,-78.8042601194,1527456460,0.0497354361011369,0.135061087896597
50,28,"25-May-2018 18:46:07",43.35985,-78.8050333333333,58,0.12,"5/25/2018 18:46:07",3242,4807,"(91,71)",91,71,-57.5597,0,0,0,0,0.192,0.001,5.875596,NA,5.875596,0,NA,"91-71",5.7752,73.1927453052,10,57.752,"yes"," ",43.3607285479,-78.8042601194,1527273967,0.0896643258063503,359.576358476735
51,233,"12-Jun-2018 15:16:34",43.36,-78.7305666666667,105,0.05,"6/12/2018 15:16:34",3540,4108,"(96,67)",96,67,-30.1325,0,0,0,0,0.192,0.001,5.823115,NA,5.823115,0,NA,"96-67",3.0324,37.1965532847,10,30.324,"yes","EighteenMile Zone",43.3603237518,-78.7317787134,1528816594,0.0585562586020227,168.353093538295
52,169,"04-Jun-2018 22:59:27",43.3600166666667,-77.6947166666667,106,0.12,"6/4/2018 22:59:27",7908,4004,"(166,66)",166,66,-47.6951,0,0,0,0,0.192,0.001,5.252872,NA,5.252872,0,NA,"166-66",4.7887,20.3763137871,10,47.887,"yes"," ",43.3596987794,-77.6965226062,1528153167,0.0822848020031134,348.458900234429
53,235,"12-Jun-2018 17:34:30",43.3608666666667,-78.7621666666667,296,0.08,"6/12/2018 17:34:30",3423,4457,"(94,69)",94,69,-40.1301,0,0,0,0,0.192,0.001,6.024657,NA,6.024657,0,NA,"94-69",4.0322,36.1840685477,10,40.322,"yes"," ",43.3615460882,-78.7605759132,1528824870,0.0408594974357064,170.792411421078
54,62,"28-May-2018 01:30:20",43.3612333333333,-78.7614333333333,26,0.05,"5/28/2018 1:30:20",3423,4457,"(94,69)",94,69,-40.1301,0,0,0,0,0.192,0.001,6.024657,NA,6.024657,0,NA,"94-69",4.0322,36.1840685477,10,40.322,"yes"," ",43.3615460882,-78.7605759132,1527471020,0.0551849982261201,359.152155514372
55,46,"27-May-2018 02:53:36",43.3615833333333,-78.8072833333333,155,0.02,"5/27/2018 2:53:36",3242,4807,"(91,71)",91,71,-57.5597,0,0,0,0,0.192,0.001,5.875596,NA,5.875596,0,NA,"91-71",5.7752,73.1927453052,10,57.752,"yes"," ",43.3607285479,-78.8042601194,1527389616,0.0678726527244238,358.06788215533
56,52,"27-May-2018 08:54:52",43.3624833333333,-78.8279666666667,106,1,"5/27/2018 8:54:52",3121,4984,"(89,72)",89,72,-63.7474,0,0,0,0,0.192,0.001,5.366284,NA,5.366284,0,NA,"89-72",6.3939,71.4958986773,10,63.939,"yes"," ",43.3604871782,-78.8341535152,1527411292,0.0540353916550362,357.263411856049
57,168,"04-Jun-2018 21:36:05",43.3635166666667,-77.71435,106,0.11,"6/4/2018 21:36:05",7814,4177,"(165,67)",165,67,-51.6124,0,0,0,0,0.192,0.001,5.176096,NA,5.176096,0,NA,"165-67",5.1804,51.8081467792,10,51.804,"yes"," ",43.3636313849,-77.7126849153,1528148165,0.0774461140874679,352.326514978509
58,234,"12-Jun-2018 16:17:47",43.3647833333333,-78.7424833333333,296,0.08,"6/12/2018 16:17:47",3483,4458,"(95,69)",95,69,-41.0068,0,0,0,0,0.192,0.001,6.027318,NA,6.027318,0,NA,"95-69",4.1199,36.8201986575,10,41.199,"yes"," ",43.363875326,-78.7473801247,1528820267,0.0377953615970641,167.764465819039
59,63,"28-May-2018 03:29:50",43.3648333333333,-78.7315,31,0.05,"5/28/2018 3:29:50",3541,4283,"(96,68)",96,68,-35.4257,0,0,0,0,0.192,0.001,6.073179,NA,6.073179,0,NA,"96-68",3.5618,37.326441026,10,35.618,"yes","EighteenMile Zone",43.3632633912,-78.7329809888,1527478190,0.0514576407448452,359.961223387342
60,53,"27-May-2018 10:56:10",43.3681666666667,-78.8525833333333,106,0.94,"5/27/2018 10:56:10",3061,5167,"(88,73)",88,73,-76.8176,0,0,0,0,0.192,0.001,5.026948,NA,5.026948,0,NA,"88-73",7.701,115.978551361,10,77.01,"yes"," ",43.3659624114,-78.8500630331,1527418570,0.0351218897240723,356.457592846231
61,64,"28-May-2018 05:30:34",43.3684,-78.7016666666667,37,0.06,"5/28/2018 5:30:34",3662,4285,"(98,68)",98,68,-40.4685,0,0,0,0,0.192,0.001,5.99664,NA,5.99664,0,NA,"98-68",4.066,35.8496439941,10,40.66,"yes"," ",43.3686145095,-78.7075741949,1527485434,0.0485016916524288,359.22142667547
62,183,"05-Jun-2018 23:43:48",43.3688666666667,-77.3926333333333,92,0.13,"6/5/2018 23:43:48",9710,5262,"(183,73)",183,73,-182.087,0,0,0,0,0.192,0.001,4.631208,NA,4.631208,0,NA,"183-73",18.2279,221.643549911,10,182.279,"yes"," ",43.3717709728,-77.3953725023,1528242228,0.0098654681980914,41.7875516122776
63,167,"04-Jun-2018 19:36:27",43.3693833333333,-77.75635,105,0.09,"6/4/2018 19:36:27",7580,4349,"(162,68)",162,68,-54.1143,0,0,0,0,0.192,0.001,5.185922,NA,5.185922,0,NA,"162-68",5.4306,51.9121241314,10,54.306,"yes"," ",43.3714558942,-77.7608469517,1528140987,0.0710764685583216,358.262212912595
64,65,"28-May-2018 07:29:56",43.3721833333333,-78.6709333333333,44,0.06,"5/28/2018 7:29:56",3844,4113,"(101,67)",101,67,-41.6423,0,0,0,0,0.192,0.001,5.817992,NA,5.817992,0,NA,"101-67",4.1834,34.7566104338,10,41.834,"yes","EighteenMile Zone",43.3740144648,-78.668749165,1527492596,0.0408477867075104,358.295925875717
65,54,"27-May-2018 12:53:25",43.3732833333333,-78.8780833333333,105,0.81,"5/27/2018 12:53:25",2940,5352,"(86,74)",86,74,-87.5625,0,0,0,0,0.192,0.001,5.135239,NA,5.135239,0,NA,"86-74",8.7755,119.871818735,10,87.755,"yes"," ",43.3722492634,-78.8773470511,1527425605,0.0107983631724612,340.012708191289
66,166,"04-Jun-2018 17:37:31",43.3734166666667,-77.7956166666667,107,0.07,"6/4/2018 17:37:31",7442,4347,"(160,68)",160,68,-51.1075,0,0,0,0,0.192,0.001,5.231163,NA,5.231163,0,NA,"160-68",5.1299,52.9536297476,10,51.299,"yes"," ",43.3745355394,-77.7932969864,1528133851,0.0675252321080559,1.26765563548525
67,165,"04-Jun-2018 15:38:52",43.3749333333333,-77.8324833333333,113,0.06,"6/4/2018 15:38:52",7305,4170,"(158,67)",158,67,-45.3627,0,0,0,0,0.192,0.001,5.23507,NA,5.23507,0,NA,"158-67",4.5555,52.5226603733,10,45.555,"yes"," ",43.3747340673,-77.8263944576,1528126732,0.0733623602624174,3.03414848010782
68,55,"27-May-2018 15:12:20",43.3750666666667,-78.8473,354,0.01,"5/27/2018 15:12:20",3123,5355,"(89,74)",89,74,-90.3293,0,0,0,0,0.192,0.001,5.034643,NA,5.034643,0,NA,"89-74",9.0521,145.409515264,10,90.521,"yes"," ",43.3793134785,-78.8425307084,1527433940,0.010038633894707,343.913497402671
69,66,"28-May-2018 08:47:45",43.3752333333333,-78.6515166666667,43,0.06,"5/28/2018 8:47:45",3902,3940,"(102,66)",102,66,-38.3443,0,0,0,0,0.192,0.001,5.943522,NA,5.943522,0,NA,"102-66",3.8536,13.9324370317,10,38.536,"yes","EighteenMile Zone",43.3744061382,-78.6553063519,1527497265,0.0395888733780396,0.71260406900214
70,67,"28-May-2018 09:31:47",43.37645,-78.6406833333333,47,0.06,"5/28/2018 9:31:47",3963,3768,"(103,65)",103,65,-37.463,0,0,0,0,0.192,0.001,5.820381,NA,5.820381,0,NA,"103-65",3.7655,13.9702012494,10,37.655,"yes","EighteenMile Zone",43.3756367663,-78.6421741073,1527499907,0.0313885732160002,1.82391996380837
71,58,"27-May-2018 19:16:01",43.3775166666667,-78.7943,37,0.04,"5/27/2018 19:16:01",3305,5171,"(92,73)",92,73,-80.2555,0,0,0,0,0.192,0.001,5.53971,NA,5.53971,0,NA,"92-73",8.0448,148.922168691,10,80.448,"yes"," ",43.377217316,-78.7967435442,1527448561,0.0338091121134851,354.82918637485
72,56,"27-May-2018 17:13:46",43.3776333333333,-78.8215833333333,26,0.03,"5/27/2018 17:13:46",3183,5169,"(90,73)",90,73,-78.8493,0,0,0,0,0.192,0.001,5.10065,NA,5.10065,0,NA,"90-73",7.9041,146.38598196,10,79.041,"yes"," ",43.3714300318,-78.8240725222,1527441226,0.0342823719528487,357.592366000958
73,57,"27-May-2018 17:13:47",43.3776333333333,-78.8215833333333,26,0.03,"5/27/2018 17:13:47",3183,5169,"(90,73)",90,73,-78.8493,0,0,0,0,0.192,0.001,5.10065,NA,5.10065,0,NA,"90-73",7.9041,146.38598196,10,79.041,"yes"," ",43.3714300318,-78.8240725222,1527441227,0.0342823719528487,357.592366000958
74,164,"04-Jun-2018 13:37:02",43.3778166666667,-77.8654333333333,103,0.03,"6/4/2018 13:37:02",7174,4168,"(156,67)",156,67,-45.4834,0,0,0,0,0.192,0.001,5.244898,NA,5.244898,0,NA,"156-67",4.5675,51.8526254132,10,45.675,"yes"," ",43.3785347461,-77.858992569,1528119422,0.0600092497869295,1.90778686771292
75,29,"25-May-2018 20:49:02",43.3787333333333,-78.8152,56,0.1,"5/25/2018 20:49:02",3244,5170,"(91,73)",91,73,-79.8746,0,0,0,0,0.192,0.001,5.149956,NA,5.149956,0,NA,"91-73",8.0067,147.654075326,10,80.067,"yes"," ",43.3743245054,-78.8104086538,1527281342,0.0566218227734241,358.768734708893
76,163,"04-Jun-2018 13:05:53",43.37895,-77.8718666666667,125,0.02,"6/4/2018 13:05:53",7108,4167,"(155,67)",155,67,-45.7228,0,0,0,0,0.192,0.001,5.283687,NA,5.283687,0,NA,"155-67",4.5915,51.4596620822,10,45.915,"yes"," ",43.3805307816,-77.8752429266,1528117553,0.0593417690989864,2.62677882443795
77,232,"12-Jun-2018 12:53:21",43.3792166666667,-78.7433833333333,103,0.06,"6/12/2018 12:53:21",3545,4991,"(96,72)",96,72,-70.7895,0,0,0,0,0.192,0.001,5.10002,NA,5.10002,0,NA,"96-72",7.0981,76.0816472056,10,70.981,"yes"," ",43.3794337325,-78.7395965625,1528808001,0.00645489367540837,31.6331040239635
78,140,"02-Jun-2018 19:23:26",43.3797,-77.87945,320,0.02,"6/2/2018 19:23:26",7108,4167,"(155,67)",155,67,-45.7228,0,0,0,0,0.192,0.001,5.283687,NA,5.283687,0,NA,"155-67",4.5915,51.4596620822,10,45.915,"yes"," ",43.3805307816,-77.8752429266,1527967406,0.0195829223137402,0.387779736055575
79,141,"02-Jun-2018 19:30:06",43.3797,-77.8794166666667,320,0.02,"6/2/2018 19:30:06",7108,4167,"(155,67)",155,67,-45.7228,0,0,0,0,0.192,0.001,5.283687,NA,5.283687,0,NA,"155-67",4.5915,51.4596620822,10,45.915,"yes"," ",43.3805307816,-77.8752429266,1527967806,0.0195829223137402,0.387779736055575
80,68,"28-May-2018 11:31:11",43.3801333333333,-78.6088,48,0.06,"5/28/2018 11:31:11",4142,3598,"(106,64)",106,64,-32.5818,0,0,0,0,0.192,0.001,5.787584,NA,5.787584,0,NA,"106-64",3.2774,14.1564489588,10,32.774,"yes","EighteenMile Zone",43.3816134242,-78.6031160389,1527507071,0.0287972649797005,356.75861115295
81,45,"27-May-2018 00:54:31",43.3806666666667,-78.8134,128,0.01,"5/27/2018 0:54:31",3245,5357,"(91,74)",91,74,-93.0998,0,0,0,0,0.192,0.001,4.945074,NA,4.945074,0,NA,"91-74",9.3292,147.945701995,10,93.292,"yes"," ",43.3853051689,-78.8152285547,1527382471,0.0169564940650407,342.684918593171
82,139,"02-Jun-2018 17:26:31",43.3848,-77.9041,315,0.02,"6/2/2018 17:26:31",6977,4165,"(153,67)",153,67,-47.4184,0,0,0,0,0.192,0.001,5.271369,NA,5.271369,0,NA,"153-67",4.761,50.6737354204,10,47.61,"yes","Hamline Beach Zone",43.3845160095,-77.9077472266,1527960391,0.0127176795420669,3.39173430841853
83,91,"30-May-2018 03:52:25",43.3867666666667,-78.4961833333333,122,0.07,"5/30/2018 3:52:25",4672,2753,"(115,59)",115,59,-24.2917,0,0,0,0,0.192,0.001,5.502304,NA,5.502304,0,NA,"115-59",2.4484,12.5897031516,10,24.484,"yes"," ",43.3864866247,-78.4923628421,1527652345,0.0238553661668464,175.901319792821
84,69,"28-May-2018 15:30:07",43.38745,-78.5460666666667,48,0.07,"5/28/2018 15:30:07",4379,3259,"(110,62)",110,62,-32.1765,0,0,0,0,0.192,0.001,5.616047,NA,5.616047,0,NA,"110-62",3.2368,12.5365320314,10,32.368,"yes"," ",43.3871370122,-78.5516647784,1527521407,0.0283108801104769,0.47356357164748
85,90,"30-May-2018 03:30:01",43.3877,-78.4969,121,0.03,"5/30/2018 3:30:01",4673,2923,"(115,60)",115,60,-26.7222,0,0,0,0,0.192,0.001,5.470517,NA,5.470517,0,NA,"115-60",2.6914,12.6417943753,10,26.914,"yes"," ",43.3877172415,-78.4924927284,1527651001,0.0178349318268507,173.250665162295
86,138,"02-Jun-2018 15:24:31",43.3893166666667,-77.9305666666667,315,0.02,"6/2/2018 15:24:31",6913,4339,"(152,68)",152,68,-50.5357,0,0,0,0,0.192,0.001,5.169679,NA,5.169679,0,NA,"152-68",5.0728,50.6224526425,10,50.728,"yes"," ",43.3897558826,-77.9237311646,1527953071,0.0191452138467678,8.02844974652305
87,129,"02-Jun-2018 00:27:01",43.3895,-78.13315,86,0.01,"6/2/2018 0:27:01",6115,2777,"(139,59)",139,59,-22.013,0,0,0,0,0.192,0.001,5.751586,NA,5.751586,0,NA,"139-59",2.2205,18.595276017,10,22.205,"yes"," ",43.3894818944,-78.1373656444,1527899221,0.00446703499877038,164.922652449421
88,184,"06-Jun-2018 01:52:01",43.3901666666667,-77.3993666666667,19,0.01,"6/6/2018 1:52:01",9711,5449,"(183,74)",183,74,-193.046,0,0,0,0,0.192,0.001,4.645824,NA,4.645824,0,NA,"183-74",19.3238,220.350444521,10,193.238,"yes"," ",43.3857828109,-77.3942352711,1528249921,0.00420762222583628,107.416185805407
89,162,"04-Jun-2018 11:37:56",43.3913666666667,-77.8658,129,0.01,"6/4/2018 11:37:56",7111,4694,"(155,70)",155,70,-56.8564,0,0,0,0,0.192,0.001,5.081402,NA,5.081402,0,NA,"155-70",5.7048,51.6153048677,10,57.048,"yes"," ",43.3909298554,-77.8740673406,1528112276,0.0483563290179828,1.26073756846306
90,70,"28-May-2018 17:28:10",43.3920666666667,-78.5155333333333,48,0.07,"5/28/2018 17:28:10",4557,3605,"(113,64)",113,64,-37.3125,0,0,0,0,0.192,0.001,5.599003,NA,5.599003,0,NA,"113-64",3.7505,12.1763955953,10,37.505,"yes"," ",43.3924460875,-78.5161882657,1527528490,0.0404913933547668,2.52071956045367
91,137,"02-Jun-2018 13:21:55",43.3930333333333,-77.958,314,0.02,"6/2/2018 13:21:55",6786,4337,"(150,68)",150,68,-49.515,0,0,0,0,0.192,0.001,5.236259,NA,5.236259,0,NA,"150-68",4.9707,49.8539570564,10,49.707,"yes"," ",43.3931082235,-77.9565258867,1527945715,0.0224821454613552,358.5176948482
92,89,"30-May-2018 02:37:06",43.3950166666667,-78.4974666666667,120,0.03,"5/30/2018 2:37:06",4679,3953,"(115,66)",115,66,-39.6471,0,0,0,0,0.192,0.001,5.585325,NA,5.585325,0,NA,"115-66",3.9839,12.9543417168,10,39.839,"yes"," ",43.3951009248,-78.4932721308,1527647826,0.0257363534568742,10.7449622511795
93,131,"02-Jun-2018 01:20:26",43.3953166666667,-78.1298333333333,55,0.02,"6/2/2018 1:20:26",6119,3459,"(139,63)",139,63,-35.6081,0,0,0,0,0.192,0.001,5.662379,NA,5.662379,0,NA,"139-63",3.58,18.6234458821,10,35.8,"yes"," ",43.3945092411,-78.1372732385,1527902426,0.000704689845636715,99.3248933522398
94,11,"24-May-2018 03:43:56",43.3953333333333,-79.1277833333333,91,0.1,"5/24/2018 3:43:56",1935,6739,"(69,81)",69,81,-112.219,0,0,0,0,0.192,0.001,4.785207,NA,4.785207,0,NA,"69-81",11.2411,144.281680651,10,112.411,"yes"," ",43.4004693427,-79.1279441279,1527133436,0.0170525982549054,320.505961361196
95,130,"02-Jun-2018 01:16:26",43.3955166666667,-78.1304,55,0.02,"6/2/2018 1:16:26",6120,3631,"(139,64)",139,64,-38.5395,0,0,0,0,0.192,0.001,5.728642,NA,5.728642,0,NA,"139-64",3.8732,18.6304883481,10,38.732,"yes"," ",43.3957660769,-78.1372501312,1527902186,0.00420765968987418,9.80346440194316
96,136,"02-Jun-2018 11:22:06",43.3958833333333,-77.9861,324,0.04,"6/2/2018 11:22:06",6668,4335,"(148,68)",148,68,-47.9508,0,0,0,0,0.192,0.001,5.298074,NA,5.298074,0,NA,"148-68",4.8143,48.9362979433,10,48.143,"yes"," ",43.3961416932,-77.9893112876,1527938526,0.0248006051999496,357.065879392557
97,71,"28-May-2018 18:43:15",43.39645,-78.4979,49,0.07,"5/28/2018 18:43:15",4680,4127,"(115,67)",115,67,-43.4924,0,0,0,0,0.192,0.001,5.483071,NA,5.483071,0,NA,"115-67",4.3684,32.6137533953,10,43.684,"yes"," ",43.397256654,-78.4934997147,1527532995,0.050582537360035,4.10709580964657
98,30,"25-May-2018 22:42:25",43.39665,-78.82625,52,0.08,"5/25/2018 22:42:25",3246,5549,"(91,75)",91,75,-102.734,0,0,0,0,0.192,0.001,4.751614,NA,4.751614,0,NA,"91-75",10.2926,148.237328665,10,102.926,"yes"," ",43.3962856465,-78.8200501253,1527288145,0.0177768239908389,351.483334599131
99,135,"02-Jun-2018 10:17:36",43.3971833333333,-78.0000666666667,315,0.05,"6/2/2018 10:17:36",6606,4334,"(147,68)",147,68,-46.8558,0,0,0,0,0.192,0.001,5.312457,NA,5.312457,0,NA,"147-68",4.7048,48.8420125317,10,47.048,"yes"," ",43.397188072,-78.0056691584,1527934656,0.028969894738529,357.525667295318
100,132,"02-Jun-2018 05:23:16",43.3972,-78.0680666666667,79,0.02,"6/2/2018 5:23:16",6365,4155,"(143,67)",143,67,-45.619,0,0,0,0,0.192,0.001,5.405551,NA,5.405551,0,NA,"143-67",4.5811,47.0724184275,10,45.811,"yes"," ",43.398243061,-78.0713251757,1527916996,0.0202238476201503,357.823670932849
101,92,"30-May-2018 05:02:30",43.3973833333333,-78.4992,28,0.02,"5/30/2018 5:02:30",4680,4127,"(115,67)",115,67,-43.4924,0,0,0,0,0.192,0.001,5.483071,NA,5.483071,0,NA,"115-67",4.3684,32.6137533953,10,43.684,"yes"," ",43.397256654,-78.4934997147,1527656550,0.0269442157475875,6.92960653961242
102,133,"02-Jun-2018 07:25:57",43.3974166666667,-78.0404666666667,77,0.04,"6/2/2018 7:25:57",6485,4157,"(145,67)",145,67,-41.1651,0,0,0,0,0.192,0.001,5.421676,NA,5.421676,0,NA,"145-67",4.1357,48.5690769195,10,41.357,"yes"," ",43.3959838979,-78.0385807808,1527924357,0.0231782813937679,357.985707547038
103,15,"24-May-2018 15:39:15",43.3977166666667,-79.1478,91,0.04,"5/24/2018 15:39:15",1878,6738,"(68,81)",68,81,-109.911,0,0,0,0,0.192,0.001,4.809837,NA,4.809837,0,NA,"68-81",11.0103,145.5369101,10,110.103,"yes"," ",43.397032689,-79.1406414671,1527176355,0.0131524681682313,303.678903179523
104,93,"30-May-2018 05:35:16",43.3979,-78.4932166666667,302,0.03,"5/30/2018 5:35:16",4680,4127,"(115,67)",115,67,-43.4924,0,0,0,0,0.192,0.001,5.483071,NA,5.483071,0,NA,"115-67",4.3684,32.6137533953,10,43.684,"yes"," ",43.397256654,-78.4934997147,1527658516,0.0269442157475875,6.92960653961242
105,134,"02-Jun-2018 09:25:11",43.3980833333333,-78.0108666666667,73,0.06,"6/2/2018 9:25:11",6606,4334,"(147,68)",147,68,-46.8558,0,0,0,0,0.192,0.001,5.312457,NA,5.312457,0,NA,"147-68",4.7048,48.8420125317,10,47.048,"yes"," ",43.397188072,-78.0056691584,1527931511,0.028969894738529,357.525667295318
106,128,"01-Jun-2018 22:56:45",43.3996833333333,-78.13305,131,0.02,"6/1/2018 22:56:45",6123,4151,"(139,67)",139,67,-48.0432,0,0,0,0,0.192,0.001,5.412776,NA,5.412776,0,NA,"139-67",4.8235,46.6422439914,10,48.235,"yes"," ",43.4004794265,-78.1371634525,1527893805,0.0124562615403053,1.18520631437955
107,142,"02-Jun-2018 21:36:13",43.3999,-77.8683666666667,334,0.02,"6/2/2018 21:36:13",7113,5050,"(155,72)",155,72,-71.7624,0,0,0,0,0.192,0.001,4.929169,NA,4.929169,0,NA,"155-72",7.1954,103.593776235,10,71.954,"yes","Offshore zone",43.403062971,-77.8726950611,1527975373,0.0277701889800037,350.837703754065
108,94,"30-May-2018 07:36:23",43.4003,-78.4673333333333,334,0.03,"5/30/2018 7:36:23",4802,4304,"(117,68)",117,68,-48.1429,0,0,0,0,0.192,0.001,5.448268,NA,5.448268,0,NA,"117-68",4.8335,38.5654660561,10,48.335,"yes","Offshore zone",43.4010930308,-78.4693584002,1527665783,0.0306522726886256,1.68737562509161
109,44,"26-May-2018 22:53:40",43.4005,-78.8186833333333,256,0.01,"5/26/2018 22:53:40",3246,5549,"(91,75)",91,75,-102.734,0,0,0,0,0.192,0.001,4.751614,NA,4.751614,0,NA,"91-75",10.2926,148.237328665,10,102.926,"yes"," ",43.3962856465,-78.8200501253,1527375220,0.00954403745934328,330.891329464036
110,95,"30-May-2018 09:33:21",43.4009166666667,-78.4420833333333,341,0.03,"5/30/2018 9:33:21",4919,4306,"(119,68)",119,68,-46.894,0,0,0,0,0.192,0.001,5.431993,NA,5.431993,0,NA,"119-68",4.7086,37.9827141873,10,47.086,"yes","Offshore zone",43.4023487882,-78.4425347927,1527672801,0.0272259340664931,3.41429933665847
111,96,"30-May-2018 11:33:53",43.40175,-78.4170666666667,338,0.03,"5/30/2018 11:33:53",5040,4133,"(121,67)",121,67,-40.2919,0,0,0,0,0.192,0.001,5.511225,NA,5.511225,0,NA,"121-67",4.0484,40.8296079,10,40.484,"yes"," ",43.4002681009,-78.4150413542,1527680033,0.0134884961457467,10.804524501869
112,99,"30-May-2018 17:33:43",43.4021,-78.3486833333333,344,0.03,"5/30/2018 17:33:43",5338,4138,"(126,67)",126,67,-39.0577,0,0,0,0,0.192,0.001,5.487986,NA,5.487986,0,NA,"126-67",3.925,39.0639612587,10,39.25,"yes","Offshore zone",43.4007432019,-78.3440691643,1527701623,0.00926044568895507,347.987335226149
113,110,"31-May-2018 13:02:26",43.4021,-78.13385,337,0.06,"5/31/2018 13:02:26",6123,4151,"(139,67)",139,67,-48.0432,0,0,0,0,0.192,0.001,5.412776,NA,5.412776,0,NA,"139-67",4.8235,46.6422439914,10,48.235,"yes"," ",43.4004794265,-78.1371634525,1527771746,0.00505594958605789,185.419548041084
114,100,"30-May-2018 17:37:37",43.4022,-78.34925,344,0.03,"5/30/2018 17:37:37",5338,4138,"(126,67)",126,67,-39.0577,0,0,0,0,0.192,0.001,5.487986,NA,5.487986,0,NA,"126-67",3.925,39.0639612587,10,39.25,"yes","Offshore zone",43.4007432019,-78.3440691643,1527701857,0.00926044568895507,347.987335226149
115,109,"31-May-2018 11:42:02",43.4024,-78.1460833333333,335,0.04,"5/31/2018 11:42:02",6064,4325,"(138,68)",138,68,-50.5238,0,0,0,0,0.192,0.001,5.199701,NA,5.199701,0,NA,"138-68",5.0716,48.2009680338,10,50.716,"yes","Offshore zone",43.403285766,-78.1536130131,1527766922,0.00288192436545224,356.443090288122
116,97,"30-May-2018 13:33:15",43.4030666666667,-78.39435,335,0.03,"5/30/2018 13:33:15",5100,4309,"(122,68)",122,68,-46.25,0,0,0,0,0.192,0.001,5.428567,NA,5.428567,0,NA,"122-68",4.6442,40.9396235989,10,46.442,"yes","Offshore zone",43.403578503,-78.400658353,1527687195,0.0196861759854763,6.10631162131253
117,72,"28-May-2018 19:32:01",43.4031833333333,-78.4978833333333,70,0.05,"5/28/2018 19:32:01",4682,4478,"(115,69)",115,69,-54.5852,0,0,0,0,0.192,0.001,5.292216,NA,5.292216,0,NA,"115-69",5.4777,33.2648936902,10,54.777,"yes","Offshore zone",43.403409652,-78.4941493592,1527535921,0.0571461232706806,4.36997187481626
118,88,"30-May-2018 01:30:56",43.4034666666667,-78.5002833333333,117,0.03,"5/30/2018 1:30:56",4622,4477,"(114,69)",114,69,-54.8308,0,0,0,0,0.192,0.001,5.270888,NA,5.270888,0,NA,"114-69",5.5023,32.4226890973,10,55.023,"yes","Offshore zone",43.4030276691,-78.5061207767,1527643856,0.0446645272354507,2.97029960146706
119,101,"30-May-2018 19:40:36",43.4035333333333,-78.3272333333333,343,0.03,"5/30/2018 19:40:36",5400,4314,"(127,68)",127,68,-44.0938,0,0,0,0,0.192,0.001,5.427683,NA,5.427683,0,NA,"127-68",4.4286,39.7929697018,10,44.286,"yes","Offshore zone",43.4039456321,-78.3308466365,1527709236,0.00973775137005753,2.43746713382643
120,98,"30-May-2018 15:30:56",43.40355,-78.37155,342,0.03,"5/30/2018 15:30:56",5218,4311,"(124,68)",124,68,-45.988,0,0,0,0,0.192,0.001,5.427866,NA,5.427866,0,NA,"124-68",4.618,41.4741319626,10,46.18,"yes","Offshore zone",43.403962616,-78.371669606,1527694256,0.0192421118580911,1.48080953650703
121,108,"31-May-2018 09:44:21",43.4037666666667,-78.1692166666667,336,0.03,"5/31/2018 9:44:21",6006,4324,"(137,68)",137,68,-48.0151,0,0,0,0,0.192,0.001,5.233955,NA,5.233955,0,NA,"137-68",4.8207,49.7156766622,10,48.207,"yes","Offshore zone",43.4029476285,-78.1701204013,1527759861,0.00416943885925982,6.49910096978798
122,102,"30-May-2018 21:40:07",43.40455,-78.3058833333333,344,0.03,"5/30/2018 21:40:07",5522,4316,"(129,68)",129,68,-43.4802,0,0,0,0,0.192,0.001,5.352845,NA,5.352845,0,NA,"129-68",4.3672,50.3086330067,10,43.672,"yes","Offshore zone",43.4037222138,-78.3024282436,1527716407,0.00832552561800007,355.789497624101
123,107,"31-May-2018 07:38:35",43.4051,-78.1951,338,0.03,"5/31/2018 7:38:35",5886,4498,"(135,69)",135,69,-47.5534,0,0,0,0,0.192,0.001,5.150448,NA,5.150448,0,NA,"135-69",4.7745,51.2831749753,10,47.745,"yes","Offshore zone",43.4061816732,-78.2031538747,1527752315,0.0232673310276096,4.68724328618388
124,103,"30-May-2018 23:40:40",43.40545,-78.28405,339,0.03,"5/30/2018 23:40:40",5584,4493,"(130,69)",130,69,-49.3676,0,0,0,0,0.192,0.001,5.265232,NA,5.265232,0,NA,"130-69",4.956,50.9191867663,10,49.56,"yes","Offshore zone",43.4068398559,-78.2859020753,1527723640,0.0189666779983792,356.21196241015
125,106,"31-May-2018 05:44:06",43.4060666666667,-78.2185666666667,337,0.03,"5/31/2018 5:44:06",5825,4497,"(134,69)",134,69,-46.2899,0,0,0,0,0.192,0.001,5.170321,NA,5.170321,0,NA,"134-69",4.6482,51.7293827149,10,46.482,"yes","Offshore zone",43.4061835785,-78.2197074762,1527745446,0.0232641557153115,359.891380644003
126,104,"31-May-2018 01:43:42",43.4063833333333,-78.26075,339,0.04,"5/31/2018 1:43:42",5706,4495,"(132,69)",132,69,-49.181,0,0,0,0,0.192,0.001,5.173978,NA,5.173978,0,NA,"132-69",4.9373,52.1070957493,10,49.373,"yes","Offshore zone",43.4063144996,-78.2527888761,1527731022,0.0213319228280035,354.848938105657
127,105,"31-May-2018 03:42:26",43.4074,-78.2424,336,0.04,"5/31/2018 3:42:26",5765,4496,"(133,69)",133,69,-47.9034,0,0,0,0,0.192,0.001,5.138563,NA,5.138563,0,NA,"133-69",4.8095,52.1755904545,10,48.095,"yes","Offshore zone",43.4061830847,-78.2362612026,1527738146,0.0210303566084479,349.858182926089
128,111,"31-May-2018 13:42:56",43.4081333333333,-78.1347666666667,326,0.06,"5/31/2018 13:42:56",6125,4502,"(139,69)",139,69,-56.5946,0,0,0,0,0.192,0.001,5.111807,NA,5.111807,0,NA,"139-69",5.6787,46.7302748195,10,56.787,"yes","Offshore zone",43.4067635927,-78.1370478375,1527774176,0.0140475478648799,356.778901770825
129,185,"06-Jun-2018 03:50:50",43.4093333333333,-77.3962166666667,353,0.01,"6/6/2018 3:50:50",9713,5834,"(183,76)",183,76,-200.998,0,0,0,0,0.192,0.001,4.594159,NA,4.594159,0,NA,"183-76",20.119,217.764233743,10,201.19,"yes"," ",43.4138063134,-77.3919585907,1528257050,0.0154137765247612,209.203911661284
130,127,"01-Jun-2018 21:46:10",43.4098333333333,-78.1337333333333,104,0.03,"6/1/2018 21:46:10",6126,4678,"(139,70)",139,70,-59.4127,0,0,0,0,0.192,0.001,5.06883,NA,5.06883,0,NA,"139-70",5.9605,46.7742902338,10,59.605,"yes","Offshore zone",43.4099056725,-78.1369900082,1527889570,0.0318078057725327,357.981277602186
131,161,"04-Jun-2018 09:36:40",43.4101,-77.8542,122,0.01,"6/4/2018 9:36:40",7180,5235,"(156,73)",156,73,-81.4444,0,0,0,0,0.192,0.001,4.825178,NA,4.825178,0,NA,"156-73",8.1636,201.570894944,10,81.636,"yes","Offshore zone",43.4114405776,-77.8551137969,1528105000,0.0332182027401719,4.09151962155095
132,31,"26-May-2018 00:53:46",43.4177833333333,-78.8375333333333,33,0.04,"5/26/2018 0:53:46",3187,5939,"(90,77)",90,77,-115.204,0,0,0,0,0.192,0.001,4.672224,NA,4.672224,0,NA,"90-77",11.5396,155.669487356,10,115.396,"yes"," ",43.4152460724,-78.8434265549,1527296026,0.00456705758708065,331.5383389439
133,143,"02-Jun-2018 23:40:57",43.4192166666667,-77.8569166666667,328,0.02,"6/2/2018 23:40:57",7181,5422,"(156,74)",156,74,-110.006,0,0,0,0,0.192,0.001,4.793654,NA,4.793654,0,NA,"156-74",11.0198,202.440340145,10,110.198,"yes","Offshore zone",43.424881308,-77.8535362904,1527982857,0.00833261992341342,1.12605704638782
134,43,"26-May-2018 20:56:35",43.4195666666667,-78.8230333333333,269,0.02,"5/26/2018 20:56:35",3248,5940,"(91,77)",91,77,-117.947,0,0,0,0,0.192,0.001,4.675135,NA,4.675135,0,NA,"91-77",11.8139,155.514630542,10,118.139,"yes"," ",43.4184958091,-78.8297645762,1527368195,0.00457118265072076,204.670922842505
135,87,"29-May-2018 23:35:28",43.4207166666667,-78.5056666666667,124,0.03,"5/29/2018 23:35:28",4626,5193,"(114,73)",114,73,-98.327,0,0,0,0,0.192,0.001,4.729319,NA,4.729319,0,NA,"114-73",9.8519,131.20971371,10,98.519,"yes","Offshore zone",43.4251888071,-78.5095508588,1527636928,0.0214111185354085,3.63582124388041
136,231,"12-Jun-2018 08:50:47",43.4215666666667,-78.7510333333333,102,0.06,"6/12/2018 8:50:47",3549,5747,"(96,76)",96,76,-120.446,0,0,0,0,0.192,0.001,4.70085,NA,4.70085,0,NA,"96-76",12.0638,150.170587669,10,120.638,"yes","Offshore zone",43.4220424191,-78.7569635896,1528793447,0.00940954916192233,350.637313590907
137,73,"28-May-2018 21:35:06",43.4237833333333,-78.5030666666667,59,0.04,"5/28/2018 21:35:06",4626,5193,"(114,73)",114,73,-98.327,0,0,0,0,0.192,0.001,4.729319,NA,4.729319,0,NA,"114-73",9.8519,131.20971371,10,98.519,"yes","Offshore zone",43.4251888071,-78.5095508588,1527543306,0.0226083245073621,0.0986367504867897
138,186,"06-Jun-2018 05:42:46",43.4270166666667,-77.39305,273,0.02,"6/6/2018 5:42:46",9714,6032,"(183,77)",183,77,-204.827,0,0,0,0,0.192,0.001,4.757083,NA,4.757083,0,NA,"183-77",20.5019,215.074520025,10,205.019,"yes"," ",43.4277701791,-77.3907926888,1528263766,0.0170749652875121,213.73399952969
139,160,"04-Jun-2018 07:38:48",43.4292333333333,-77.8442833333333,121,0.01,"6/4/2018 7:38:48",7246,5423,"(157,74)",157,74,-108.047,0,0,0,0,0.192,0.001,4.796808,NA,4.796808,0,NA,"157-74",10.8239,203.248189858,10,108.239,"yes","Offshore zone",43.4231668169,-77.8370174818,1528097928,0.0224445922716841,11.5668751060844
140,112,"31-May-2018 15:46:50",43.4298333333333,-78.1358666666667,303,0.05,"5/31/2018 15:46:50",6129,5218,"(139,73)",139,73,-82.9055,0,0,0,0,0.192,0.001,4.800182,NA,4.800182,0,NA,"139-73",8.3098,190.931317047,10,83.098,"yes","Offshore zone",43.4304208144,-78.1365641902,1527781610,0.0164249752663994,7.81593170012332
141,126,"01-Jun-2018 19:44:46",43.4301833333333,-78.1333666666667,102,0.04,"6/1/2018 19:44:46",6129,5218,"(139,73)",139,73,-82.9055,0,0,0,0,0.192,0.001,4.800182,NA,4.800182,0,NA,"139-73",8.3098,190.931317047,10,83.098,"yes","Offshore zone",43.4304208144,-78.1365641902,1527882286,0.0178661716678437,355.293295148421
142,86,"29-May-2018 21:35:46",43.4322666666667,-78.5052333333333,118,0.03,"5/29/2018 21:35:46",4627,5380,"(114,74)",114,74,-124.458,0,0,0,0,0.192,0.001,4.686596,NA,4.686596,0,NA,"114-74",12.465,133.704634122,10,124.65,"yes","Offshore zone",43.4365389481,-78.5115816341,1527629746,0.0132590492899746,4.11247508563278
143,32,"26-May-2018 02:50:40",43.4366333333333,-78.8421166666667,16,0.03,"5/26/2018 2:50:40",3250,6343,"(91,79)",91,79,-127.269,0,0,0,0,0.192,0.001,4.660006,NA,4.660006,0,NA,"91-79",12.7461,157.197329746,10,127.461,"yes"," ",43.4414511848,-78.8396357829,1527303040,0.0148012944687161,163.811913163292
144,33,"26-May-2018 02:50:41",43.4366333333333,-78.8421166666667,16,0.03,"5/26/2018 2:50:41",3250,6343,"(91,79)",91,79,-127.269,0,0,0,0,0.192,0.001,4.660006,NA,4.660006,0,NA,"91-79",12.7461,157.197329746,10,127.461,"yes"," ",43.4414511848,-78.8396357829,1527303041,0.0148012944687161,163.811913163292
145,144,"03-Jun-2018 01:34:55",43.4369666666667,-77.8476,282,0,"6/3/2018 1:34:55",7182,5614,"(156,75)",156,75,-124.095,0,0,0,0,0.192,0.001,4.723904,NA,4.723904,0,NA,"156-75",12.4287,203.309785347,10,124.287,"yes","Offshore zone",43.4383219679,-77.8519579133,1527989695,0.0053809565312951,15.2444620665576
146,42,"26-May-2018 18:52:05",43.4407,-78.8306833333333,283,0.04,"5/26/2018 18:52:05",3311,6344,"(92,79)",92,79,-129.18,0,0,0,0,0.192,0.001,4.663269,NA,4.663269,0,NA,"92-79",12.9372,157.042472932,10,129.372,"yes"," ",43.4447126126,-78.8258099362,1527360725,0.0217646370039542,167.278256158207
147,12,"24-May-2018 09:44:36",43.44125,-79.1819166666667,92,0.1,"5/24/2018 9:44:36",1825,7638,"(67,85)",67,85,-127.13,0,0,0,0,0.192,0.001,4.777946,NA,4.777946,0,NA,"67-85",12.7322,149.829641962,10,127.322,"no"," ",43.437403252,-79.1783644186,1527155076,0.00898942882879347,262.866431040976
148,13,"24-May-2018 09:44:36",43.44125,-79.1819166666667,92,0.1,"5/24/2018 9:44:36",1825,7638,"(67,85)",67,85,-127.13,0,0,0,0,0.192,0.001,4.777946,NA,4.777946,0,NA,"67-85",12.7322,149.829641962,10,127.322,"no"," ",43.437403252,-79.1783644186,1527155076,0.00898942882879347,262.866431040976
149,74,"28-May-2018 23:33:07",43.4434666666667,-78.5086833333333,66,0.04,"5/28/2018 23:33:07",4628,5572,"(114,75)",114,75,-135.492,0,0,0,0,0.192,0.001,4.625218,NA,4.625218,0,NA,"114-75",13.5684,136.199554533,10,135.684,"yes","Offshore zone",43.4478890628,-78.5136130759,1527550387,0.00692508354287736,351.656391250047
150,187,"06-Jun-2018 07:44:57",43.4465333333333,-77.3888166666667,278,0.03,"6/6/2018 7:44:57",9715,6232,"(183,78)",183,78,-202.816,0,0,0,0,0.192,0.001,4.559222,NA,4.559222,0,NA,"183-78",20.3008,213.839258347,10,203.008,"yes"," ",43.4416853708,-77.3895967463,1528271097,0.0192135424652674,215.157771659948
151,14,"24-May-2018 10:50:01",43.4473166666667,-79.1776666666667,80,0.04,"5/24/2018 10:50:01",1826,7869,"(67,86)",67,86,-129.055,0,0,0,0,0.192,0.001,4.809538,NA,4.809538,0,NA,"67-86",12.9247,150.355385048,10,129.247,"no"," ",43.4485779592,-79.1845906158,1527159001,0.00933872986244541,234.812944432204
152,159,"04-Jun-2018 05:45:57",43.4477666666667,-77.83605,85,0.01,"6/4/2018 5:45:57",7248,5808,"(157,76)",157,76,-131.459,0,0,0,0,0.192,0.001,4.709876,NA,4.709876,0,NA,"157-76",13.1651,204.808657171,10,131.651,"yes","Offshore zone",43.4501554092,-77.8337036539,1528091157,0.010515764782072,30.1748118399422
153,125,"01-Jun-2018 17:51:30",43.44925,-78.1343833333333,118,0.04,"6/1/2018 17:51:30",6130,5405,"(139,74)",139,74,-99.0104,0,0,0,0,0.192,0.001,4.809364,NA,4.809364,0,NA,"139-74",9.9202,191.695728952,10,99.202,"yes","Offshore zone",43.4431658228,-78.1363275805,1527875490,0.0151482492217228,356.581809416697
154,113,"31-May-2018 17:42:51",43.4501166666667,-78.1347,304,0.04,"5/31/2018 17:42:51",6131,5597,"(139,75)",139,75,-117.624,0,0,0,0,0.192,0.001,4.721149,NA,4.721149,0,NA,"139-75",11.7816,192.460140858,10,117.816,"yes","Offshore zone",43.4559108031,-78.1360907302,1527788571,0.0191579174856654,4.56541075951927
155,85,"29-May-2018 19:42:25",43.4502,-78.5061166666667,117,0.03,"5/29/2018 19:42:25",4688,5573,"(115,75)",115,75,-136.67,0,0,0,0,0.192,0.001,4.643813,NA,4.643813,0,NA,"115-75",13.6862,136.640637401,10,136.862,"yes","Offshore zone",43.4488567732,-78.500445686,1527622945,0.00913984833406825,1.99804433461501
156,34,"26-May-2018 04:44:45",43.4529,-78.8451666666667,357,0.02,"5/26/2018 4:44:45",3251,6550,"(91,80)",91,80,-133.344,0,0,0,0,0.192,0.001,4.72716,NA,4.72716,0,NA,"91-80",13.3536,158.038679348,10,133.536,"yes"," ",43.4529285801,-78.844574071,1527309885,0.0223144743065539,162.955817713413
157,145,"03-Jun-2018 03:46:21",43.4585833333333,-77.8385666666667,336,0.02,"6/3/2018 3:46:21",7249,6006,"(157,77)",157,77,-132.015,0,0,0,0,0.192,0.001,4.808022,NA,4.808022,0,NA,"157-77",13.2207,206.529889769,10,132.207,"yes","Offshore zone",43.4636798231,-77.8320317051,1527997581,0.00301883958288987,56.7754551067772
158,41,"26-May-2018 17:02:45",43.4586166666667,-78.8353,284,0.04,"5/26/2018 17:02:45",3312,6551,"(92,80)",92,80,-135.312,0,0,0,0,0.192,0.001,4.739697,NA,4.739697,0,NA,"92-80",13.5504,157.883822534,10,135.504,"yes"," ",43.4561966965,-78.8306669467,1527354165,0.0268486992347044,164.721329865818
159,230,"12-Jun-2018 05:00:05",43.4632833333333,-78.7553333333333,103,0.08,"6/12/2018 5:00:05",3612,6349,"(97,79)",97,79,-141,0,0,0,0,0.192,0.001,4.681736,NA,4.681736,0,NA,"97-79",14.1192,154.11251052,10,141.192,"yes","Offshore zone",43.4594793242,-78.7567366474,1528779605,0.0235544643384313,346.086515457166
160,75,"29-May-2018 01:42:47",43.4659333333333,-78.5126166666667,65,0.03,"5/29/2018 1:42:47",4630,5963,"(114,77)",114,77,-153.791,0,0,0,0,0.192,0.001,4.620361,NA,4.620361,0,NA,"114-77",15.3983,146.044212352,10,153.983,"yes","Offshore zone",43.4707924231,-78.5177730167,1527558167,0.00909672456353329,338.150844606628
161,188,"06-Jun-2018 09:48:10",43.4661166666667,-77.3835833333333,275,0.03,"6/6/2018 9:48:10",9717,6642,"(183,80)",183,80,-198.776,0,0,0,0,0.192,0.001,4.536384,NA,4.536384,0,NA,"183-80",19.8968,211.368734993,10,198.968,"yes"," ",43.4695155757,-77.3872025786,1528278490,0.0193539503350762,215.187913784949
162,158,"04-Jun-2018 03:36:20",43.4684833333333,-77.8255,41,0.01,"6/4/2018 3:36:20",7249,6006,"(157,77)",157,77,-132.015,0,0,0,0,0.192,0.001,4.808022,NA,4.808022,0,NA,"157-77",13.2207,206.529889769,10,132.207,"yes","Offshore zone",43.4636798231,-77.8320317051,1528083380,0.00957287840403199,35.8837232242665
163,124,"01-Jun-2018 15:55:06",43.46915,-78.1350333333333,113,0.05,"6/1/2018 15:55:06",6132,5790,"(139,76)",139,76,-138.432,0,0,0,0,0.192,0.001,4.700411,NA,4.700411,0,NA,"139-76",13.8624,193.224552763,10,138.624,"yes","Offshore zone",43.4686557553,-78.1358536391,1527868506,0.0208562305414636,359.7055107011
164,114,"31-May-2018 19:42:20",43.4712,-78.1332666666667,311,0.03,"5/31/2018 19:42:20",6132,5790,"(139,76)",139,76,-138.432,0,0,0,0,0.192,0.001,4.700411,NA,4.700411,0,NA,"139-76",13.8624,193.224552763,10,138.624,"yes","Offshore zone",43.4686557553,-78.1358536391,1527795740,0.022098523776288,3.59162081302617
165,84,"29-May-2018 17:29:35",43.4731666666667,-78.50935,115,0.03,"5/29/2018 17:29:35",4690,5964,"(115,77)",115,77,-153.431,0,0,0,0,0.192,0.001,4.634308,NA,4.634308,0,NA,"115-77",15.3623,146.2383524,10,153.623,"yes","Offshore zone",43.471856202,-78.5041710799,1527614975,0.0111249589583077,346.497716911545
166,35,"26-May-2018 06:52:32",43.4754166666667,-78.8470333333333,354,0.02,"5/26/2018 6:52:32",3253,6979,"(91,82)",91,82,-138.729,0,0,0,0,0.192,0.001,4.795247,NA,4.795247,0,NA,"91-82",13.8921,163.919153307,10,138.921,"yes"," ",43.4763203874,-78.8545259085,1527317552,0.0297254404545129,160.253890475535
167,146,"03-Jun-2018 05:35:30",43.4765333333333,-77.8311666666667,336,0.02,"6/3/2018 5:35:30",7250,6206,"(157,78)",157,78,-134.726,0,0,0,0,0.192,0.001,4.716725,NA,4.716725,0,NA,"157-78",13.4918,207.287693712,10,134.918,"yes","Offshore zone",43.47723395,-77.8303381091,1528004130,0.00622551938483642,21.9996447416998
168,40,"26-May-2018 15:01:46",43.4769333333333,-78.8386333333333,292,0.03,"5/26/2018 15:01:46",3314,6980,"(92,82)",92,82,-139.735,0,0,0,0,0.192,0.001,4.81572,NA,4.81572,0,NA,"92-82",13.9927,163.555382147,10,139.927,"yes"," ",43.4795869726,-78.8404131554,1527346906,0.0311624241134353,161.086652930038
169,76,"29-May-2018 03:36:30",43.48505,-78.5151333333333,47,0.03,"5/29/2018 3:36:30",4631,6163,"(114,78)",114,78,-164.176,0,0,0,0,0.192,0.001,4.696125,NA,4.696125,0,NA,"114-78",16.4368,147.745193655,10,164.368,"yes","Offshore zone",43.4825599122,-78.5199942278,1527564990,0.0110524723560847,340.732295740741
170,189,"06-Jun-2018 11:51:17",43.4854,-77.3787833333333,277,0.03,"6/6/2018 11:51:17",9718,6853,"(183,81)",183,81,-192.85,0,0,0,0,0.192,0.001,4.709641,NA,4.709641,0,NA,"183-81",19.3042,208.522363154,10,193.042,"yes"," ",43.4833733243,-77.385958602,1528285877,0.0178205013884433,214.746125752939
171,157,"04-Jun-2018 01:42:01",43.4857833333333,-77.8160666666667,121,0.01,"6/4/2018 1:42:01",7317,6410,"(158,79)",158,79,-147.896,0,0,0,0,0.192,0.001,4.736325,NA,4.736325,0,NA,"158-79",14.8088,208.212853877,10,148.088,"yes","Offshore zone",43.4891775364,-77.8117796886,1528076521,0.0119370046496084,15.2646326698743
172,123,"01-Jun-2018 13:49:16",43.4881,-78.1355666666667,108,0.04,"6/1/2018 13:49:16",6134,6188,"(139,78)",139,78,-163.465,0,0,0,0,0.192,0.001,4.684522,NA,4.684522,0,NA,"139-78",16.3657,198.679352005,10,163.657,"yes","Offshore zone",43.494521089,-78.1354029537,1527860956,0.0180284707923371,3.08850350017891
173,39,"26-May-2018 12:57:32",43.49345,-78.8435,314,0.03,"5/26/2018 12:57:32",3315,7204,"(92,83)",92,83,-140.815,0,0,0,0,0.192,0.001,4.806867,NA,4.806867,0,NA,"92-83",14.1007,164.675246722,10,141.007,"yes"," ",43.4913513658,-78.8452920202,1527339452,0.0305250909588474,159.790814175755
174,83,"29-May-2018 15:35:47",43.4936666666667,-78.5121166666667,110,0.04,"5/29/2018 15:35:47",4692,6367,"(115,79)",115,79,-169.821,0,0,0,0,0.192,0.001,4.640319,NA,4.640319,0,NA,"115-79",17.0013,149.640315006,10,170.013,"yes","Offshore zone",43.495447593,-78.5082979492,1527608147,0.0130754617880726,346.284456192591
175,36,"26-May-2018 08:46:21",43.49575,-78.8499833333333,321,0.03,"5/26/2018 8:46:21",3315,7204,"(92,83)",92,83,-140.815,0,0,0,0,0.192,0.001,4.806867,NA,4.806867,0,NA,"92-83",14.1007,164.675246722,10,141.007,"yes"," ",43.4913513658,-78.8452920202,1527324381,0.0311850001335142,159.464634073701
176,147,"03-Jun-2018 07:31:11",43.4959166666667,-77.8220666666667,1,0.02,"6/3/2018 7:31:11",7251,6409,"(157,79)",157,79,-143.07,0,0,0,0,0.192,0.001,4.731248,NA,4.731248,0,NA,"157-79",14.3262,208.045497655,10,143.262,"yes","Offshore zone",43.4907880012,-77.8286435794,1528011071,0.0102123948725048,14.1981048953438
177,77,"29-May-2018 05:30:45",43.50375,-78.5174833333333,47,0.03,"5/29/2018 5:30:45",4633,6573,"(114,80)",114,80,-169.874,0,0,0,0,0.192,0.001,4.737313,NA,4.737313,0,NA,"114-80",17.0066,151.14715626,10,170.066,"yes","Offshore zone",43.5060947658,-78.5244389353,1527571845,0.010981176550467,333.339187636579
178,156,"03-Jun-2018 23:47:36",43.5042833333333,-77.8081166666667,9,0,"6/3/2018 23:47:36",7318,6617,"(158,80)",158,80,-155.943,0,0,0,0,0.192,0.001,4.682047,NA,4.682047,0,NA,"158-80",15.6135,208.970657819,10,156.135,"yes","Offshore zone",43.5027361796,-77.8100177215,1528069656,0.0129715860220271,7.49268347527449
179,190,"06-Jun-2018 13:51:27",43.5044666666667,-77.3725666666667,275,0.03,"6/6/2018 13:51:27",9820,7296,"(184,83)",184,83,-183.083,0,0,0,0,0.192,0.001,4.658214,NA,4.658214,0,NA,"184-83",18.3275,206.541811674,10,183.275,"no"," ",43.5099881134,-77.3668533493,1528293087,0.0175044375497065,210.664065578148
180,229,"12-Jun-2018 00:53:19",43.5085333333333,-78.7705333333333,102,0.08,"6/12/2018 0:53:19",3616,7209,"(97,83)",97,83,-149.283,0,0,0,0,0.192,0.001,4.72203,NA,4.72203,0,NA,"97-83",14.9475,162.371351881,10,149.475,"yes","Offshore zone",43.5065892561,-78.7742709851,1528764799,0.0332159324920169,339.365291961158
181,122,"01-Jun-2018 11:48:42",43.5089,-78.1361833333333,105,0.04,"6/1/2018 11:48:42",6135,6391,"(139,79)",139,79,-167.921,0,0,0,0,0.192,0.001,4.599877,NA,4.599877,0,NA,"139-79",16.8113,199.532185802,10,168.113,"yes","Offshore zone",43.5075159903,-78.1351827864,1527853722,0.0161946472165633,2.63191242434854
182,115,"31-May-2018 23:42:20",43.51385,-78.1304666666667,327,0.03,"5/31/2018 23:42:20",6135,6391,"(139,79)",139,79,-167.921,0,0,0,0,0.192,0.001,4.599877,NA,4.599877,0,NA,"139-79",16.8113,199.532185802,10,168.113,"yes","Offshore zone",43.5075159903,-78.1351827864,1527810140,0.0173775157387241,1.91970101053074
183,37,"26-May-2018 10:42:31",43.51395,-78.8485666666667,320,0.03,"5/26/2018 10:42:31",3317,7663,"(92,85)",92,85,-143.043,0,0,0,0,0.192,0.001,4.829825,NA,4.829825,0,NA,"92-85",14.3235,168.419526139,10,143.235,"yes"," ",43.5149431479,-78.8550239246,1527331351,0.0283380349731968,159.946527307375
184,38,"26-May-2018 10:49:02",43.5140333333333,-78.8486,320,0.03,"5/26/2018 10:49:02",3317,7663,"(92,85)",92,85,-143.043,0,0,0,0,0.192,0.001,4.829825,NA,4.829825,0,NA,"92-85",14.3235,168.419526139,10,143.235,"yes"," ",43.5149431479,-78.8550239246,1527331742,0.0283380349731968,159.946527307375
185,82,"29-May-2018 13:36:42",43.51435,-78.5143,85,0.04,"5/29/2018 13:36:42",4694,6785,"(115,81)",115,81,-168.111,0,0,0,0,0.192,0.001,4.664577,NA,4.664577,0,NA,"115-81",16.8303,157.842458961,10,168.303,"yes","Offshore zone",43.5192232597,-78.5125207085,1527601002,0.012525711674892,341.384237276039
186,192,"06-Jun-2018 17:20:25",43.5168,-77.34935,267,0.01,"6/6/2018 17:20:25",9918,7525,"(185,84)",185,84,-181.468,0,0,0,0,0.192,0.001,4.673693,NA,4.673693,0,NA,"185-84",18.166,203.716553629,10,181.66,"no"," ",43.5229105364,-77.3492880975,1528305625,0.016995631866176,212.28895718537
187,148,"03-Jun-2018 09:38:13",43.51695,-77.8122166666667,347,0.01,"6/3/2018 9:38:13",7319,6828,"(158,81)",158,81,-164.575,0,0,0,0,0.192,0.001,4.835271,NA,4.835271,0,NA,"158-81",16.4767,211.416880985,10,164.767,"yes","Offshore zone",43.5163473328,-77.8082227368,1528018693,0.0122465091150145,352.29900805476
188,228,"11-Jun-2018 23:44:59",43.52005,-78.7763,88,0.07,"6/11/2018 23:44:59",3617,7437,"(97,84)",97,84,-148.887,0,0,0,0,0.192,0.001,4.815742,NA,4.815742,0,NA,"97-84",14.9079,163.564256371,10,149.079,"yes","Offshore zone",43.5184711747,-78.7786480003,1528760699,0.0333135838640698,337.06605026832
189,191,"06-Jun-2018 15:43:12",43.5212166666667,-77.3683166666667,282,0.03,"6/6/2018 15:43:12",9821,7524,"(184,84)",184,84,-177.665,0,0,0,0,0.192,0.001,4.804883,NA,4.804883,0,NA,"184-84",17.7857,205.389338703,10,177.857,"no"," ",43.5238142911,-77.3656460806,1528299792,0.0160359014411681,212.526643232578
190,193,"06-Jun-2018 18:50:30",43.5220333333333,-77.3704,310,0.02,"6/6/2018 18:50:30",9821,7524,"(184,84)",184,84,-177.665,0,0,0,0,0.192,0.001,4.804883,NA,4.804883,0,NA,"184-84",17.7857,205.389338703,10,177.857,"no"," ",43.5238142911,-77.3656460806,1528311030,0.0163021834100332,215.729198618063
191,78,"29-May-2018 07:31:50",43.5242,-78.5189,46,0.03,"5/29/2018 7:31:50",4694,6785,"(115,81)",115,81,-168.111,0,0,0,0,0.192,0.001,4.664577,NA,4.664577,0,NA,"115-81",16.8303,157.842458961,10,168.303,"yes","Offshore zone",43.5192232597,-78.5125207085,1527579110,0.0113666289585655,335.680895510585
192,155,"03-Jun-2018 21:37:31",43.52585,-77.7997833333333,8,0.02,"6/3/2018 21:37:31",7320,7046,"(158,82)",158,82,-161.264,0,0,0,0,0.192,0.001,4.610814,NA,4.610814,0,NA,"158-82",16.1456,212.150266332,10,161.456,"yes"," ",43.5300105469,-77.8063872518,1528061851,0.00984246973670377,340.409726719807
193,194,"06-Jun-2018 19:56:30",43.52585,-77.3841,31,0.01,"6/6/2018 19:56:30",9721,7523,"(183,84)",183,84,-177.479,0,0,0,0,0.192,0.001,4.662712,NA,4.662712,0,NA,"183-84",17.7671,205.06494424,10,177.671,"no"," ",43.5247713559,-77.3820794624,1528314990,0.0149511375118574,216.867155340686
194,227,"11-Jun-2018 20:39:50",43.5264,-78.7458,74,0.06,"6/11/2018 20:39:50",3739,7439,"(99,84)",99,84,-152.722,0,0,0,0,0.192,0.001,4.791488,NA,4.791488,0,NA,"99-84",15.2914,163.677300443,10,152.914,"yes","Offshore zone",43.5240560247,-78.7500551818,1528749590,0.0323723704924398,340.847516161131
195,121,"01-Jun-2018 09:49:32",43.52955,-78.1363333333333,87,0.04,"6/1/2018 9:49:32",6137,6809,"(139,81)",139,81,-176.289,0,0,0,0,0.192,0.001,4.628632,NA,4.628632,0,NA,"139-81",17.6481,205.565223449,10,176.481,"yes"," ",43.5336442287,-78.1347637582,1527846572,0.013646356955502,2.92135848383873
196,226,"11-Jun-2018 16:40:12",43.5316166666667,-78.7018666666667,60,0.06,"6/11/2018 16:40:12",3920,7442,"(102,84)",102,84,-155.935,0,0,0,0,0.192,0.001,4.831049,NA,4.831049,0,NA,"102-84",15.6127,162.73983089,10,156.127,"yes"," ",43.5319036405,-78.7071188212,1528735212,0.0292481133774911,344.841477498
197,81,"29-May-2018 11:45:27",43.5329,-78.5173833333333,76,0.04,"5/29/2018 11:45:27",4695,7003,"(115,82)",115,82,-168.889,0,0,0,0,0.192,0.001,4.787794,NA,4.787794,0,NA,"115-82",16.9081,159.28866797,10,169.081,"yes"," ",43.5313911444,-78.5147708404,1527594327,0.0130373254155819,340.43920209504
198,225,"11-Jun-2018 12:41:15",43.5353666666667,-78.6536,59,0.05,"6/11/2018 12:41:15",4162,7446,"(106,84)",106,84,-161.702,0,0,0,0,0.192,0.001,4.72571,NA,4.72571,0,NA,"106-84",16.1894,161.929234901,10,161.894,"yes"," ",43.5410734933,-78.6497155889,1528720875,0.0237619779567207,345.198815126146
199,116,"01-Jun-2018 01:44:47",43.5358333333333,-78.13235,351,0.03,"6/1/2018 1:44:47",6137,6809,"(139,81)",139,81,-176.289,0,0,0,0,0.192,0.001,4.628632,NA,4.628632,0,NA,"139-81",17.6481,205.565223449,10,176.481,"yes"," ",43.5336442287,-78.1347637582,1527817487,0.0144693364966269,0.377250186044947
200,149,"03-Jun-2018 11:38:06",43.5362666666667,-77.8039333333333,355,0.01,"6/3/2018 11:38:06",7320,7046,"(158,82)",158,82,-161.264,0,0,0,0,0.192,0.001,4.610814,NA,4.610814,0,NA,"158-82",16.1456,212.150266332,10,161.456,"yes"," ",43.5300105469,-77.8063872518,1528025886,0.0103990730151935,334.628304286735
201,224,"11-Jun-2018 08:49:05",43.5389166666667,-78.60575,66,0.04,"6/11/2018 8:49:05",4340,7221,"(109,83)",109,83,-165.242,0,0,0,0,0.192,0.001,4.693,NA,4.693,0,NA,"109-83",16.5434,160.161156363,10,165.434,"yes"," ",43.5349160098,-78.6034700528,1528706945,0.0218688377351363,345.17702135031
202,195,"06-Jun-2018 23:57:46",43.54165,-77.4400333333333,16,0.01,"6/6/2018 23:57:46",9318,7750,"(179,85)",179,85,-172.327,0,0,0,0,0.192,0.001,4.721308,NA,4.721308,0,NA,"179-85",17.2519,203.517760047,10,172.519,"yes"," ",43.5423361434,-77.4463335465,1528329466,0.0112713087430457,194.88314502528
203,154,"03-Jun-2018 19:46:33",43.54375,-77.7934833333333,12,0.02,"6/3/2018 19:46:33",7389,7271,"(159,83)",159,83,-159.389,0,0,0,0,0.192,0.001,4.646459,NA,4.646459,0,NA,"159-83",15.9581,212.495364817,10,159.581,"yes"," ",43.5419899396,-77.7874398084,1528055193,0.0103596672215872,312.308685903477
204,223,"11-Jun-2018 04:49:15",43.5451333333333,-78.5559166666667,60,0.04,"6/11/2018 4:49:15",4517,7224,"(112,83)",112,83,-169.515,0,0,0,0,0.192,0.001,4.775045,NA,4.775045,0,NA,"112-83",16.9707,160.128701514,10,169.707,"yes"," ",43.5397548105,-78.5604151475,1528692555,0.0198865277694628,347.962829144489
205,79,"29-May-2018 09:38:01",43.54615,-78.5201833333333,54,0.03,"5/29/2018 9:38:01",4696,7227,"(115,83)",115,83,-172.395,0,0,0,0,0.192,0.001,4.735156,NA,4.735156,0,NA,"115-83",17.2587,160.734876979,10,172.587,"yes"," ",43.5435589846,-78.5170217688,1527586681,0.0146088974514671,343.22322110474
206,80,"29-May-2018 10:13:22",43.54895,-78.5203666666667,54,0.05,"5/29/2018 10:13:22",4696,7227,"(115,83)",115,83,-172.395,0,0,0,0,0.192,0.001,4.735156,NA,4.735156,0,NA,"115-83",17.2587,160.734876979,10,172.587,"yes"," ",43.5435589846,-78.5170217688,1527588802,0.0146088974514671,343.22322110474
207,222,"11-Jun-2018 01:54:21",43.5494833333333,-78.52075,58,0.05,"6/11/2018 1:54:21",4697,7455,"(115,84)",115,84,-172.498,0,0,0,0,0.192,0.001,4.761357,NA,4.761357,0,NA,"115-84",17.269,162.181085987,10,172.69,"yes"," ",43.5557267801,-78.5192734943,1528682061,0.0166695229331419,352.060795038098
208,120,"01-Jun-2018 07:47:10",43.5499833333333,-78.1340833333333,99,0.07,"6/1/2018 7:47:10",6138,7027,"(139,82)",139,82,-182.431,0,0,0,0,0.192,0.001,4.635062,NA,4.635062,0,NA,"139-82",18.2623,206.567274197,10,182.623,"yes"," ",43.5469144807,-78.1345922338,1527839230,0.013925400458382,3.35027424379189
209,221,"11-Jun-2018 00:39:00",43.55045,-78.5085,25,0.03,"6/11/2018 0:39:00",4757,7456,"(116,84)",116,84,-173.961,0,0,0,0,0.192,0.001,4.755651,NA,4.755651,0,NA,"116-84",17.4153,162.223968875,10,174.153,"yes"," ",43.5569373385,-78.5046533026,1528677540,0.0162570483641659,354.26348831946
210,220,"10-Jun-2018 20:47:25",43.5534666666667,-78.4608666666667,25,0.03,"6/10/2018 20:47:25",4935,7459,"(119,84)",119,84,-174.215,0,0,0,0,0.192,0.001,4.753294,NA,4.753294,0,NA,"119-84",17.4407,163.802795994,10,174.407,"yes"," ",43.5596414733,-78.4603071114,1528663645,0.0138278321612742,358.466082656747
211,150,"03-Jun-2018 13:35:32",43.5548666666667,-77.7950666666667,354,0.01,"6/3/2018 13:35:32",7322,7498,"(158,84)",158,84,-153.673,0,0,0,0,0.192,0.001,4.677972,NA,4.677972,0,NA,"158-84",15.3865,213.617037025,10,153.865,"yes"," ",43.5573367265,-77.8027132527,1528032932,0.0103650968326425,337.151500080584
212,117,"01-Jun-2018 03:43:52",43.5565,-78.1375,340,0.02,"6/1/2018 3:43:52",6139,7251,"(139,83)",139,83,-188.939,0,0,0,0,0.192,0.001,4.688984,NA,4.688984,0,NA,"139-83",18.9131,207.569324945,10,189.131,"yes"," ",43.5601847032,-78.1344204809,1527824632,0.0143050857640768,3.90331850696804
213,219,"10-Jun-2018 16:46:06",43.5565833333333,-78.4071166666667,20,0.03,"6/10/2018 16:46:06",5174,7463,"(123,84)",123,84,-174.349,0,0,0,0,0.192,0.001,4.688492,NA,4.688492,0,NA,"123-84",17.4541,165.695745739,10,174.541,"yes"," ",43.5622473457,-78.4005666945,1528649166,0.0102669074791462,359.323862548368
214,196,"07-Jun-2018 04:05:10",43.5592666666667,-77.4976666666667,8,0.02,"6/7/2018 4:05:10",9003,7978,"(176,86)",176,86,-167.746,0,0,0,0,0.192,0.001,4.700182,NA,4.700182,0,NA,"176-86",16.7938,202.873365274,10,167.938,"yes"," ",43.5588315339,-77.4939678898,1528344310,0.0153440055563433,167.143049102087
215,218,"10-Jun-2018 12:41:16",43.56045,-78.35245,19,0.03,"6/10/2018 12:41:16",5355,7466,"(126,84)",126,84,-178.396,0,0,0,0,0.192,0.001,4.699373,NA,4.699373,0,NA,"126-84",17.8588,171.214315934,10,178.588,"yes"," ",43.5652144985,-78.3549125971,1528634476,0.00800969400632447,356.495944188168
216,153,"03-Jun-2018 17:36:02",43.5631833333333,-77.7874166666667,7,0.03,"6/3/2018 17:36:02",7391,7730,"(159,85)",159,85,-150.993,0,0,0,0,0.192,0.001,4.648478,NA,4.648478,0,NA,"159-85",15.1185,216.939781902,10,151.185,"yes"," ",43.5693440742,-77.7835823926,1528047362,0.0101735955113741,323.429268202468
217,217,"10-Jun-2018 08:40:20",43.5651833333333,-78.2980833333333,17,0.03,"6/10/2018 8:40:20",5599,7470,"(130,84)",130,84,-181.678,0,0,0,0,0.192,0.001,4.721517,NA,4.721517,0,NA,"130-84",18.187,192.745044707,10,181.87,"yes"," ",43.5696933909,-78.2905246418,1528620020,0.00510621009465104,4.22955680073561
218,216,"10-Jun-2018 00:50:27",43.5692666666667,-78.1880333333333,30,0.02,"6/10/2018 0:50:27",5962,7476,"(136,84)",136,84,-184.913,0,0,0,0,0.192,0.001,4.697049,NA,4.697049,0,NA,"136-84",18.5105,203.771500369,10,185.105,"yes"," ",43.5727995096,-78.1867005229,1528591827,0.00380093758274053,14.6113440657743
219,214,"09-Jun-2018 20:39:35",43.5700833333333,-78.13185,21,0.03,"6/9/2018 20:39:35",6140,7479,"(139,84)",139,84,-186.726,0,0,0,0,0.192,0.001,4.712934,NA,4.712934,0,NA,"139-84",18.6918,208.571375694,10,186.918,"yes"," ",43.5734548963,-78.1342484993,1528576775,0.0041346751732541,9.85017987133119
220,215,"09-Jun-2018 21:45:41",43.5712,-78.14515,63,0.01,"6/9/2018 21:45:41",6080,7478,"(138,84)",138,84,-185.934,0,0,0,0,0.192,0.001,4.715972,NA,4.715972,0,NA,"138-84",18.6126,207.514912504,10,186.126,"yes"," ",43.5732873304,-78.1517542928,1528580741,0.00395474696262891,12.5709198209328
221,119,"01-Jun-2018 05:40:20",43.5715333333333,-78.1422333333333,344,0.02,"6/1/2018 5:40:20",6140,7479,"(139,84)",139,84,-186.726,0,0,0,0,0.192,0.001,4.712934,NA,4.712934,0,NA,"139-84",18.6918,208.571375694,10,186.918,"yes"," ",43.5734548963,-78.1342484993,1527831620,0.0119058865794336,5.66744305379315
222,118,"01-Jun-2018 05:36:20",43.5716166666667,-78.1423833333333,346,0.02,"6/1/2018 5:36:20",6140,7479,"(139,84)",139,84,-186.726,0,0,0,0,0.192,0.001,4.712934,NA,4.712934,0,NA,"139-84",18.6918,208.571375694,10,186.918,"yes"," ",43.5734548963,-78.1342484993,1527831380,0.0119058865794336,5.66744305379315
223,213,"09-Jun-2018 16:38:50",43.57205,-78.07735,19,0.03,"6/9/2018 16:38:50",6321,7482,"(142,84)",142,84,-187.688,0,0,0,0,0.192,0.001,4.718471,NA,4.718471,0,NA,"142-84",18.788,212.126109774,10,187.88,"yes"," ",43.5733615723,-78.0816443842,1528562330,0.00562012440395613,10.1250932971394
224,212,"09-Jun-2018 12:46:45",43.57385,-78.02405,10,0.03,"6/9/2018 12:46:45",6502,7485,"(145,84)",145,84,-184.799,0,0,0,0,0.192,0.001,4.718447,NA,4.718447,0,NA,"145-84",18.4991,214.361003225,10,184.991,"yes"," ",43.5724493519,-78.0289614959,1528548405,0.00534659510629752,356.589385146153
225,151,"03-Jun-2018 15:42:51",43.5749833333333,-77.7841333333333,353,0.01,"6/3/2018 15:42:51",7391,7730,"(159,85)",159,85,-150.993,0,0,0,0,0.192,0.001,4.648478,NA,4.648478,0,NA,"159-85",15.1185,216.939781902,10,151.185,"yes"," ",43.5693440742,-77.7835823926,1528040571,0.0101735955113741,323.429268202468
226,197,"07-Jun-2018 08:04:53",43.5757,-77.5561166666667,360,0.03,"6/7/2018 8:04:53",8561,8205,"(172,87)",172,87,-166.565,0,0,0,0,0.192,0.001,4.718759,NA,4.718759,0,NA,"172-87",16.6757,199.648156335,10,166.757,"yes"," ",43.5760126013,-77.5581676591,1528358693,0.0215448414985445,161.049928041404
227,152,"03-Jun-2018 16:06:40",43.5770666666667,-77.7826166666667,348,0.04,"6/3/2018 16:06:40",7392,7961,"(159,86)",159,86,-163.831,0,0,0,0,0.192,0.001,4.86791,NA,4.86791,0,NA,"159-86",16.4023,217.645731468,10,164.023,"yes"," ",43.5831561705,-77.7815516493,1528042000,0.00926413935761897,345.845434796305
228,211,"09-Jun-2018 08:52:37",43.5775166666667,-77.9691833333333,12,0.04,"6/9/2018 8:52:37",6685,7719,"(148,85)",148,85,-180.869,0,0,0,0,0.192,0.001,4.672844,NA,4.672844,0,NA,"148-85",18.1061,223.916503727,10,181.061,"yes"," ",43.5843194338,-77.9752501958,1528534357,0.00115848792590843,327.322051899652
229,208,"08-Jun-2018 20:33:25",43.5789833333333,-77.7954,336,0.02,"6/8/2018 20:33:25",7324,7960,"(158,86)",158,86,-171.581,0,0,0,0,0.192,0.001,4.694579,NA,4.694579,0,NA,"158-86",17.1773,218.534272483,10,171.773,"yes"," ",43.5849806731,-77.7988290639,1528490005,0.0126632654739783,110.139916765953
230,210,"09-Jun-2018 04:44:25",43.5803666666667,-77.911,346,0.03,"6/9/2018 4:44:25",6930,7723,"(152,85)",152,85,-182.823,0,0,0,0,0.192,0.001,4.751062,NA,4.751062,0,NA,"152-85",18.3015,223.602492874,10,183.015,"yes"," ",43.580187605,-77.9049972817,1528519465,0.00358784071652961,297.82104250646
231,209,"09-Jun-2018 00:42:11",43.5814166666667,-77.8539333333333,343,0.03,"6/9/2018 0:42:11",7126,7726,"(155,85)",155,85,-172.768,0,0,0,0,0.192,0.001,4.691254,NA,4.691254,0,NA,"155-85",17.296,221.311001207,10,172.96,"yes"," ",43.5759603641,-77.8527360628,1528504931,0.00376883335456749,56.6536894120036
232,207,"08-Jun-2018 12:38:50",43.5861,-77.67725,11,0.02,"6/8/2018 12:38:50",7834,8198,"(165,87)",165,87,-166.567,0,0,0,0,0.192,0.001,4.719326,NA,4.719326,0,NA,"165-87",16.6759,208.076475709,10,166.759,"yes"," ",43.5848137265,-77.6763802951,1528461530,0.0171493817777106,201.156364106221
233,206,"08-Jun-2018 08:33:00",43.5895833333333,-77.6135333333333,17,0.02,"6/8/2018 8:33:00",8241,8434,"(169,88)",169,88,-157.143,0,0,0,0,0.192,0.001,4.75184,NA,4.75184,0,NA,"169-88",15.7335,195.150406138,10,157.335,"yes"," ",43.5917289615,-77.6057946872,1528446780,0.0173505300012961,186.893675626502
234,205,"08-Jun-2018 08:29:01",43.5898666666667,-77.6138166666667,20,0.02,"6/8/2018 8:29:01",8241,8434,"(169,88)",169,88,-157.143,0,0,0,0,0.192,0.001,4.75184,NA,4.75184,0,NA,"169-88",15.7335,195.150406138,10,157.335,"yes"," ",43.5917289615,-77.6057946872,1528446541,0.0173505300012961,186.893675626502
235,198,"07-Jun-2018 12:01:46",43.5906333333333,-77.6144333333333,360,0.03,"6/7/2018 12:01:46",8135,8433,"(168,88)",168,88,-158.588,0,0,0,0,0.192,0.001,4.749259,NA,4.749259,0,NA,"168-88",15.878,203.870309489,10,158.78,"yes"," ",43.5929866282,-77.6226780062,1528372906,0.0192388310363143,160.654552792073
236,204,"08-Jun-2018 06:20:55",43.5985666666667,-77.6411333333333,358,0.03,"6/8/2018 6:20:55",8032,8432,"(167,88)",167,88,-159.919,0,0,0,0,0.192,0.001,4.790524,NA,4.790524,0,NA,"167-88",16.0111,205.233108536,10,160.111,"yes"," ",43.5946886624,-77.6398435572,1528438855,0.0174522015837986,185.595689672154
237,202,"08-Jun-2018 00:22:02",43.59905,-77.5526833333333,3,0.03,"6/8/2018 0:22:02",8563,8672,"(172,89)",172,89,-144.555,0,0,0,0,0.192,0.001,4.792175,NA,4.792175,0,NA,"172-89",14.4747,200.020148986,10,144.747,"yes"," ",43.6026276724,-77.5540064031,1528417322,0.0163539981412569,194.208802896248
238,203,"08-Jun-2018 04:41:15",43.6004666666667,-77.6194833333333,358,0.03,"6/8/2018 4:41:15",8136,8668,"(168,89)",168,89,-153.737,0,0,0,0,0.192,0.001,4.846763,NA,4.846763,0,NA,"168-89",15.3929,205.368321239,10,153.929,"yes"," ",43.606055852,-77.6205391021,1528432875,0.0164970315530424,182.014538385079
239,199,"07-Jun-2018 15:57:15",43.6044833333333,-77.6709833333333,1,0.03,"6/7/2018 15:57:15",7835,8430,"(165,88)",165,88,-161.087,0,0,0,0,0.192,0.001,4.781332,NA,4.781332,0,NA,"165-88",16.1279,207.958706629,10,161.279,"yes"," ",43.5980850771,-77.6741780327,1528387035,0.0172514500588292,171.913927798118
240,200,"07-Jun-2018 15:57:16",43.6044833333333,-77.6709833333333,1,0.03,"6/7/2018 15:57:16",7835,8430,"(165,88)",165,88,-161.087,0,0,0,0,0.192,0.001,4.781332,NA,4.781332,0,NA,"165-88",16.1279,207.958706629,10,161.279,"yes"," ",43.5980850771,-77.6741780327,1528387036,0.0172514500588292,171.913927798118
241,201,"07-Jun-2018 15:57:16",43.6044833333333,-77.6709833333333,3,0.03,"6/7/2018 15:57:16",7835,8430,"(165,88)",165,88,-161.087,0,0,0,0,0.192,0.001,4.781332,NA,4.781332,0,NA,"165-88",16.1279,207.958706629,10,161.279,"yes"," ",43.5980850771,-77.6741780327,1528387036,0.0172514500588292,171.913927798118
