FID_n2018L,Var1,currlats,currlons,directval,speedval,FID_EFDC,GRIDNO,IJ_VALUE,I_Value,J_Value,BedElev,I_Parent,J_Parent,Area,Mask,WSElev,ZRough,Sim_Result,Sim_Dir,Map_Value,Dry_Flag,Grid_Label,I_J_index,sig_thick,Area_ha,Num_layers,Wat_depth,Compar_AOI,ComparZone,Lat,Long
236,14-Aug-2018 16:10:06,43.28340000000,-77.60268333330,292,0.10000000000,8491,1.24000000000e+002,"(172,17)",172,17,-1.68140e+001,0,0,0.00000000000e+000,0,1.92000000000e-001,1.00000000000e-003,5.989819,,5.989819,0,,172-17,1.70060000000,41.35909519470,10,17.00600000000,yes,Ontario Zone,43.28304441290,-77.60140081740
235,14-Aug-2018 12:36:37,43.30773333330,-77.57003333330,295,0.05000000000,8730,5.28000000000e+002,"(174,36)",174,36,-3.26885e+001,0,0,0.00000000000e+000,0,1.92000000000e-001,1.00000000000e-003,5.18617,,5.186170,0,,174-36,3.28800000000,23.53592268210,10,32.88000000000,yes,Ontario Zone,43.30699796560,-77.56292395230
234,14-Aug-2018 12:11:42,43.30995000000,-77.56676666670,347,0.02000000000,8732,5.87000000000e+002,"(174,38)",174,38,-3.43064e+001,0,0,0.00000000000e+000,0,1.92000000000e-001,1.00000000000e-003,5.162463,,5.162463,0,,174-38,3.44980000000,23.62531776810,10,34.49800000000,yes,Ontario Zone,43.30976424660,-77.56264994850
233,14-Aug-2018 10:35:59,43.31673333330,-77.58206666670,353,0.03000000000,8625,7.22000000000e+002,"(173,42)",173,42,-3.57778e+001,0,0,0.00000000000e+000,0,1.92000000000e-001,1.00000000000e-003,5.289427,,5.289427,0,,173-42,3.59700000000,23.77529673500,10,35.97000000000,yes,Ontario Zone,43.31679061590,-77.58102862200
214,12-Aug-2018 23:22:41,43.32161666670,-77.44003333330,135,0.02000000000,9493,1.82200000000e+003,"(181,53)",181,53,-6.77523e+001,0,0,0.00000000000e+000,0,1.92000000000e-001,1.00000000000e-003,4.973843,,4.973843,0,,181-53,6.79440000000,24.83181792970,10,67.94400000000,yes,,43.32079173390,-77.43534024970
232,14-Aug-2018 08:36:10,43.32428333330,-77.60190000000,355,0.02000000000,8520,8.79000000000e+002,"(172,46)",172,46,-3.66438e+001,0,0,0.00000000000e+000,0,1.92000000000e-001,1.00000000000e-003,5.275115,,5.275115,0,,172-46,3.68360000000,21.76693231790,10,36.83600000000,yes,Ontario Zone,43.32378456700,-77.59883556090
33,30-Jul-2018 00:50:54,43.32466666670,-78.95740000000,46,0.03000000000,2451,4.79400000000e+003,"(78,71)",78,71,-3.51143e+001,0,0,0.00000000000e+000,0,1.92000000000e-001,1.00000000000e-003,7.188813,,7.188813,0,,78-71,3.53060000000,69.98985942860,10,35.30600000000,yes,,43.32667177540,-78.95762718620
34,30-Jul-2018 00:44:15,43.32495000000,-78.95748333330,46,0.03000000000,2451,4.79400000000e+003,"(78,71)",78,71,-3.51143e+001,0,0,0.00000000000e+000,0,1.92000000000e-001,1.00000000000e-003,7.188813,,7.188813,0,,78-71,3.53060000000,69.98985942860,10,35.30600000000,yes,,43.32667177540,-78.95762718620
32,29-Jul-2018 22:51:48,43.32613333330,-78.98046666670,52,0.05000000000,2332,4.97100000000e+003,"(76,72)",76,72,-3.28646e+001,0,0,0.00000000000e+000,0,1.92000000000e-001,1.00000000000e-003,7.236278,,7.236278,0,,76-72,3.30570000000,72.83304652180,10,33.05700000000,yes,,43.32650830720,-78.98566330520
215,13-Aug-2018 00:15:37,43.32631666670,-77.44950000000,18,0.03000000000,9394,2.31300000000e+003,"(180,56)",180,56,-9.05532e+001,0,0,0.00000000000e+000,0,1.92000000000e-001,1.00000000000e-003,4.860592,,4.860592,0,,180-56,9.07450000000,23.91797264830,10,90.74500000000,yes,,43.32691100400,-77.45239325510
27,29-Jul-2018 14:35:22,43.32645000000,-79.08868333330,61,0.04000000000,1928,5.33500000000e+003,"(69,74)",69,74,-4.45547e+001,0,0,0.00000000000e+000,0,1.92000000000e-001,1.00000000000e-003,5.867584,,5.867584,0,,69-74,4.47470000000,136.17384996000,10,44.74700000000,yes,,43.32532907710,-79.08456123790
35,30-Jul-2018 02:53:11,43.32655000000,-78.93430000000,215,0.03000000000,2570,4.61900000000e+003,"(80,70)",80,70,-3.07174e+001,0,0,0.00000000000e+000,0,1.92000000000e-001,1.00000000000e-003,6.303909,,6.303909,0,,80-70,3.09090000000,34.10647441270,10,30.90900000000,yes,,43.32853519870,-78.93062501740
28,29-Jul-2018 14:45:38,43.32821666670,-79.08626666670,66,0.02000000000,1928,5.33500000000e+003,"(69,74)",69,74,-4.45547e+001,0,0,0.00000000000e+000,0,1.92000000000e-001,1.00000000000e-003,5.867584,,5.867584,0,,69-74,4.47470000000,136.17384996000,10,44.74700000000,yes,,43.32532907710,-79.08456123790
31,29-Jul-2018 20:49:29,43.32856666670,-79.00731666670,23,0.06000000000,2274,5.15400000000e+003,"(75,73)",75,73,-4.94813e+001,0,0,0.00000000000e+000,0,1.92000000000e-001,1.00000000000e-003,5.974181,,5.974181,0,,75-73,4.96730000000,139.22608244700,10,49.67300000000,yes,,43.33196876650,-79.00299863260
181,10-Aug-2018 08:25:38,43.32925000000,-77.43841666670,198,0.06000000000,9498,2.65000000000e+003,"(181,58)",181,58,-8.46860e+001,0,0,0.00000000000e+000,0,1.92000000000e-001,1.00000000000e-003,4.938173,,4.938173,0,,181-58,8.48780000000,22.27989083730,10,84.87800000000,yes,,43.32822834800,-77.43463511430
30,29-Jul-2018 18:48:39,43.33041666670,-79.03260000000,21,0.06000000000,2157,5.15200000000e+003,"(73,73)",73,73,-4.42643e+001,0,0,0.00000000000e+000,0,1.92000000000e-001,1.00000000000e-003,6.471956,,6.471956,0,,73-73,4.44560000000,138.36642781200,10,44.45600000000,yes,,43.32628699640,-79.02813591360
213,12-Aug-2018 22:10:34,43.33041666670,-77.44515000000,246,0.03000000000,9397,2.81800000000e+003,"(180,59)",180,59,-1.02035e+002,0,0,0.00000000000e+000,0,1.92000000000e-001,1.00000000000e-003,4.810044,,4.810044,0,,180-59,10.22270000000,21.56136799770,10,102.22700000000,yes,,43.33111319510,-77.45199448060
29,29-Jul-2018 16:51:34,43.33060000000,-79.05843333330,3,0.05000000000,2042,5.33700000000e+003,"(71,74)",71,74,-6.29856e+001,0,0,0.00000000000e+000,0,1.92000000000e-001,1.00000000000e-003,5.446095,,5.446095,0,,71-74,6.31780000000,137.63683320500,10,63.17800000000,yes,,43.33124287390,-79.05943490240
36,30-Jul-2018 04:54:44,43.33061666670,-78.91735000000,252,0.04000000000,2630,4.62000000000e+003,"(81,70)",81,70,-3.46640e+001,0,0,0.00000000000e+000,0,1.92000000000e-001,1.00000000000e-003,6.580234,,6.580234,0,,81-70,3.48560000000,31.70424214290,10,34.85600000000,yes,,43.33138980750,-78.91870424240
182,10-Aug-2018 09:39:06,43.33135000000,-77.42428333330,136,0.02000000000,9600,3.16000000000e+003,"(182,61)",182,61,-7.85667e+001,0,0,0.00000000000e+000,0,1.92000000000e-001,1.00000000000e-003,4.941617,,4.941617,0,,182-61,7.87590000000,22.32527245640,10,78.75900000000,yes,,43.33082237140,-77.41652402350
231,14-Aug-2018 06:36:38,43.33181666670,-77.62091666670,349,0.05000000000,8415,1.32900000000e+003,"(171,50)",171,50,-3.64044e+001,0,0,0.00000000000e+000,0,1.92000000000e-001,1.00000000000e-003,5.29003,,5.290030,0,,171-50,3.65960000000,23.24106563370,10,36.59600000000,yes,,43.33092875100,-77.61536777940
5,27-Jul-2018 21:15:45,43.33351666670,-78.90010000000,165,0.05000000000,2750,4.44600000000e+003,"(83,69)",83,69,-3.49680e+001,0,0,0.00000000000e+000,0,1.92000000000e-001,1.00000000000e-003,5.715465,,5.715465,0,,83-69,3.51600000000,31.37343018270,10,35.16000000000,yes,,43.33415573860,-78.89391861660
3,27-Jul-2018 20:39:39,43.33395000000,-78.89978333330,190,0.06000000000,2750,4.44600000000e+003,"(83,69)",83,69,-3.49680e+001,0,0,0.00000000000e+000,0,1.92000000000e-001,1.00000000000e-003,5.715465,,5.715465,0,,83-69,3.51600000000,31.37343018270,10,35.16000000000,yes,,43.33415573860,-78.89391861660
4,27-Jul-2018 20:39:39,43.33395000000,-78.89978333330,190,0.06000000000,2750,4.44600000000e+003,"(83,69)",83,69,-3.49680e+001,0,0,0.00000000000e+000,0,1.92000000000e-001,1.00000000000e-003,5.715465,,5.715465,0,,83-69,3.51600000000,31.37343018270,10,35.16000000000,yes,,43.33415573860,-78.89391861660
6,27-Jul-2018 21:53:59,43.33408333330,-78.89933333330,138,0.10000000000,2750,4.44600000000e+003,"(83,69)",83,69,-3.49680e+001,0,0,0.00000000000e+000,0,1.92000000000e-001,1.00000000000e-003,5.715465,,5.715465,0,,83-69,3.51600000000,31.37343018270,10,35.16000000000,yes,,43.33415573860,-78.89391861660
183,10-Aug-2018 11:37:28,43.33421666670,-77.39956666670,48,0.01000000000,9701,3.67500000000e+003,"(183,64)",183,64,-8.05111e+001,0,0,0.00000000000e+000,0,1.92000000000e-001,1.00000000000e-003,4.860156,,4.860156,0,,183-64,8.07030000000,22.37065407560,10,80.70300000000,yes,,43.33344993960,-77.39846957320
2,27-Jul-2018 20:23:49,43.33443333330,-78.89953333330,76,0.03000000000,2751,4.62200000000e+003,"(83,70)",83,70,-4.27500e+001,0,0,0.00000000000e+000,0,1.92000000000e-001,1.00000000000e-003,6.795772,,6.795772,0,,83-70,4.29420000000,31.37417002670,10,42.94200000000,yes,,43.33678341440,-78.89555374830
216,13-Aug-2018 02:08:48,43.33478333330,-77.46948333330,349,0.04000000000,9294,3.15700000000e+003,"(179,61)",179,61,-1.10116e+002,0,0,0.00000000000e+000,0,1.92000000000e-001,1.00000000000e-003,4.801904,,4.801904,0,,179-61,11.03080000000,21.51850628320,10,110.30800000000,yes,,43.33530822410,-77.46899451700
7,27-Jul-2018 22:24:42,43.33495000000,-78.89941666670,80,0.06000000000,2751,4.62200000000e+003,"(83,70)",83,70,-4.27500e+001,0,0,0.00000000000e+000,0,1.92000000000e-001,1.00000000000e-003,6.795772,,6.795772,0,,83-70,4.29420000000,31.37417002670,10,42.94200000000,yes,,43.33678341440,-78.89555374830
1,27-Jul-2018 19:42:48,43.33521666670,-78.89970000000,334,0.02000000000,2751,4.62200000000e+003,"(83,70)",83,70,-4.27500e+001,0,0,0.00000000000e+000,0,1.92000000000e-001,1.00000000000e-003,6.795772,,6.795772,0,,83-70,4.29420000000,31.37417002670,10,42.94200000000,yes,,43.33678341440,-78.89555374830
0,27-Jul-2018 19:29:06,43.33555000000,-78.90131666670,94,0.04000000000,2751,4.62200000000e+003,"(83,70)",83,70,-4.27500e+001,0,0,0.00000000000e+000,0,1.92000000000e-001,1.00000000000e-003,6.795772,,6.795772,0,,83-70,4.29420000000,31.37417002670,10,42.94200000000,yes,,43.33678341440,-78.89555374830
37,30-Jul-2018 06:57:03,43.33591666670,-78.89836666670,274,0.07000000000,2751,4.62200000000e+003,"(83,70)",83,70,-4.27500e+001,0,0,0.00000000000e+000,0,1.92000000000e-001,1.00000000000e-003,6.795772,,6.795772,0,,83-70,4.29420000000,31.37417002670,10,42.94200000000,yes,,43.33678341440,-78.89555374830
180,10-Aug-2018 07:34:52,43.33670000000,-77.44170000000,234,0.04000000000,9504,3.67300000000e+003,"(181,64)",181,64,-1.08854e+002,0,0,0.00000000000e+000,0,1.92000000000e-001,1.00000000000e-003,4.899779,,4.899779,0,,181-64,10.90460000000,22.20334967850,10,109.04600000000,yes,,43.33650825170,-77.43384974350
184,10-Aug-2018 13:35:40,43.33730000000,-77.37533333330,5,0.01000000000,9804,4.19600000000e+003,"(184,67)",184,67,-8.76300e+001,0,0,0.00000000000e+000,0,1.92000000000e-001,1.00000000000e-003,4.838534,,4.838534,0,,184-67,8.78220000000,56.01617012480,10,87.82200000000,no,,43.33715933300,-77.38039441050
230,14-Aug-2018 04:13:03,43.33810000000,-77.64053333330,327,0.07000000000,8207,1.97300000000e+003,"(169,54)",169,54,-3.20814e+001,0,0,0.00000000000e+000,0,1.92000000000e-001,1.00000000000e-003,5.345382,,5.345382,0,,169-54,3.22730000000,22.78710006430,10,32.27300000000,yes,,43.33940669940,-77.64908365230
185,10-Aug-2018 15:34:52,43.34015000000,-77.34935000000,21,0.01000000000,9998,4.54900000000e+003,"(186,69)",186,69,-9.42140e+001,0,0,0.00000000000e+000,0,1.92000000000e-001,1.00000000000e-003,4.795055,,4.795055,0,,186-69,9.44060000000,56.88032571360,10,94.40600000000,no,,43.34125756710,-77.34439379070
38,30-Jul-2018 08:55:48,43.34035000000,-78.88023333330,285,0.07000000000,2812,4.62300000000e+003,"(84,70)",84,70,-4.64274e+001,0,0,0.00000000000e+000,0,1.92000000000e-001,1.00000000000e-003,6.878969,,6.878969,0,,84-70,4.66190000000,31.20913396850,10,46.61900000000,yes,,43.33947842560,-78.88397702550
26,29-Jul-2018 12:37:59,43.34085000000,-79.10105000000,114,0.03000000000,1873,5.71900000000e+003,"(68,76)",68,76,-8.33266e+001,0,0,0.00000000000e+000,0,1.92000000000e-001,1.00000000000e-003,5.444892,,5.444892,0,,68-76,8.35190000000,136.93100018900,10,83.51900000000,yes,,43.34328157040,-79.10946556790
186,10-Aug-2018 15:55:03,43.34113333330,-77.35026666670,26,0.01000000000,9998,4.54900000000e+003,"(186,69)",186,69,-9.42140e+001,0,0,0.00000000000e+000,0,1.92000000000e-001,1.00000000000e-003,4.795055,,4.795055,0,,186-69,9.44060000000,56.88032571360,10,94.40600000000,no,,43.34125756710,-77.34439379070
39,30-Jul-2018 10:56:58,43.34440000000,-78.86143333330,288,0.08000000000,2936,4.62500000000e+003,"(86,70)",86,70,-4.66239e+001,0,0,0.00000000000e+000,0,1.92000000000e-001,1.00000000000e-003,6.871758,,6.871758,0,,86-70,4.68160000000,27.27684739610,10,46.81600000000,yes,,43.34420449590,-78.86272420940
229,14-Aug-2018 02:12:57,43.34496666670,-77.65451666670,334,0.09000000000,8211,2.63800000000e+003,"(169,58)",169,58,-3.81429e+001,0,0,0.00000000000e+000,0,1.92000000000e-001,1.00000000000e-003,5.245958,,5.245958,0,,169-58,3.83350000000,20.52941822680,10,38.33500000000,yes,,43.34492514570,-77.64810790900
8,28-Jul-2018 00:34:08,43.34503333330,-78.91863333330,65,0.07000000000,2692,4.97700000000e+003,"(82,72)",82,72,-5.65000e+001,0,0,0.00000000000e+000,0,1.92000000000e-001,1.00000000000e-003,5.425422,,5.425422,0,,82-72,5.66920000000,63.08359107650,10,56.69200000000,yes,,43.34333154330,-78.91288622180
40,30-Jul-2018 12:55:59,43.34691666670,-78.84271666670,280,0.07000000000,3057,4.45100000000e+003,"(88,69)",88,69,-3.91028e+001,0,0,0.00000000000e+000,0,1.92000000000e-001,1.00000000000e-003,6.231915,,6.231915,0,,88-69,3.92950000000,26.69650831730,10,39.29500000000,yes,,43.34606538370,-78.84088001920
217,13-Aug-2018 04:16:32,43.34711666670,-77.49466666670,15,0.05000000000,9091,4.18900000000e+003,"(177,67)",177,67,-9.70239e+001,0,0,0.00000000000e+000,0,1.92000000000e-001,1.00000000000e-003,4.796697,,4.796697,0,,177-67,9.72160000000,53.66114051640,10,97.21600000000,yes,,43.34740400730,-77.50284067950
41,30-Jul-2018 14:56:24,43.35061666670,-78.82570000000,285,0.09000000000,3119,4.62800000000e+003,"(89,70)",89,70,-4.75862e+001,0,0,0.00000000000e+000,0,1.92000000000e-001,1.00000000000e-003,6.212852,,6.212852,0,,89-70,4.77780000000,35.93515656640,10,47.77800000000,yes,,43.35119899180,-78.83002118410
228,14-Aug-2018 00:13:32,43.35083333330,-77.66715000000,348,0.08000000000,8108,3.14600000000e+003,"(168,61)",168,61,-3.87436e+001,0,0,0.00000000000e+000,0,1.92000000000e-001,1.00000000000e-003,5.235997,,5.235997,0,,168-61,3.89360000000,19.68452882080,10,38.93600000000,yes,,43.35012472420,-77.66449061660
212,12-Aug-2018 20:09:47,43.35171666670,-77.44140000000,143,0.03000000000,9408,4.71900000000e+003,"(180,70)",180,70,-1.41223e+002,0,0,0.00000000000e+000,0,1.92000000000e-001,1.00000000000e-003,4.732969,,4.732969,0,,180-70,14.14150000000,54.37132179770,10,141.41500000000,yes,,43.35346152440,-77.44987243600
227,13-Aug-2018 23:04:38,43.35315000000,-77.67546666670,338,0.05000000000,8007,3.48700000000e+003,"(167,63)",167,63,-3.96988e+001,0,0,0.00000000000e+000,0,1.92000000000e-001,1.00000000000e-003,5.293731,,5.293731,0,,167-63,3.98910000000,20.03112293180,10,39.89100000000,yes,,43.35419670800,-77.68063432130
187,10-Aug-2018 18:11:02,43.35348333330,-77.32538333330,16,0.01000000000,10092,5.08200000000e+003,"(187,72)",187,72,-1.28899e+002,0,0,0.00000000000e+000,0,1.92000000000e-001,1.00000000000e-003,4.657127,,4.657127,0,,187-72,12.90910000000,112.43875120500,10,129.09100000000,no,,43.35580219720,-77.32618288980
9,28-Jul-2018 02:39:53,43.35421666670,-78.93696666670,74,0.09000000000,2634,5.34700000000e+003,"(81,74)",81,74,-8.11279e+001,0,0,0.00000000000e+000,0,1.92000000000e-001,1.00000000000e-003,4.991827,,4.991827,0,,81-74,8.13200000000,130.30926018200,10,81.32000000000,yes,,43.35974722560,-78.93531938310
43,30-Jul-2018 18:56:42,43.35465000000,-78.80986666670,294,0.10000000000,3180,4.62900000000e+003,"(90,70)",90,70,-4.83767e+001,0,0,0.00000000000e+000,0,1.92000000000e-001,1.00000000000e-003,6.012867,,6.012867,0,,90-70,4.85690000000,36.30588044390,10,48.56900000000,yes,,43.35393940320,-78.81620767350
42,30-Jul-2018 16:54:54,43.35478333330,-78.80943333330,294,0.10000000000,3180,4.62900000000e+003,"(90,70)",90,70,-4.83767e+001,0,0,0.00000000000e+000,0,1.92000000000e-001,1.00000000000e-003,6.012867,,6.012867,0,,90-70,4.85690000000,36.30588044390,10,48.56900000000,yes,,43.35393940320,-78.81620767350
218,13-Aug-2018 06:17:12,43.35555000000,-77.51800000000,41,0.02000000000,8986,4.53900000000e+003,"(176,69)",176,69,-8.36456e+001,0,0,0.00000000000e+000,0,1.92000000000e-001,1.00000000000e-003,4.763421,,4.763421,0,,176-69,8.38380000000,55.81476399550,10,83.83800000000,yes,,43.35559085190,-77.52007505370
179,10-Aug-2018 05:40:53,43.35725000000,-77.43846666670,183,0.03000000000,9511,4.89700000000e+003,"(181,71)",181,71,-1.59555e+002,0,0,0.00000000000e+000,0,1.92000000000e-001,1.00000000000e-003,4.651954,,4.651954,0,,181-71,15.97470000000,110.05998390900,10,159.74700000000,yes,,43.35720637240,-77.43188517940
226,13-Aug-2018 22:13:19,43.35800000000,-77.67470000000,326,0.06000000000,8010,4.00500000000e+003,"(167,66)",167,66,-4.83875e+001,0,0,0.00000000000e+000,0,1.92000000000e-001,1.00000000000e-003,5.171008,,5.171008,0,,167-66,4.85800000000,20.02691316470,10,48.58000000000,yes,,43.35815023560,-77.67993821110
44,30-Jul-2018 20:58:33,43.35976666670,-78.78728333330,289,0.14000000000,3302,4.63100000000e+003,"(92,70)",92,70,-5.03893e+001,0,0,0.00000000000e+000,0,1.92000000000e-001,1.00000000000e-003,5.973688,,5.973688,0,,92-70,5.05810000000,37.04732819930,10,50.58100000000,yes,,43.35941513400,-78.78857710200
45,30-Jul-2018 20:58:34,43.35976666670,-78.78728333330,289,0.14000000000,3302,4.63100000000e+003,"(92,70)",92,70,-5.03893e+001,0,0,0.00000000000e+000,0,1.92000000000e-001,1.00000000000e-003,5.973688,,5.973688,0,,92-70,5.05810000000,37.04732819930,10,50.58100000000,yes,,43.35941513400,-78.78857710200
188,10-Aug-2018 19:26:24,43.36060000000,-77.31336666670,346,0.01000000000,10185,5.26700000000e+003,"(188,73)",188,73,-1.54754e+002,0,0,0.00000000000e+000,0,1.92000000000e-001,1.00000000000e-003,4.607165,,4.607165,0,,188-73,15.49460000000,225.08976349300,10,154.94600000000,no,,43.36516936270,-77.30832072390
46,30-Jul-2018 22:57:45,43.36146666670,-78.77723333330,291,0.14000000000,3363,4.63200000000e+003,"(93,70)",93,70,-4.80839e+001,0,0,0.00000000000e+000,0,1.92000000000e-001,1.00000000000e-003,5.93237,,5.932370,0,,93-70,4.82760000000,35.67782617940,10,48.27600000000,yes,,43.36198054260,-78.77505095780
10,28-Jul-2018 04:36:27,43.36245000000,-78.95278333330,78,0.10000000000,2575,5.53800000000e+003,"(80,75)",80,75,-8.94317e+001,0,0,0.00000000000e+000,0,1.92000000000e-001,1.00000000000e-003,4.99095,,4.990950,0,,80-75,8.96240000000,136.91716478900,10,89.62400000000,yes,,43.36797137640,-78.95352034540
47,31-Jul-2018 00:56:50,43.36348333330,-78.76958333330,293,0.12000000000,3363,4.63200000000e+003,"(93,70)",93,70,-4.80839e+001,0,0,0.00000000000e+000,0,1.92000000000e-001,1.00000000000e-003,5.93237,,5.932370,0,,93-70,4.82760000000,35.67782617940,10,48.27600000000,yes,,43.36198054260,-78.77505095780
48,31-Jul-2018 02:57:23,43.36366666670,-78.75553333330,284,0.12000000000,3423,4.45700000000e+003,"(94,69)",94,69,-4.01301e+001,0,0,0.00000000000e+000,0,1.92000000000e-001,1.00000000000e-003,6.024657,,6.024657,0,,94-69,4.03220000000,36.18406854770,10,40.32200000000,yes,,43.36154608820,-78.76057591320
50,31-Jul-2018 06:58:24,43.36435000000,-78.73186666670,271,0.11000000000,3541,4.28300000000e+003,"(96,68)",96,68,-3.54257e+001,0,0,0.00000000000e+000,0,1.92000000000e-001,1.00000000000e-003,6.073179,,6.073179,0,,96-68,3.56180000000,37.32644102600,10,35.61800000000,yes,EighteenMile Zone,43.36326339120,-78.73298098880
49,31-Jul-2018 04:55:14,43.36466666670,-78.74130000000,282,0.13000000000,3483,4.45800000000e+003,"(95,69)",95,69,-4.10068e+001,0,0,0.00000000000e+000,0,1.92000000000e-001,1.00000000000e-003,6.027318,,6.027318,0,,95-69,4.11990000000,36.82019865750,10,41.19900000000,yes,,43.36387532600,-78.74738012470
219,13-Aug-2018 08:16:19,43.36528333330,-77.54033333330,24,0.03000000000,8876,4.89100000000e+003,"(175,71)",175,71,-8.72161e+001,0,0,0.00000000000e+000,0,1.92000000000e-001,1.00000000000e-003,4.777386,,4.777386,0,,175-71,8.74080000000,109.76604448200,10,87.40800000000,yes,,43.36537048720,-77.53720391270
51,31-Jul-2018 07:16:41,43.36540000000,-78.73260000000,231,0.07000000000,3542,4.45900000000e+003,"(96,69)",96,69,-4.16779e+001,0,0,0.00000000000e+000,0,1.92000000000e-001,1.00000000000e-003,5.922224,,5.922224,0,,96-69,4.18700000000,37.45632876730,10,41.87000000000,yes,,43.36620301860,-78.73418337470
189,10-Aug-2018 20:13:03,43.36783333330,-77.31538333330,108,0.04000000000,10185,5.26700000000e+003,"(188,73)",188,73,-1.54754e+002,0,0,0.00000000000e+000,0,1.92000000000e-001,1.00000000000e-003,4.607165,,4.607165,0,,188-73,15.49460000000,225.08976349300,10,154.94600000000,no,,43.36516936270,-77.30832072390
11,28-Jul-2018 06:40:04,43.37190000000,-78.96856666670,72,0.12000000000,2516,5.73000000000e+003,"(79,76)",79,76,-9.43697e+001,0,0,0.00000000000e+000,0,1.92000000000e-001,1.00000000000e-003,4.840102,,4.840102,0,,79-76,9.45620000000,137.07972457500,10,94.56200000000,yes,,43.37610184070,-78.97201952510
225,13-Aug-2018 20:13:27,43.37228333330,-77.65995000000,312,0.04000000000,8118,4.88400000000e+003,"(168,71)",168,71,-7.15496e+001,0,0,0.00000000000e+000,0,1.92000000000e-001,1.00000000000e-003,4.928354,,4.928354,0,,168-71,7.17420000000,98.29635108920,10,71.74200000000,yes,,43.37343298580,-77.66040041450
211,12-Aug-2018 18:11:50,43.37275000000,-77.44105000000,155,0.03000000000,9411,5.25900000000e+003,"(180,73)",180,73,-1.61907e+002,0,0,0.00000000000e+000,0,1.92000000000e-001,1.00000000000e-003,4.606318,,4.606318,0,,180-73,16.20990000000,220.18990299100,10,162.09900000000,yes,,43.37586258080,-77.44769601640
220,13-Aug-2018 10:17:14,43.37450000000,-77.56420000000,29,0.03000000000,8655,5.06800000000e+003,"(173,72)",173,72,-1.05947e+002,0,0,0.00000000000e+000,0,1.92000000000e-001,1.00000000000e-003,4.802759,,4.802759,0,,173-72,10.61390000000,107.88806534800,10,106.13900000000,yes,,43.37462901930,-77.57173928640
25,29-Jul-2018 08:43:48,43.37461666670,-79.12701666670,134,0.03000000000,1876,6.32000000000e+003,"(68,79)",68,79,-1.03396e+002,0,0,0.00000000000e+000,0,1.92000000000e-001,1.00000000000e-003,4.846732,,4.846732,0,,68-79,10.35880000000,141.74417148000,10,103.58800000000,yes,,43.37541234160,-79.12816807320
178,10-Aug-2018 03:46:38,43.37748333330,-77.43886666670,164,0.03000000000,9411,5.25900000000e+003,"(180,73)",180,73,-1.61907e+002,0,0,0.00000000000e+000,0,1.92000000000e-001,1.00000000000e-003,4.606318,,4.606318,0,,180-73,16.20990000000,220.18990299100,10,162.09900000000,yes,,43.37586258080,-77.44769601640
12,28-Jul-2018 08:37:29,43.37905000000,-78.98533333330,73,0.09000000000,2456,5.72900000000e+003,"(78,76)",78,76,-9.29081e+001,0,0,0.00000000000e+000,0,1.92000000000e-001,1.00000000000e-003,4.883862,,4.883862,0,,78-76,9.31000000000,137.12751371600,10,93.10000000000,yes,,43.37328799320,-78.98434107390
52,31-Jul-2018 08:58:39,43.37945000000,-78.73823333330,263,0.06000000000,3545,4.99100000000e+003,"(96,72)",96,72,-7.07895e+001,0,0,0.00000000000e+000,0,1.92000000000e-001,1.00000000000e-003,5.10002,,5.100020,0,,96-72,7.09810000000,76.08164720560,10,70.98100000000,yes,,43.37943373250,-78.73959656250
68,01-Aug-2018 15:02:59,43.38353333330,-78.73463333330,208,0.02000000000,3545,4.99100000000e+003,"(96,72)",96,72,-7.07895e+001,0,0,0.00000000000e+000,0,1.92000000000e-001,1.00000000000e-003,5.10002,,5.100020,0,,96-72,7.09810000000,76.08164720560,10,70.98100000000,yes,,43.37943373250,-78.73959656250
13,28-Jul-2018 10:39:03,43.38668333330,-79.00496666670,75,0.07000000000,2397,5.92600000000e+003,"(77,77)",77,77,-9.86372e+001,0,0,0.00000000000e+000,0,1.92000000000e-001,1.00000000000e-003,4.811135,,4.811135,0,,77-77,9.88290000000,138.63865983200,10,98.82900000000,yes,,43.38149743410,-79.00277615710
224,13-Aug-2018 18:17:22,43.38716666670,-77.64645000000,314,0.04000000000,8226,5.24800000000e+003,"(169,73)",169,73,-1.05120e+002,0,0,0.00000000000e+000,0,1.92000000000e-001,1.00000000000e-003,4.796034,,4.796034,0,,169-73,10.53120000000,228.82315130300,10,105.31200000000,yes,,43.38884608500,-77.64037229220
69,01-Aug-2018 17:25:44,43.38903333330,-78.70893333330,316,0.03000000000,3667,5.17700000000e+003,"(98,73)",98,73,-8.53275e+001,0,0,0.00000000000e+000,0,1.92000000000e-001,1.00000000000e-003,4.941265,,4.941265,0,,98-73,8.55190000000,143.03056575400,10,85.51900000000,yes,,43.39327964020,-78.71699579530
190,10-Aug-2018 22:20:43,43.38903333330,-77.32315000000,75,0.06000000000,10095,5.64500000000e+003,"(187,75)",187,75,-1.99769e+002,0,0,0.00000000000e+000,0,1.92000000000e-001,1.00000000000e-003,4.519137,,4.519137,0,,187-75,19.99610000000,221.44598516500,10,199.96100000000,no,,43.39494613210,-77.32424156830
70,01-Aug-2018 19:28:41,43.39175000000,-78.68438333330,322,0.03000000000,3788,4.99500000000e+003,"(100,72)",100,72,-7.40742e+001,0,0,0.00000000000e+000,0,1.92000000000e-001,1.00000000000e-003,5.212022,,5.212022,0,,100-72,7.42660000000,70.68188254190,10,74.26600000000,yes,,43.38991087690,-78.68802140430
128,06-Aug-2018 05:37:21,43.39250000000,-78.17333333330,135,0.04000000000,6001,3.45700000000e+003,"(137,63)",137,63,-3.39872e+001,0,0,0.00000000000e+000,0,1.92000000000e-001,1.00000000000e-003,5.574947,,5.574947,0,,137-63,3.41790000000,19.83521278420,10,34.17900000000,yes,,43.39324584470,-78.17020330910
129,06-Aug-2018 06:00:43,43.39275000000,-78.16931666670,78,0.02000000000,6001,3.45700000000e+003,"(137,63)",137,63,-3.39872e+001,0,0,0.00000000000e+000,0,1.92000000000e-001,1.00000000000e-003,5.574947,,5.574947,0,,137-63,3.41790000000,19.83521278420,10,34.17900000000,yes,,43.39324584470,-78.17020330910
97,03-Aug-2018 18:19:25,43.39285000000,-78.48715000000,109,0.06000000000,4737,3.60800000000e+003,"(116,64)",116,64,-3.38654e+001,0,0,0.00000000000e+000,0,1.92000000000e-001,1.00000000000e-003,5.597024,,5.597024,0,,116-64,3.40570000000,13.18704110670,10,34.05700000000,yes,,43.39273474290,-78.48142431150
134,06-Aug-2018 16:01:06,43.39300000000,-78.03251666670,75,0.04000000000,6484,3.98300000000e+003,"(145,66)",145,66,-3.31154e+001,0,0,0.00000000000e+000,0,1.92000000000e-001,1.00000000000e-003,5.664171,,5.664171,0,,145-66,3.33070000000,19.40400862680,10,33.30700000000,yes,,43.39368051820,-78.03871645590
133,06-Aug-2018 14:00:41,43.39328333330,-78.06005000000,64,0.05000000000,6423,3.80900000000e+003,"(144,65)",144,65,-3.28228e+001,0,0,0.00000000000e+000,0,1.92000000000e-001,1.00000000000e-003,5.822189,,5.822189,0,,144-65,3.30150000000,19.25402645930,10,33.01500000000,yes,,43.39350832760,-78.05510266300
132,06-Aug-2018 11:59:40,43.39353333330,-78.08528333330,56,0.05000000000,6300,3.46200000000e+003,"(142,63)",142,63,-3.22222e+001,0,0,0.00000000000e+000,0,1.92000000000e-001,1.00000000000e-003,5.848114,,5.848114,0,,142-63,3.24140000000,18.33286596150,10,32.41400000000,yes,,43.39350662500,-78.08795343630
135,06-Aug-2018 18:00:22,43.39370000000,-78.00298333330,82,0.06000000000,6605,4.15900000000e+003,"(147,67)",147,67,-3.64270e+001,0,0,0.00000000000e+000,0,1.92000000000e-001,1.00000000000e-003,5.423419,,5.423419,0,,147-67,3.66190000000,48.75764774270,10,36.61900000000,yes,,43.39388910130,-78.00592220830
136,06-Aug-2018 19:01:52,43.39375000000,-77.98806666670,116,0.02000000000,6667,4.16000000000e+003,"(148,67)",148,67,-3.82222e+001,0,0,0.00000000000e+000,0,1.92000000000e-001,1.00000000000e-003,5.431845,,5.431845,0,,148-67,3.84140000000,48.85193315400,10,38.41400000000,yes,,43.39283822540,-77.98959395950
14,28-Jul-2018 12:41:24,43.39383333330,-79.02578333330,73,0.04000000000,2338,6.12500000000e+003,"(76,78)",76,78,-1.02917e+002,0,0,0.00000000000e+000,0,1.92000000000e-001,1.00000000000e-003,4.780396,,4.780396,0,,76-78,10.31090000000,141.49233518900,10,103.10900000000,yes,,43.38966603060,-79.02125659820
110,04-Aug-2018 16:44:00,43.39411666670,-78.17581666670,34,0.03000000000,6002,3.62900000000e+003,"(137,64)",137,64,-3.62099e+001,0,0,0.00000000000e+000,0,1.92000000000e-001,1.00000000000e-003,5.663949,,5.663949,0,,137-64,3.64020000000,19.84225525100,10,36.40200000000,yes,,43.39458399260,-78.17019188040
210,12-Aug-2018 16:12:54,43.39418333330,-77.44076666670,161,0.03000000000,9412,5.44600000000e+003,"(180,74)",180,74,-1.73657e+002,0,0,0.00000000000e+000,0,1.92000000000e-001,1.00000000000e-003,4.619112,,4.619112,0,,180-74,17.38490000000,218.97428630500,10,173.84900000000,yes,,43.38973413800,-77.44627776940
98,03-Aug-2018 19:27:24,43.39441666670,-78.47233333330,90,0.08000000000,4799,3.78200000000e+003,"(117,65)",117,65,-3.44754e+001,0,0,0.00000000000e+000,0,1.92000000000e-001,1.00000000000e-003,5.501698,,5.501698,0,,117-65,3.46670000000,15.38404508380,10,34.66700000000,yes,,43.39439965690,-78.46904169360
130,06-Aug-2018 08:00:56,43.39455000000,-78.14080000000,56,0.05000000000,6119,3.45900000000e+003,"(139,63)",139,63,-3.56081e+001,0,0,0.00000000000e+000,0,1.92000000000e-001,1.00000000000e-003,5.662379,,5.662379,0,,139-63,3.58000000000,18.62344588210,10,35.80000000000,yes,,43.39450924110,-78.13727323850
109,04-Aug-2018 15:58:30,43.39466666670,-78.18440000000,48,0.05000000000,5942,3.62800000000e+003,"(136,64)",136,64,-3.42785e+001,0,0,0.00000000000e+000,0,1.92000000000e-001,1.00000000000e-003,5.544524,,5.544524,0,,136-64,3.44700000000,20.30500571080,10,34.47000000000,yes,,43.39423898280,-78.18666136060
24,29-Jul-2018 06:36:27,43.39468333330,-79.14181666670,118,0.03000000000,1878,6.73800000000e+003,"(68,81)",68,81,-1.09911e+002,0,0,0.00000000000e+000,0,1.92000000000e-001,1.00000000000e-003,4.809837,,4.809837,0,,68-81,11.01030000000,145.53691010000,10,110.10300000000,yes,,43.39703268900,-79.14064146710
131,06-Aug-2018 09:58:55,43.39468333330,-78.11310000000,52,0.06000000000,6179,3.28900000000e+003,"(140,62)",140,62,-3.41892e+001,0,0,0.00000000000e+000,0,1.92000000000e-001,1.00000000000e-003,5.658311,,5.658311,0,,140-62,3.43810000000,18.01051996420,10,34.38100000000,yes,,43.39392118030,-78.12083692650
79,02-Aug-2018 10:43:49,43.39511666670,-78.48788333330,101,0.10000000000,4679,3.95300000000e+003,"(115,66)",115,66,-3.96471e+001,0,0,0.00000000000e+000,0,1.92000000000e-001,1.00000000000e-003,5.585325,,5.585325,0,,115-66,3.98390000000,12.95434171680,10,39.83900000000,yes,,43.39510092480,-78.49327213080
71,01-Aug-2018 21:28:49,43.39518333330,-78.65836666670,343,0.03000000000,3908,4.99700000000e+003,"(102,72)",102,72,-7.56421e+001,0,0,0.00000000000e+000,0,1.92000000000e-001,1.00000000000e-003,4.904707,,4.904707,0,,102-72,7.58340000000,70.61874828620,10,75.83400000000,yes,,43.39495199930,-78.66221186850
221,13-Aug-2018 14:13:20,43.39536666670,-77.60918333330,52,0.04000000000,8439,5.43700000000e+003,"(171,74)",171,74,-1.39052e+002,0,0,0.00000000000e+000,0,1.92000000000e-001,1.00000000000e-003,4.747983,,4.747983,0,,171-74,13.92440000000,222.90842213900,10,139.24400000000,yes,Offshore zone,43.40097964550,-77.60295788970
108,04-Aug-2018 13:55:55,43.39561666670,-78.21178333330,65,0.05000000000,5821,3.79900000000e+003,"(134,65)",134,65,-3.05238e+001,0,0,0.00000000000e+000,0,1.92000000000e-001,1.00000000000e-003,5.558128,,5.558128,0,,134-65,3.07160000000,20.66537546640,10,30.71600000000,yes,,43.39542377290,-78.21971361990
99,03-Aug-2018 21:27:36,43.39700000000,-78.44296666670,90,0.08000000000,4917,3.95700000000e+003,"(119,66)",119,66,-3.66557e+001,0,0,0.00000000000e+000,0,1.92000000000e-001,1.00000000000e-003,5.548975,,5.548975,0,,119-66,3.68480000000,15.15897125790,10,36.84800000000,yes,,43.39700938860,-78.44234395800
107,04-Aug-2018 11:57:55,43.39746666670,-78.23976666670,73,0.06000000000,5763,4.14500000000e+003,"(133,67)",133,67,-3.98221e+001,0,0,0.00000000000e+000,0,1.92000000000e-001,1.00000000000e-003,5.441688,,5.441688,0,,133-67,4.00140000000,52.13304590690,10,40.01400000000,yes,,43.39918142180,-78.23624968940
53,31-Jul-2018 11:02:28,43.39796666670,-78.74311666670,264,0.06000000000,3547,5.36200000000e+003,"(96,74)",96,74,-9.96145e+001,0,0,0.00000000000e+000,0,1.92000000000e-001,1.00000000000e-003,4.729503,,4.729503,0,,96-74,9.98070000000,148.42605275300,10,99.80700000000,yes,,43.39937431540,-78.74773341680
72,01-Aug-2018 23:28:04,43.39850000000,-78.63183333330,3,0.04000000000,4031,4.99900000000e+003,"(104,72)",104,72,-8.29859e+001,0,0,0.00000000000e+000,0,1.92000000000e-001,1.00000000000e-003,4.827335,,4.827335,0,,104-72,8.31780000000,71.10267525500,10,83.17800000000,yes,,43.39991546600,-78.63638529380
106,04-Aug-2018 09:55:34,43.39920000000,-78.26965000000,66,0.05000000000,5643,4.14300000000e+003,"(131,67)",131,67,-3.79064e+001,0,0,0.00000000000e+000,0,1.92000000000e-001,1.00000000000e-003,5.410084,,5.410084,0,,131-67,3.80980000000,51.47994272270,10,38.09800000000,yes,,43.39966594100,-78.26930785710
177,10-Aug-2018 01:38:54,43.39925000000,-77.44138333330,170,0.01000000000,9413,5.63800000000e+003,"(180,75)",180,75,-1.82481e+002,0,0,0.00000000000e+000,0,1.92000000000e-001,1.00000000000e-003,4.625051,,4.625051,0,,180-75,18.26730000000,217.75866962000,10,182.67300000000,yes,,43.40360562750,-77.44485866780
100,03-Aug-2018 23:25:29,43.39938333330,-78.41798333330,67,0.07000000000,5040,4.13300000000e+003,"(121,67)",121,67,-4.02919e+001,0,0,0.00000000000e+000,0,1.92000000000e-001,1.00000000000e-003,5.511225,,5.511225,0,,121-67,4.04840000000,40.82960790000,10,40.48400000000,yes,,43.40026810090,-78.41504135420
96,03-Aug-2018 17:26:35,43.39958333330,-78.48548333330,110,0.05000000000,4741,4.30300000000e+003,"(116,68)",116,68,-4.93750e+001,0,0,0.00000000000e+000,0,1.92000000000e-001,1.00000000000e-003,5.460869,,5.460869,0,,116-68,4.95670000000,33.78152813540,10,49.56700000000,yes,Offshore zone,43.40063225710,-78.48196255780
101,04-Aug-2018 01:26:02,43.39973333330,-78.38840000000,73,0.08000000000,5157,4.13500000000e+003,"(123,67)",123,67,-3.90305e+001,0,0,0.00000000000e+000,0,1.92000000000e-001,1.00000000000e-003,5.493406,,5.493406,0,,123-67,3.92220000000,41.36411626360,10,39.22200000000,yes,Offshore zone,43.40061644760,-78.38594059570
73,02-Aug-2018 01:27:25,43.40063333330,-78.60366666670,35,0.04000000000,4149,4.82200000000e+003,"(106,71)",106,71,-7.33392e+001,0,0,0.00000000000e+000,0,1.92000000000e-001,1.00000000000e-003,5.109678,,5.109678,0,,106-71,7.35310000000,70.67608167560,10,73.53100000000,yes,,43.39869246090,-78.60848961740
80,02-Aug-2018 11:24:20,43.40088333330,-78.48676666670,81,0.11000000000,4741,4.30300000000e+003,"(116,68)",116,68,-4.93750e+001,0,0,0.00000000000e+000,0,1.92000000000e-001,1.00000000000e-003,5.460869,,5.460869,0,,116-68,4.95670000000,33.78152813540,10,49.56700000000,yes,Offshore zone,43.40063225710,-78.48196255780
102,04-Aug-2018 03:49:12,43.40113333330,-78.35505000000,68,0.07000000000,5277,4.13700000000e+003,"(125,67)",125,67,-3.93355e+001,0,0,0.00000000000e+000,0,1.92000000000e-001,1.00000000000e-003,5.462493,,5.462493,0,,125-67,3.95270000000,38.54081132540,10,39.52700000000,yes,Offshore zone,43.40083153160,-78.35742824750
15,28-Jul-2018 14:38:57,43.40126666670,-79.04810000000,61,0.02000000000,2280,6.32700000000e+003,"(75,79)",75,79,-1.06172e+002,0,0,0.00000000000e+000,0,1.92000000000e-001,1.00000000000e-003,4.749619,,4.749619,0,,75-79,10.63640000000,141.56053470100,10,106.36400000000,yes,,43.39769199900,-79.03987892610
137,06-Aug-2018 20:00:56,43.40170000000,-77.98630000000,56,0.05000000000,6670,4.68700000000e+003,"(148,70)",148,70,-6.18571e+001,0,0,0.00000000000e+000,0,1.92000000000e-001,1.00000000000e-003,5.095659,,5.095659,0,,148-70,6.20490000000,49.10502752180,10,62.04900000000,yes,Offshore zone,43.40274861900,-77.98874582170
103,04-Aug-2018 05:49:01,43.40186666670,-78.32615000000,63,0.07000000000,5399,4.13900000000e+003,"(127,67)",127,67,-3.83125e+001,0,0,0.00000000000e+000,0,1.92000000000e-001,1.00000000000e-003,5.472295,,5.472295,0,,127-67,3.85050000000,39.58711119190,10,38.50500000000,yes,Offshore zone,43.40065331100,-78.33071019220
223,13-Aug-2018 16:16:02,43.40188333330,-77.62715000000,38,0.04000000000,8333,5.43600000000e+003,"(170,74)",170,74,-1.28231e+002,0,0,0.00000000000e+000,0,1.92000000000e-001,1.00000000000e-003,4.80182,,4.801820,0,,170-74,12.84230000000,225.23870287300,10,128.42300000000,yes,Offshore zone,43.40207454150,-77.62040345860
104,04-Aug-2018 07:49:00,43.40216666670,-78.29808333330,51,0.06000000000,5522,4.31600000000e+003,"(129,68)",129,68,-4.34802e+001,0,0,0.00000000000e+000,0,1.92000000000e-001,1.00000000000e-003,5.352845,,5.352845,0,,129-68,4.36720000000,50.30863300670,10,43.67200000000,yes,Offshore zone,43.40372221380,-78.30242824360
105,04-Aug-2018 07:53:00,43.40225000000,-78.29788333330,51,0.06000000000,5522,4.31600000000e+003,"(129,68)",129,68,-4.34802e+001,0,0,0.00000000000e+000,0,1.92000000000e-001,1.00000000000e-003,5.352845,,5.352845,0,,129-68,4.36720000000,50.30863300670,10,43.67200000000,yes,Offshore zone,43.40372221380,-78.30242824360
222,13-Aug-2018 15:56:33,43.40293333330,-77.62593333330,49,0.05000000000,8333,5.43600000000e+003,"(170,74)",170,74,-1.28231e+002,0,0,0.00000000000e+000,0,1.92000000000e-001,1.00000000000e-003,4.80182,,4.801820,0,,170-74,12.84230000000,225.23870287300,10,128.42300000000,yes,Offshore zone,43.40207454150,-77.62040345860
67,01-Aug-2018 13:00:59,43.40313333330,-78.74271666670,221,0.04000000000,3547,5.36200000000e+003,"(96,74)",96,74,-9.96145e+001,0,0,0.00000000000e+000,0,1.92000000000e-001,1.00000000000e-003,4.729503,,4.729503,0,,96-74,9.98070000000,148.42605275300,10,99.80700000000,yes,,43.39937431540,-78.74773341680
74,02-Aug-2018 03:25:19,43.40373333330,-78.57598333330,28,0.04000000000,4270,4.82400000000e+003,"(108,71)",108,71,-6.92806e+001,0,0,0.00000000000e+000,0,1.92000000000e-001,1.00000000000e-003,5.08121,,5.081210,0,,108-71,6.94730000000,69.26976129900,10,69.47300000000,yes,Offshore zone,43.40311504350,-78.58229767710
111,04-Aug-2018 17:59:30,43.40545000000,-78.17643333330,17,0.02000000000,6007,4.50000000000e+003,"(137,69)",137,69,-5.08800e+001,0,0,0.00000000000e+000,0,1.92000000000e-001,1.00000000000e-003,5.147571,,5.147571,0,,137-69,5.10720000000,49.75969207630,10,51.07200000000,yes,Offshore zone,43.40629299060,-78.17009178860
78,02-Aug-2018 09:25:04,43.40580000000,-78.49466666670,97,0.08000000000,4683,4.65400000000e+003,"(115,70)",115,70,-5.90519e+001,0,0,0.00000000000e+000,0,1.92000000000e-001,1.00000000000e-003,5.230715,,5.230715,0,,115-70,5.92440000000,33.59046383760,10,59.24400000000,yes,Offshore zone,43.40648614440,-78.49447421960
191,11-Aug-2018 00:15:56,43.40670000000,-77.33255000000,67,0.05000000000,10005,5.83700000000e+003,"(186,76)",186,76,-2.05726e+002,0,0,0.00000000000e+000,0,1.92000000000e-001,1.00000000000e-003,4.535056,,4.535056,0,,186-76,20.59180000000,219.21232291000,10,205.91800000000,no,,43.41030176440,-77.34059353410
75,02-Aug-2018 05:22:45,43.40700000000,-78.54788333330,44,0.06000000000,4446,4.82700000000e+003,"(111,71)",111,71,-7.09847e+001,0,0,0.00000000000e+000,0,1.92000000000e-001,1.00000000000e-003,5.102722,,5.102722,0,,111-71,7.11770000000,65.69538758170,10,71.17700000000,yes,Offshore zone,43.40761042760,-78.54439858930
127,06-Aug-2018 04:02:57,43.40768333330,-78.17436666670,133,0.03000000000,6007,4.50000000000e+003,"(137,69)",137,69,-5.08800e+001,0,0,0.00000000000e+000,0,1.92000000000e-001,1.00000000000e-003,5.147571,,5.147571,0,,137-69,5.10720000000,49.75969207630,10,51.07200000000,yes,Offshore zone,43.40629299060,-78.17009178860
16,28-Jul-2018 16:38:37,43.40948333330,-79.07296666670,234,0.02000000000,2165,6.74300000000e+003,"(73,81)",73,81,-1.15493e+002,0,0,0.00000000000e+000,0,1.92000000000e-001,1.00000000000e-003,4.707705,,4.707705,0,,73-81,11.56850000000,143.78233340000,10,115.68500000000,yes,,43.41363815130,-79.07722504180
76,02-Aug-2018 07:29:34,43.41003333330,-78.51566666670,52,0.06000000000,4564,4.82900000000e+003,"(113,71)",113,71,-7.08108e+001,0,0,0.00000000000e+000,0,1.92000000000e-001,1.00000000000e-003,5.0391,,5.039100,0,,113-71,7.10030000000,64.78881974660,10,71.00300000000,yes,Offshore zone,43.40993470390,-78.51945336620
77,02-Aug-2018 08:41:49,43.41146666670,-78.49926666670,57,0.05000000000,4684,4.83100000000e+003,"(115,71)",115,71,-6.45495e+001,0,0,0.00000000000e+000,0,1.92000000000e-001,1.00000000000e-003,5.023071,,5.023071,0,,115-71,6.47410000000,68.15763811750,10,64.74100000000,yes,Offshore zone,43.41110826060,-78.49496234750
23,29-Jul-2018 04:41:53,43.41241666670,-79.15408333330,117,0.02000000000,1880,7.18000000000e+003,"(68,83)",68,83,-1.19039e+002,0,0,0.00000000000e+000,0,1.92000000000e-001,1.00000000000e-003,4.773479,,4.773479,0,,68-83,11.92310000000,146.59808797300,10,119.23100000000,no,,43.41900762500,-79.15308000030
54,31-Jul-2018 12:59:25,43.41250000000,-78.74823333330,265,0.07000000000,3548,5.55400000000e+003,"(96,75)",96,75,-1.11652e+002,0,0,0.00000000000e+000,0,1.92000000000e-001,1.00000000000e-003,4.694326,,4.694326,0,,96-75,11.18440000000,149.29832021100,10,111.84400000000,yes,Offshore zone,43.41070845180,-78.75234768190
209,12-Aug-2018 14:24:57,43.41323333330,-77.44011666670,168,0.03000000000,9414,5.83100000000e+003,"(180,76)",180,76,-1.81467e+002,0,0,0.00000000000e+000,0,1.92000000000e-001,1.00000000000e-003,4.802465,,4.802465,0,,180-76,18.16590000000,216.54305293500,10,181.65900000000,yes,,43.41747704900,-77.44343871080
176,09-Aug-2018 23:45:17,43.41726666670,-77.44288333330,232,0.01000000000,9414,5.83100000000e+003,"(180,76)",180,76,-1.81467e+002,0,0,0.00000000000e+000,0,1.92000000000e-001,1.00000000000e-003,4.802465,,4.802465,0,,180-76,18.16590000000,216.54305293500,10,181.65900000000,yes,,43.41747704900,-77.44343871080
95,03-Aug-2018 15:30:54,43.41895000000,-78.48980000000,127,0.03000000000,4685,5.01000000000e+003,"(115,72)",115,72,-7.40109e+001,0,0,0.00000000000e+000,0,1.92000000000e-001,1.00000000000e-003,4.854228,,4.854228,0,,115-72,7.42030000000,69.45991870740,10,74.20300000000,yes,Offshore zone,43.41726108210,-78.49561220650
17,28-Jul-2018 18:33:28,43.41956666670,-79.09588333330,297,0.02000000000,2108,6.96000000000e+003,"(72,82)",72,82,-1.17914e+002,0,0,0.00000000000e+000,0,1.92000000000e-001,1.00000000000e-003,4.724033,,4.724033,0,,72-82,11.81060000000,145.73366178900,10,118.10600000000,yes,,43.42155507490,-79.09596225370
81,02-Aug-2018 13:24:39,43.42046666670,-78.49150000000,74,0.07000000000,4685,5.01000000000e+003,"(115,72)",115,72,-7.40109e+001,0,0,0.00000000000e+000,0,1.92000000000e-001,1.00000000000e-003,4.854228,,4.854228,0,,115-72,7.42030000000,69.45991870740,10,74.20300000000,yes,Offshore zone,43.41726108210,-78.49561220650
138,06-Aug-2018 22:04:41,43.42188333330,-77.98878333330,350,0.01000000000,6673,5.22700000000e+003,"(148,73)",148,73,-9.58689e+001,0,0,0.00000000000e+000,0,1.92000000000e-001,1.00000000000e-003,4.827549,,4.827549,0,,148-73,9.60610000000,194.14074173900,10,96.06100000000,yes,Offshore zone,43.42409056950,-77.98701511570
66,01-Aug-2018 11:07:00,43.42273333330,-78.74773333330,196,0.03000000000,3609,5.74800000000e+003,"(97,76)",97,76,-1.21814e+002,0,0,0.00000000000e+000,0,1.92000000000e-001,1.00000000000e-003,4.676664,,4.676664,0,,97-76,12.20060000000,147.72028975900,10,122.00600000000,yes,Offshore zone,43.42478812610,-78.74348986030
112,04-Aug-2018 20:01:20,43.42548333330,-78.17623333330,36,0.02000000000,6011,5.21600000000e+003,"(137,73)",137,73,-7.85026e+001,0,0,0.00000000000e+000,0,1.92000000000e-001,1.00000000000e-003,4.815087,,4.815087,0,,137-73,7.86950000000,190.25164089900,10,78.69500000000,yes,Offshore zone,43.43104700460,-78.16984203890
192,11-Aug-2018 02:20:52,43.42580000000,-77.34405000000,68,0.04000000000,10006,6.03500000000e+003,"(186,77)",186,77,-2.05205e+002,0,0,0.00000000000e+000,0,1.92000000000e-001,1.00000000000e-003,4.605218,,4.605218,0,,186-77,20.53970000000,215.58130510500,10,205.39700000000,no,,43.42440471280,-77.33972130920
126,06-Aug-2018 02:00:20,43.42801666670,-78.17596666670,104,0.02000000000,6011,5.21600000000e+003,"(137,73)",137,73,-7.85026e+001,0,0,0.00000000000e+000,0,1.92000000000e-001,1.00000000000e-003,4.815087,,4.815087,0,,137-73,7.86950000000,190.25164089900,10,78.69500000000,yes,Offshore zone,43.43104700460,-78.16984203890
18,28-Jul-2018 20:35:32,43.42848333330,-79.12231666670,285,0.03000000000,1994,7.18200000000e+003,"(70,83)",70,83,-1.20424e+002,0,0,0.00000000000e+000,0,1.92000000000e-001,1.00000000000e-003,4.767637,,4.767637,0,,70-83,12.06160000000,145.63363864800,10,120.61600000000,yes,,43.42590656830,-79.12755667090
22,29-Jul-2018 02:45:02,43.43043333330,-79.16700000000,137,0.02000000000,1881,7.40800000000e+003,"(68,84)",68,84,-1.23319e+002,0,0,0.00000000000e+000,0,1.92000000000e-001,1.00000000000e-003,4.789005,,4.789005,0,,68-84,12.35110000000,147.12867691000,10,123.51100000000,no,,43.42999461620,-79.15930255860
55,31-Jul-2018 14:57:50,43.43101666670,-78.75158333330,275,0.06000000000,3610,5.94600000000e+003,"(97,77)",97,77,-1.28941e+002,0,0,0.00000000000e+000,0,1.92000000000e-001,1.00000000000e-003,4.627886,,4.627886,0,,97-77,12.91330000000,151.64760361700,10,129.13300000000,yes,Offshore zone,43.43627278760,-78.74794215120
208,12-Aug-2018 10:22:27,43.43653333330,-77.44018333330,188,0.04000000000,9415,6.02900000000e+003,"(180,77)",180,77,-1.89035e+002,0,0,0.00000000000e+000,0,1.92000000000e-001,1.00000000000e-003,4.671301,,4.671301,0,,180-77,18.92270000000,214.49464725400,10,189.22700000000,yes,,43.43131884310,-77.44199532680
19,28-Jul-2018 22:36:48,43.43770000000,-79.14766666670,301,0.02000000000,1938,7.40900000000e+003,"(69,84)",69,84,-1.24038e+002,0,0,0.00000000000e+000,0,1.92000000000e-001,1.00000000000e-003,4.774845,,4.774845,0,,69-84,12.42300000000,145.84401636400,10,124.23000000000,no,,43.43353651550,-79.14649812740
94,03-Aug-2018 13:27:29,43.43980000000,-78.49591666670,172,0.01000000000,4687,5.38100000000e+003,"(115,74)",115,74,-1.22225e+002,0,0,0.00000000000e+000,0,1.92000000000e-001,1.00000000000e-003,4.700363,,4.700363,0,,115-74,12.24170000000,134.14571699000,10,122.41700000000,yes,Offshore zone,43.43745201680,-78.49865127120
175,09-Aug-2018 21:14:27,43.44078333330,-77.44343333330,245,0.02000000000,9416,6.22900000000e+003,"(180,78)",180,78,-1.95108e+002,0,0,0.00000000000e+000,0,1.92000000000e-001,1.00000000000e-003,4.834577,,4.834577,0,,180-78,19.53000000000,213.36939067500,10,195.30000000000,yes,,43.44513004130,-77.44052854120
82,02-Aug-2018 15:26:40,43.44120000000,-78.49826666670,41,0.03000000000,4687,5.38100000000e+003,"(115,74)",115,74,-1.22225e+002,0,0,0.00000000000e+000,0,1.92000000000e-001,1.00000000000e-003,4.700363,,4.700363,0,,115-74,12.24170000000,134.14571699000,10,122.41700000000,yes,Offshore zone,43.43745201680,-78.49865127120
113,04-Aug-2018 21:58:25,43.44238333330,-78.17693333330,30,0.03000000000,6012,5.40300000000e+003,"(137,74)",137,74,-9.70209e+001,0,0,0.00000000000e+000,0,1.92000000000e-001,1.00000000000e-003,4.801629,,4.801629,0,,137-74,9.72130000000,191.01605280500,10,97.21300000000,yes,Offshore zone,43.44374939230,-78.16974648960
139,07-Aug-2018 00:10:51,43.44305000000,-77.98956666670,313,0.03000000000,6674,5.41400000000e+003,"(148,74)",148,74,-1.14997e+002,0,0,0.00000000000e+000,0,1.92000000000e-001,1.00000000000e-003,4.763748,,4.763748,0,,148-74,11.51890000000,194.98319003400,10,115.18900000000,yes,Offshore zone,43.43703462870,-77.98610179200
193,11-Aug-2018 04:20:47,43.44381666670,-77.35600000000,31,0.04000000000,9912,6.23400000000e+003,"(185,78)",185,78,-2.03271e+002,0,0,0.00000000000e+000,0,1.92000000000e-001,1.00000000000e-003,4.566695,,4.566695,0,,185-78,20.34630000000,213.71512068400,10,203.46300000000,no,,43.43945917880,-77.35570422970
65,01-Aug-2018 09:03:59,43.44520000000,-78.75020000000,136,0.05000000000,3611,6.14600000000e+003,"(97,78)",97,78,-1.35338e+002,0,0,0.00000000000e+000,0,1.92000000000e-001,1.00000000000e-003,4.699265,,4.699265,0,,97-78,13.55300000000,152.88005706800,10,135.53000000000,yes,Offshore zone,43.44787613240,-78.75233860030
56,31-Jul-2018 16:55:34,43.44613333330,-78.75443333330,268,0.04000000000,3611,6.14600000000e+003,"(97,78)",97,78,-1.35338e+002,0,0,0.00000000000e+000,0,1.92000000000e-001,1.00000000000e-003,4.699265,,4.699265,0,,97-78,13.55300000000,152.88005706800,10,135.53000000000,yes,Offshore zone,43.44787613240,-78.75233860030
125,06-Aug-2018 00:00:33,43.44638333330,-78.17863333330,98,0.01000000000,5952,5.40200000000e+003,"(136,74)",136,74,-9.65748e+001,0,0,0.00000000000e+000,0,1.92000000000e-001,1.00000000000e-003,4.793274,,4.793274,0,,136-74,9.67670000000,190.37302015600,10,96.76700000000,yes,Offshore zone,43.44395355970,-78.18644601950
21,29-Jul-2018 01:06:52,43.44676666670,-79.17525000000,71,0.04000000000,1883,7.87000000000e+003,"(68,86)",68,86,-1.29546e+002,0,0,0.00000000000e+000,0,1.92000000000e-001,1.00000000000e-003,4.764132,,4.764132,0,,68-86,12.97380000000,150.61350854900,10,129.73800000000,no,,43.45229941000,-79.17169852380
20,29-Jul-2018 00:37:18,43.44700000000,-79.17326666670,316,0.02000000000,1883,7.87000000000e+003,"(68,86)",68,86,-1.29546e+002,0,0,0.00000000000e+000,0,1.92000000000e-001,1.00000000000e-003,4.764132,,4.764132,0,,68-86,12.97380000000,150.61350854900,10,129.73800000000,no,,43.45229941000,-79.17169852380
174,09-Aug-2018 19:34:52,43.45658333330,-77.44101666670,199,0.03000000000,9417,6.43200000000e+003,"(180,79)",180,79,-1.94125e+002,0,0,0.00000000000e+000,0,1.92000000000e-001,1.00000000000e-003,4.673353,,4.673353,0,,180-79,19.43170000000,212.24413409600,10,194.31700000000,yes,,43.45894117000,-77.43906088200
207,12-Aug-2018 10:22:27,43.45786666670,-77.44018333330,199,0.03000000000,9417,6.43200000000e+003,"(180,79)",180,79,-1.94125e+002,0,0,0.00000000000e+000,0,1.92000000000e-001,1.00000000000e-003,4.673353,,4.673353,0,,180-79,19.43170000000,212.24413409600,10,194.31700000000,yes,,43.45894117000,-77.43906088200
93,03-Aug-2018 11:34:25,43.45843333330,-78.49855000000,121,0.02000000000,4689,5.76600000000e+003,"(115,76)",115,76,-1.43952e+002,0,0,0.00000000000e+000,0,1.92000000000e-001,1.00000000000e-003,4.690315,,4.690315,0,,115-76,14.41440000000,139.13555781100,10,144.14400000000,yes,Offshore zone,43.46026150840,-78.50224068030
114,04-Aug-2018 23:59:12,43.46116666670,-78.17725000000,23,0.02000000000,6013,5.59500000000e+003,"(137,75)",137,75,-1.16195e+002,0,0,0.00000000000e+000,0,1.92000000000e-001,1.00000000000e-003,4.722313,,4.722313,0,,137-75,11.63870000000,191.78046471000,10,116.38700000000,yes,Offshore zone,43.45645175400,-78.16965076160
140,07-Aug-2018 02:08:09,43.46278333330,-77.98620000000,12,0.01000000000,6676,5.79900000000e+003,"(148,76)",148,76,-1.35368e+002,0,0,0.00000000000e+000,0,1.92000000000e-001,1.00000000000e-003,4.769969,,4.769969,0,,148-76,13.55600000000,196.66808662400,10,135.56000000000,yes,Offshore zone,43.46292261490,-77.98427351570
194,11-Aug-2018 06:16:04,43.46291666670,-77.36693333330,37,0.04000000000,9817,6.64300000000e+003,"(184,80)",184,80,-2.02011e+002,0,0,0.00000000000e+000,0,1.92000000000e-001,1.00000000000e-003,4.746883,,4.746883,0,,184-80,20.22030000000,211.82612146300,10,202.20300000000,no,,43.46844635860,-77.37042050130
83,02-Aug-2018 17:36:26,43.46358333330,-78.50190000000,339,0.01000000000,4689,5.76600000000e+003,"(115,76)",115,76,-1.43952e+002,0,0,0.00000000000e+000,0,1.92000000000e-001,1.00000000000e-003,4.690315,,4.690315,0,,115-76,14.41440000000,139.13555781100,10,144.14400000000,yes,Offshore zone,43.46026150840,-78.50224068030
57,31-Jul-2018 18:58:04,43.46363333330,-78.75810000000,263,0.03000000000,3612,6.34900000000e+003,"(97,79)",97,79,-1.41000e+002,0,0,0.00000000000e+000,0,1.92000000000e-001,1.00000000000e-003,4.681736,,4.681736,0,,97-79,14.11920000000,154.11251052000,10,141.19200000000,yes,Offshore zone,43.45947932420,-78.75673664740
124,05-Aug-2018 22:00:15,43.46563333330,-78.17878333330,106,0.03000000000,5954,5.78700000000e+003,"(136,76)",136,76,-1.38286e+002,0,0,0.00000000000e+000,0,1.92000000000e-001,1.00000000000e-003,4.736192,,4.736192,0,,136-76,13.84780000000,191.75115033000,10,138.47800000000,yes,Offshore zone,43.46930324530,-78.18638896110
64,01-Aug-2018 07:02:15,43.46770000000,-78.75413333330,127,0.07000000000,3613,6.55600000000e+003,"(97,80)",97,80,-1.42727e+002,0,0,0.00000000000e+000,0,1.92000000000e-001,1.00000000000e-003,4.75875,,4.758750,0,,97-80,14.29190000000,155.34496397200,10,142.91900000000,yes,Offshore zone,43.47108236250,-78.76113629400
92,03-Aug-2018 09:34:45,43.47873333330,-78.50123333330,106,0.03000000000,4691,6.16400000000e+003,"(115,78)",115,78,-1.65239e+002,0,0,0.00000000000e+000,0,1.92000000000e-001,1.00000000000e-003,4.698286,,4.698286,0,,115-78,16.54310000000,147.93933370200,10,165.43100000000,yes,Offshore zone,43.48365191600,-78.50623416420
173,09-Aug-2018 17:27:32,43.47955000000,-77.44135000000,206,0.03000000000,9418,6.63900000000e+003,"(180,80)",180,80,-1.87735e+002,0,0,0.00000000000e+000,0,1.92000000000e-001,1.00000000000e-003,4.689345,,4.689345,0,,180-80,18.79270000000,211.11887751800,10,187.92700000000,yes,,43.47275222930,-77.43759234830
206,12-Aug-2018 08:14:54,43.48133333330,-77.44056666670,202,0.03000000000,9419,6.85000000000e+003,"(180,81)",180,81,-1.81138e+002,0,0,0.00000000000e+000,0,1.92000000000e-001,1.00000000000e-003,4.693708,,4.693708,0,,180-81,18.13300000000,208.70548824000,10,181.33000000000,yes,,43.48651662100,-77.43608506080
58,31-Jul-2018 20:57:44,43.48141666670,-78.76326666670,268,0.04000000000,3614,6.76700000000e+003,"(97,81)",97,81,-1.45679e+002,0,0,0.00000000000e+000,0,1.92000000000e-001,1.00000000000e-003,4.745184,,4.745184,0,,97-81,14.58710000000,159.98554290000,10,145.87100000000,yes,Offshore zone,43.48282496130,-78.76552184290
141,07-Aug-2018 04:03:12,43.48266666670,-77.98535000000,40,0.02000000000,6677,5.99700000000e+003,"(148,77)",148,77,-1.47463e+002,0,0,0.00000000000e+000,0,1.92000000000e-001,1.00000000000e-003,4.668478,,4.668478,0,,148-77,14.76550000000,203.09855073100,10,147.65500000000,yes,Offshore zone,43.47604805040,-77.98333108500
84,02-Aug-2018 19:32:54,43.48383333330,-78.50313333330,40,0.01000000000,4691,6.16400000000e+003,"(115,78)",115,78,-1.65239e+002,0,0,0.00000000000e+000,0,1.92000000000e-001,1.00000000000e-003,4.698286,,4.698286,0,,115-78,16.54310000000,147.93933370200,10,165.43100000000,yes,Offshore zone,43.48365191600,-78.50623416420
115,05-Aug-2018 02:09:15,43.48418333330,-78.17741666670,32,0.01000000000,6015,5.98600000000e+003,"(137,77)",137,77,-1.53841e+002,0,0,0.00000000000e+000,0,1.92000000000e-001,1.00000000000e-003,4.650456,,4.650456,0,,137-77,15.40330000000,196.50235616100,10,154.03300000000,yes,Offshore zone,43.48196075060,-78.16947199110
195,11-Aug-2018 08:20:46,43.48418333330,-77.37836666670,47,0.06000000000,9718,6.85300000000e+003,"(183,81)",183,81,-1.92850e+002,0,0,0.00000000000e+000,0,1.92000000000e-001,1.00000000000e-003,4.709641,,4.709641,0,,183-81,19.30420000000,208.52236315400,10,193.04200000000,yes,,43.48337332430,-77.38595860200
123,05-Aug-2018 20:05:00,43.48421666670,-78.17905000000,109,0.03000000000,5955,5.98500000000e+003,"(136,77)",136,77,-1.54972e+002,0,0,0.00000000000e+000,0,1.92000000000e-001,1.00000000000e-003,4.628633,,4.628633,0,,136-77,15.51640000000,195.35380409500,10,155.16400000000,yes,Offshore zone,43.48207377840,-78.18637669400
63,01-Aug-2018 05:02:38,43.48463333330,-78.76148333330,115,0.06000000000,3614,6.76700000000e+003,"(97,81)",97,81,-1.45679e+002,0,0,0.00000000000e+000,0,1.92000000000e-001,1.00000000000e-003,4.745184,,4.745184,0,,97-81,14.58710000000,159.98554290000,10,145.87100000000,yes,Offshore zone,43.48282496130,-78.76552184290
172,09-Aug-2018 15:49:27,43.49756666670,-77.43938333330,161,0.04000000000,9420,7.06800000000e+003,"(180,82)",180,82,-1.78633e+002,0,0,0.00000000000e+000,0,1.92000000000e-001,1.00000000000e-003,4.683865,,4.683865,0,,180-82,17.88250000000,207.71635192700,10,178.82500000000,yes,,43.50023292520,-77.43454008980
91,03-Aug-2018 07:39:14,43.49833333330,-78.50393333330,100,0.03000000000,4692,6.36700000000e+003,"(115,79)",115,79,-1.69821e+002,0,0,0.00000000000e+000,0,1.92000000000e-001,1.00000000000e-003,4.640319,,4.640319,0,,115-79,17.00130000000,149.64031500600,10,170.01300000000,yes,Offshore zone,43.49544759300,-78.50829794920
59,31-Jul-2018 22:57:41,43.50071666670,-78.76718333330,272,0.03000000000,3615,6.98500000000e+003,"(97,82)",97,82,-1.48854e+002,0,0,0.00000000000e+000,0,1.92000000000e-001,1.00000000000e-003,4.796551,,4.796551,0,,97-82,14.90460000000,161.17844739100,10,149.04600000000,yes,Offshore zone,43.49470718490,-78.76989559980
171,09-Aug-2018 14:30:51,43.50105000000,-77.43991666670,132,0.02000000000,9420,7.06800000000e+003,"(180,82)",180,82,-1.78633e+002,0,0,0.00000000000e+000,0,1.92000000000e-001,1.00000000000e-003,4.683865,,4.683865,0,,180-82,17.88250000000,207.71635192700,10,178.82500000000,yes,,43.50023292520,-77.43454008980
122,05-Aug-2018 18:13:45,43.50263333330,-78.17996666670,112,0.02000000000,5957,6.38800000000e+003,"(136,79)",136,79,-1.72327e+002,0,0,0.00000000000e+000,0,1.92000000000e-001,1.00000000000e-003,4.661931,,4.661931,0,,136-79,17.25190000000,196.81160147100,10,172.51900000000,yes,Offshore zone,43.50780533280,-78.18638985780
170,09-Aug-2018 13:07:06,43.50296666670,-77.45713333330,118,0.03000000000,9315,7.06700000000e+003,"(179,82)",179,82,-1.73490e+002,0,0,0.00000000000e+000,0,1.92000000000e-001,1.00000000000e-003,4.707742,,4.707742,0,,179-82,17.36820000000,207.30480272500,10,173.68200000000,yes,,43.50131642450,-77.45125076810
196,11-Aug-2018 10:16:27,43.50383333330,-77.38926666670,41,0.06000000000,9719,7.07100000000e+003,"(183,82)",183,82,-1.88780e+002,0,0,0.00000000000e+000,0,1.92000000000e-001,1.00000000000e-003,4.629632,,4.629632,0,,183-82,18.89720000000,207.36989018200,10,188.97200000000,yes,,43.49717273070,-77.38466635350
142,07-Aug-2018 06:10:32,43.50431666670,-77.98528333330,17,0.01000000000,6679,6.40000000000e+003,"(148,79)",148,79,-1.67745e+002,0,0,0.00000000000e+000,0,1.92000000000e-001,1.00000000000e-003,4.635896,,4.635896,0,,148-79,16.79370000000,205.00635294300,10,167.93700000000,yes,Offshore zone,43.50265934670,-77.98139045750
62,01-Aug-2018 03:01:46,43.50520000000,-78.76933333330,97,0.03000000000,3616,7.20900000000e+003,"(97,83)",97,83,-1.49283e+002,0,0,0.00000000000e+000,0,1.92000000000e-001,1.00000000000e-003,4.72203,,4.722030,0,,97-83,14.94750000000,162.37135188100,10,149.47500000000,yes,Offshore zone,43.50658925610,-78.77427098510
116,05-Aug-2018 04:08:58,43.50531666670,-78.17691666670,38,0.01000000000,6017,6.38900000000e+003,"(137,79)",137,79,-1.70839e+002,0,0,0.00000000000e+000,0,1.92000000000e-001,1.00000000000e-003,4.644062,,4.644062,0,,137-79,17.10310000000,198.20802375500,10,171.03100000000,yes,Offshore zone,43.50778085200,-78.16934124520
85,02-Aug-2018 21:38:43,43.50596666670,-78.50511666670,44,0.03000000000,4693,6.57400000000e+003,"(115,80)",115,80,-1.70855e+002,0,0,0.00000000000e+000,0,1.92000000000e-001,1.00000000000e-003,4.731972,,4.731972,0,,115-80,17.10470000000,151.34129630800,10,171.04700000000,yes,Offshore zone,43.50724323300,-78.51036243560
169,09-Aug-2018 11:07:24,43.51158333330,-77.48425000000,82,0.04000000000,9107,7.28900000000e+003,"(177,83)",177,83,-1.67565e+002,0,0,0.00000000000e+000,0,1.92000000000e-001,1.00000000000e-003,4.789906,,4.789906,0,,177-83,16.77570000000,205.49256800800,10,167.75700000000,yes,,43.51709650180,-77.48291003950
168,09-Aug-2018 09:03:02,43.51868333330,-77.51365000000,69,0.03000000000,8888,7.28700000000e+003,"(175,83)",175,83,-1.69904e+002,0,0,0.00000000000e+000,0,1.92000000000e-001,1.00000000000e-003,4.815881,,4.815881,0,,175-83,17.00960000000,205.34613086800,10,170.09600000000,yes,,43.51929667990,-77.51629335550
61,01-Aug-2018 01:31:59,43.51986666670,-78.77328333330,111,0.04000000000,3617,7.43700000000e+003,"(97,84)",97,84,-1.48887e+002,0,0,0.00000000000e+000,0,1.92000000000e-001,1.00000000000e-003,4.815742,,4.815742,0,,97-84,14.90790000000,163.56425637100,10,149.07900000000,yes,Offshore zone,43.51847117470,-78.77864800030
90,03-Aug-2018 05:33:49,43.51998333330,-78.50703333330,104,0.04000000000,4694,6.78500000000e+003,"(115,81)",115,81,-1.68111e+002,0,0,0.00000000000e+000,0,1.92000000000e-001,1.00000000000e-003,4.664577,,4.664577,0,,115-81,16.83030000000,157.84245896100,10,168.30300000000,yes,Offshore zone,43.51922325970,-78.51252070850
60,01-Aug-2018 00:57:19,43.52013333330,-78.77015000000,112,0.02000000000,3678,7.43800000000e+003,"(98,84)",98,84,-1.51461e+002,0,0,0.00000000000e+000,0,1.92000000000e-001,1.00000000000e-003,4.822515,,4.822515,0,,98-84,15.16530000000,163.62077840700,10,151.65300000000,yes,Offshore zone,43.52126450920,-78.76435221690
205,12-Aug-2018 04:18:58,43.52221666670,-77.44041666670,349,0.00000000000,9422,7.52000000000e+003,"(180,84)",180,84,-1.75559e+002,0,0,0.00000000000e+000,0,1.92000000000e-001,1.00000000000e-003,4.691375,,4.691375,0,,180-84,17.57510000000,205.73807930000,10,175.75100000000,yes,,43.52766531720,-77.43144743750
121,05-Aug-2018 16:06:29,43.52418333330,-78.18058333330,121,0.03000000000,5958,6.59500000000e+003,"(136,80)",136,80,-1.75437e+002,0,0,0.00000000000e+000,0,1.92000000000e-001,1.00000000000e-003,4.638659,,4.638659,0,,136-80,17.56290000000,197.54050015900,10,175.62900000000,yes,Offshore zone,43.52067107170,-78.18639623180
143,07-Aug-2018 08:15:12,43.52538333330,-77.98491666670,290,0.01000000000,6681,6.81800000000e+003,"(148,81)",148,81,-1.73921e+002,0,0,0.00000000000e+000,0,1.92000000000e-001,1.00000000000e-003,4.602432,,4.602432,0,,148-81,17.41130000000,212.58232874200,10,174.11300000000,yes,,43.52945065310,-77.97941840940
86,02-Aug-2018 23:33:07,43.52573333330,-78.50813333330,59,0.03000000000,4694,6.78500000000e+003,"(115,81)",115,81,-1.68111e+002,0,0,0.00000000000e+000,0,1.92000000000e-001,1.00000000000e-003,4.664577,,4.664577,0,,115-81,16.83030000000,157.84245896100,10,168.30300000000,yes,Offshore zone,43.51922325970,-78.51252070850
117,05-Aug-2018 06:10:01,43.52640000000,-78.17698333330,54,0.01000000000,6018,6.59600000000e+003,"(137,80)",137,80,-1.74878e+002,0,0,0.00000000000e+000,0,1.92000000000e-001,1.00000000000e-003,4.61307,,4.613070,0,,137-80,17.50700000000,199.06085755200,10,175.07000000000,yes,Offshore zone,43.52069086310,-78.16927561550
167,09-Aug-2018 06:59:07,43.52658333330,-77.54086666670,52,0.05000000000,8666,7.28500000000e+003,"(173,83)",173,83,-1.71028e+002,0,0,0.00000000000e+000,0,1.92000000000e-001,1.00000000000e-003,4.8829,,4.882900,0,,173-83,17.12200000000,204.13287510100,10,171.22000000000,yes,,43.52152424700,-77.54971577210
166,09-Aug-2018 04:58:31,43.53345000000,-77.56700000000,37,0.04000000000,8558,7.51200000000e+003,"(172,84)",172,84,-1.75769e+002,0,0,0.00000000000e+000,0,1.92000000000e-001,1.00000000000e-003,4.920106,,4.920106,0,,172-84,17.59610000000,202.63418625000,10,175.96100000000,yes,,43.53609345960,-77.56435329880
165,09-Aug-2018 03:10:08,43.53916666670,-77.58838333330,25,0.04000000000,8449,7.51100000000e+003,"(171,84)",171,84,-1.76574e+002,0,0,0.00000000000e+000,0,1.92000000000e-001,1.00000000000e-003,4.652179,,4.652179,0,,171-84,17.67660000000,201.52474345700,10,176.76600000000,yes,,43.53726388510,-77.58100752510
89,03-Aug-2018 03:39:24,43.53938333330,-78.51043333330,117,0.04000000000,4696,7.22700000000e+003,"(115,83)",115,83,-1.72395e+002,0,0,0.00000000000e+000,0,1.92000000000e-001,1.00000000000e-003,4.735156,,4.735156,0,,115-83,17.25870000000,160.73487697900,10,172.58700000000,yes,,43.54355898460,-78.51702176880
197,11-Aug-2018 14:13:21,43.54186666670,-77.40901666670,76,0.04000000000,9525,7.75200000000e+003,"(181,85)",181,85,-1.76243e+002,0,0,0.00000000000e+000,0,1.92000000000e-001,1.00000000000e-003,4.696141,,4.696141,0,,181-85,17.64350000000,202.27839527100,10,176.43500000000,yes,,43.54038573410,-77.41341264560
204,12-Aug-2018 02:20:06,43.54203333330,-77.44001666670,320,0.01000000000,9318,7.75000000000e+003,"(179,85)",179,85,-1.72327e+002,0,0,0.00000000000e+000,0,1.92000000000e-001,1.00000000000e-003,4.721308,,4.721308,0,,179-85,17.25190000000,203.51776004700,10,172.51900000000,yes,,43.54233614340,-77.44633354650
144,07-Aug-2018 10:08:40,43.54380000000,-77.98563333330,279,0.03000000000,6682,7.03600000000e+003,"(148,82)",148,82,-1.71795e+002,0,0,0.00000000000e+000,0,1.92000000000e-001,1.00000000000e-003,4.817744,,4.817744,0,,148-82,17.19870000000,213.70003718500,10,171.98700000000,yes,,43.54311472610,-77.97838755000
87,03-Aug-2018 01:24:30,43.54420000000,-78.51133333330,59,0.02000000000,4696,7.22700000000e+003,"(115,83)",115,83,-1.72395e+002,0,0,0.00000000000e+000,0,1.92000000000e-001,1.00000000000e-003,4.735156,,4.735156,0,,115-83,17.25870000000,160.73487697900,10,172.58700000000,yes,,43.54355898460,-78.51702176880
150,07-Aug-2018 20:15:57,43.54595000000,-77.97765000000,206,0.01000000000,6682,7.03600000000e+003,"(148,82)",148,82,-1.71795e+002,0,0,0.00000000000e+000,0,1.92000000000e-001,1.00000000000e-003,4.817744,,4.817744,0,,148-82,17.19870000000,213.70003718500,10,171.98700000000,yes,,43.54311472610,-77.97838755000
164,09-Aug-2018 01:01:51,43.54645000000,-77.61436666670,25,0.03000000000,8238,7.74000000000e+003,"(169,85)",169,85,-1.75184e+002,0,0,0.00000000000e+000,0,1.92000000000e-001,1.00000000000e-003,4.718133,,4.718133,0,,169-85,17.53760000000,196.48499673000,10,175.37600000000,yes,,43.55268503310,-77.61215302890
118,05-Aug-2018 08:11:10,43.54708333330,-78.17671666670,77,0.03000000000,6020,7.02500000000e+003,"(137,82)",137,82,-1.84846e+002,0,0,0.00000000000e+000,0,1.92000000000e-001,1.00000000000e-003,4.679145,,4.679145,0,,137-82,18.50380000000,204.45434781700,10,185.03800000000,yes,,43.54684830820,-78.16924888050
88,03-Aug-2018 02:33:56,43.55000000000,-78.51325000000,94,0.02000000000,4696,7.22700000000e+003,"(115,83)",115,83,-1.72395e+002,0,0,0.00000000000e+000,0,1.92000000000e-001,1.00000000000e-003,4.735156,,4.735156,0,,115-83,17.25870000000,160.73487697900,10,172.58700000000,yes,,43.54355898460,-78.51702176880
151,07-Aug-2018 22:26:53,43.55025000000,-77.95093333330,324,0.02000000000,6801,7.26200000000e+003,"(150,83)",150,83,-1.66863e+002,0,0,0.00000000000e+000,0,1.92000000000e-001,1.00000000000e-003,4.641022,,4.641022,0,,150-83,16.70550000000,214.91921857600,10,167.05500000000,yes,,43.55476991440,-77.94258550280
152,08-Aug-2018 00:38:36,43.55283333330,-77.92531666670,330,0.02000000000,6864,7.26300000000e+003,"(151,83)",151,83,-1.69210e+002,0,0,0.00000000000e+000,0,1.92000000000e-001,1.00000000000e-003,4.811729,,4.811729,0,,151-83,16.94020000000,215.22082067700,10,169.40200000000,yes,,43.55366198280,-77.92522096440
163,08-Aug-2018 23:07:33,43.55368333330,-77.63733333330,34,0.03000000000,8132,7.73900000000e+003,"(168,85)",168,85,-1.74672e+002,0,0,0.00000000000e+000,0,1.92000000000e-001,1.00000000000e-003,4.693554,,4.693554,0,,168-85,17.48640000000,204.22361673000,10,174.86400000000,yes,,43.55395030330,-77.62909659220
153,08-Aug-2018 02:40:58,43.55483333330,-77.89845000000,328,0.02000000000,6993,7.26500000000e+003,"(153,83)",153,83,-1.69763e+002,0,0,0.00000000000e+000,0,1.92000000000e-001,1.00000000000e-003,4.729585,,4.729585,0,,153-83,16.99550000000,214.61867073200,10,169.95500000000,yes,,43.55127189920,-77.89055666700
154,08-Aug-2018 04:38:41,43.55706666670,-77.87180000000,352,0.01000000000,7059,7.49400000000e+003,"(154,84)",154,84,-1.70923e+002,0,0,0.00000000000e+000,0,1.92000000000e-001,1.00000000000e-003,4.655532,,4.655532,0,,154-84,17.11150000000,215.53521049200,10,171.11500000000,yes,,43.56354878300,-77.87175868850
155,08-Aug-2018 06:39:18,43.55891666670,-77.84426666670,27,0.00000000000,7191,7.49600000000e+003,"(156,84)",156,84,-1.66802e+002,0,0,0.00000000000e+000,0,1.92000000000e-001,1.00000000000e-003,4.676834,,4.676834,0,,156-84,16.69940000000,215.55714790200,10,166.99400000000,yes,,43.56063493060,-77.83712569410
162,08-Aug-2018 21:03:36,43.56056666670,-77.66398333330,21,0.03000000000,7927,7.73700000000e+003,"(166,85)",166,85,-1.74176e+002,0,0,0.00000000000e+000,0,1.92000000000e-001,1.00000000000e-003,4.734284,,4.734284,0,,166-85,17.43680000000,206.94921482300,10,174.36800000000,yes,,43.55683316060,-77.66355214330
198,11-Aug-2018 16:13:34,43.56068333330,-77.41988333330,62,0.02000000000,9424,7.98200000000e+003,"(180,86)",180,86,-1.74349e+002,0,0,0.00000000000e+000,0,1.92000000000e-001,1.00000000000e-003,4.727843,,4.727843,0,,180-86,17.45410000000,203.05592514200,10,174.54100000000,yes,,43.55499249570,-77.42815783250
203,12-Aug-2018 00:20:07,43.56175000000,-77.44010000000,269,0.01000000000,9319,7.98100000000e+003,"(179,86)",179,86,-1.72207e+002,0,0,0.00000000000e+000,0,1.92000000000e-001,1.00000000000e-003,4.707932,,4.707932,0,,179-86,17.23990000000,202.68044524300,10,172.39900000000,yes,,43.55595281500,-77.44459492690
156,08-Aug-2018 08:37:44,43.56220000000,-77.81741666670,18,0.02000000000,7256,7.49700000000e+003,"(157,84)",157,84,-1.69699e+002,0,0,0.00000000000e+000,0,1.92000000000e-001,1.00000000000e-003,4.85282,,4.852820,0,,157-84,16.98910000000,214.00532388600,10,169.89100000000,yes,,43.55904902880,-77.81988470610
120,05-Aug-2018 12:10:05,43.56275000000,-78.18073333330,112,0.02000000000,5961,7.24800000000e+003,"(136,83)",136,83,-1.88432e+002,0,0,0.00000000000e+000,0,1.92000000000e-001,1.00000000000e-003,4.736198,,4.736198,0,,136-83,18.86240000000,202.93347311100,10,188.62400000000,yes,,43.55974384460,-78.18661329020
157,08-Aug-2018 10:38:32,43.56365000000,-77.78988333330,29,0.01000000000,7391,7.73000000000e+003,"(159,85)",159,85,-1.50993e+002,0,0,0.00000000000e+000,0,1.92000000000e-001,1.00000000000e-003,4.648478,,4.648478,0,,159-85,15.11850000000,216.93978190200,10,151.18500000000,yes,,43.56934407420,-77.78358239260
158,08-Aug-2018 12:34:56,43.56448333330,-77.76608333330,225,0.01000000000,7459,7.73100000000e+003,"(160,85)",160,85,-1.52365e+002,0,0,0.00000000000e+000,0,1.92000000000e-001,1.00000000000e-003,4.821017,,4.821017,0,,160-85,15.25570000000,216.05124088700,10,152.55700000000,yes,,43.56757972950,-77.76635774360
145,07-Aug-2018 12:16:11,43.56486666670,-77.98385000000,279,0.02000000000,6684,7.48800000000e+003,"(148,84)",148,84,-1.79509e+002,0,0,0.00000000000e+000,0,1.92000000000e-001,1.00000000000e-003,4.728962,,4.728962,0,,148-84,17.97010000000,215.93545407100,10,179.70100000000,yes,,43.57044271920,-77.97632391920
161,08-Aug-2018 18:54:28,43.56560000000,-77.68861666670,17,0.03000000000,7744,7.73500000000e+003,"(164,85)",164,85,-1.73491e+002,0,0,0.00000000000e+000,0,1.92000000000e-001,1.00000000000e-003,4.789928,,4.789928,0,,164-85,17.36830000000,209.00259934000,10,173.68300000000,yes,,43.55995718980,-77.69793988420
159,08-Aug-2018 14:26:12,43.56638333330,-77.74301666670,291,0.01000000000,7529,7.73200000000e+003,"(161,85)",161,85,-1.59764e+002,0,0,0.00000000000e+000,0,1.92000000000e-001,1.00000000000e-003,4.691284,,4.691284,0,,161-85,15.99560000000,213.51248127200,10,159.95600000000,yes,,43.56573505480,-77.74920488370
149,07-Aug-2018 18:10:35,43.56776666670,-77.97333333330,114,0.02000000000,6684,7.48800000000e+003,"(148,84)",148,84,-1.79509e+002,0,0,0.00000000000e+000,0,1.92000000000e-001,1.00000000000e-003,4.728962,,4.728962,0,,148-84,17.97010000000,215.93545407100,10,179.70100000000,yes,,43.57044271920,-77.97632391920
160,08-Aug-2018 16:42:12,43.57005000000,-77.71516666670,321,0.02000000000,7670,7.96500000000e+003,"(163,86)",163,86,-1.66530e+002,0,0,0.00000000000e+000,0,1.92000000000e-001,1.00000000000e-003,4.831897,,4.831897,0,,163-86,16.67220000000,210.96544636800,10,166.72200000000,yes,,43.57535167890,-77.71285496380
119,05-Aug-2018 11:09:55,43.57268333330,-78.18030000000,74,0.03000000000,5962,7.47600000000e+003,"(136,84)",136,84,-1.84913e+002,0,0,0.00000000000e+000,0,1.92000000000e-001,1.00000000000e-003,4.697049,,4.697049,0,,136-84,18.51050000000,203.77150036900,10,185.10500000000,yes,,43.57279950960,-78.18670052290
199,11-Aug-2018 18:13:28,43.57948333330,-77.42960000000,67,0.03000000000,9426,8.44500000000e+003,"(180,88)",180,88,-1.62637e+002,0,0,0.00000000000e+000,0,1.92000000000e-001,1.00000000000e-003,4.772852,,4.772852,0,,180-88,16.28290000000,201.38129553800,10,162.82900000000,yes,,43.58228324670,-77.42479974030
146,07-Aug-2018 14:10:11,43.58010000000,-77.98325000000,293,0.02000000000,6685,7.71900000000e+003,"(148,85)",148,85,-1.80869e+002,0,0,0.00000000000e+000,0,1.92000000000e-001,1.00000000000e-003,4.672844,,4.672844,0,,148-85,18.10610000000,223.91650372700,10,181.06100000000,yes,,43.58431943380,-77.97525019580
202,11-Aug-2018 22:12:37,43.58283333330,-77.43888333330,266,0.01000000000,9321,8.44400000000e+003,"(179,88)",179,88,-1.61924e+002,0,0,0.00000000000e+000,0,1.92000000000e-001,1.00000000000e-003,4.785502,,4.785502,0,,179-88,16.21160000000,201.00581564000,10,162.11600000000,yes,,43.58318591830,-77.44111473760
148,07-Aug-2018 16:07:01,43.58816666670,-77.98251666670,228,0.11000000000,6685,7.71900000000e+003,"(148,85)",148,85,-1.80869e+002,0,0,0.00000000000e+000,0,1.92000000000e-001,1.00000000000e-003,4.672844,,4.672844,0,,148-85,18.10610000000,223.91650372700,10,181.06100000000,yes,,43.58431943380,-77.97525019580
147,07-Aug-2018 15:47:58,43.59081666670,-77.98295000000,227,0.01000000000,6685,7.71900000000e+003,"(148,85)",148,85,-1.80869e+002,0,0,0.00000000000e+000,0,1.92000000000e-001,1.00000000000e-003,4.672844,,4.672844,0,,148-85,18.10610000000,223.91650372700,10,181.06100000000,yes,,43.58431943380,-77.97525019580
201,11-Aug-2018 20:35:58,43.59850000000,-77.44046666670,272,0.07000000000,9322,8.67900000000e+003,"(179,89)",179,89,-1.52685e+002,0,0,0.00000000000e+000,0,1.92000000000e-001,1.00000000000e-003,4.841982,,4.841982,0,,179-89,15.28770000000,200.39892819500,10,152.87700000000,yes,,43.59680304460,-77.43927419350
200,11-Aug-2018 20:14:31,43.59880000000,-77.43961666670,80,0.03000000000,9322,8.67900000000e+003,"(179,89)",179,89,-1.52685e+002,0,0,0.00000000000e+000,0,1.92000000000e-001,1.00000000000e-003,4.841982,,4.841982,0,,179-89,15.28770000000,200.39892819500,10,152.87700000000,yes,,43.59680304460,-77.43927419350
