"interval_number","vel1","vel2","vel3"
1,0.0172773846988316,0.0196472141691287,0.0206786688631004
2,0.0541988469707075,0.0554760394832477,0.0351680944713105
3,0.0976794440806698,0.100197277059763,0.0443742577881537
4,0.197145485716319,0.208054518559318,0.0876048707167472
5,0.326555479349442,0.375338710491017,0.189430936552372
6,0.337060351974533,0.4227064988036,0.206847937589909
7,0.280484133549722,0.373338394324128,0.187186027036153
8,0.236173668422275,0.319493994124645,0.147396614735768
9,0.234623332197568,0.31080101168756,0.150743115254021
10,0.230228099456609,0.303723578343089,0.134691350490407
11,0.229916232501445,0.301342132172717,0.156330881486639
12,0.263046452794068,0.334540189562506,0.162943061353913
13,0.310120352992975,0.390119622494056,0.183311071369547
14,0.280838149325524,0.369903089058173,0.1914714392932
15,0.239372620107954,0.323877136226638,0.16517375443111
16,0.214378992763752,0.292294480968495,0.148435539300916
17,0.186714609902954,0.257683754109781,0.119240432822286
18,0.19123203314684,0.255809142864014,0.114331433653972
19,0.220853243788703,0.283556331884829,0.1375925971627
20,0.235626764353638,0.30139242794505,0.152438900296962
21,0.203269544492832,0.272775548603254,0.132314625850503
22,0.147561838756335,0.214094162335762,0.0966022211931281
23,0.121211389083996,0.176510144806045,0.0751683105116106
24,0.119117883565403,0.166340661459429,0.0687665642425601
25,0.126029180546534,0.172854917558826,0.0569782440872904
26,0.110623310268978,0.157875026366077,0.0422402782268124
27,0.0924990501667829,0.134939718591804,0.0146795901363691
28,0.0819296153847575,0.12065611957755,0.0195342850377556
29,0.0824602206184084,0.114607708714286,0.0286823138695231
30,0.0903759916194123,0.115521720474678,0.0432808669393201
31,0.114744274635224,0.142325078640241,0.0762529999879795
32,0.129516347277483,0.16217841109865,0.117063908903702
33,0.143092677417417,0.180608730242053,0.160985621664851
34,0.149240049223338,0.192138113873179,0.162851281965657
35,0.128379338814929,0.17568315252808,0.144476218883977
36,0.0898311257608001,0.136906410335531,0.0907722145305921
37,0.0552489106925109,0.0973057647971588,0.0407129020704975
38,0.0271519171503171,0.063506454260707,-0.00275069735693604
39,-0.0145080121499526,0.0178667713696589,-0.0632393069069433
40,-0.0940634066574687,-0.0643086979010601,-0.142579241038084
41,-0.119885093077199,-0.112174355555041,-0.12636973387294
42,-0.105229799529283,-0.11464858865689,-0.0834299545741523
43,-0.0769306041194517,-0.0949993838291457,-0.0285420466153061
44,-0.0393795877395441,-0.0619265811046939,0.0236013284489932
45,0.058592401113876,0.037034557207428,0.0650264644106945
46,0.205042407333504,0.20050257737821,0.152119386555303
47,0.202291998627312,0.23098391905941,0.1339822383444
48,0.150204833435206,0.196202662019198,0.10592412962567
49,0.108490371128381,0.154603895882314,0.0709069260930606
50,0.0743064405090969,0.113975129031699,0.042221417378282
51,0.0365993978358557,0.0726206172025776,0.0193631248707728
52,-0.0363887549547451,-0.000449402930694545,-0.0394844563895949
53,-0.117271721061641,-0.0907607706035093,-0.104672214950679
54,-0.128246731288161,-0.12960010767708,-0.103312901175945
55,-0.0816249280121436,-0.0955153594945062,-0.0543809006241376
56,0.00110885493523557,-0.0167882585073677,0.0328761583168092
57,0.0556173667753902,0.0298558847033068,0.0791228781207523
58,0.0588620380931557,0.0400523715228439,0.0600624845651904
59,0.0511934338194942,0.0379037700671211,0.0313989072917223
60,0.0269326745355896,0.0173091531921356,0.0077233614946572
61,0.00310457137186106,0.00263234220347838,-0.00908680557999117
62,-0.00919966005633066,-0.00349725435158757,-0.0255262741754159
63,-0.0178738637641835,-0.013045408939485,-0.0314521040099901
64,-0.0402572493099081,-0.0374092633668781,-0.0324709235669086
65,-0.0720802948877863,-0.0707759154543109,-0.0474472344834675
66,-0.105528769551345,-0.108893614534162,-0.064484887524504
67,-0.0909667739954055,-0.107753357627068,-0.05682181417336
68,-0.0738995808638351,-0.0957780842947241,-0.0368985235900782
69,-0.0730104620455474,-0.0974439932651374,-0.0304735945391041
70,-0.13992385006005,-0.165846189178811,-0.100961082022325
71,-0.188761825244923,-0.229032900068455,-0.17644811372439
72,-0.20685248589965,-0.259653495125804,-0.212907549347973
73,-0.217251217305927,-0.278130746663468,-0.216722435960538
74,-0.232335523083853,-0.29934730262353,-0.229682026399817
75,-0.28092194510542,-0.357969917619806,-0.269870985740711
76,-0.29935301518661,-0.38998227408706,-0.294272369222693
77,-0.258508345339484,-0.348702554795939,-0.294892093057941
78,-0.223385028448421,-0.30675236304292,-0.227941675760125
79,-0.133989737766823,-0.206361230263535,-0.116973174969053
80,-0.0285582910962957,-0.0841781310706911,0.0243347268385396
81,0.0502197105288969,0.0034679939758786,0.091372586880956
82,0.107321814165337,0.0756173388081573,0.110846550082322
83,0.118421284597855,0.112333560757341,0.107993151610213
84,0.120684725138728,0.131122366122457,0.103999722305534
85,0.156995029002114,0.175155089003916,0.139578516179142
86,0.183656324681756,0.214857526146023,0.157381604862575
87,0.172756252187577,0.218206062740817,0.129679093062176
88,0.146870669366662,0.193590627976323,0.097519581010821
89,0.153120224956497,0.195268336719598,0.0752996966918433
90,0.141795057545453,0.185527009312848,0.0665337020735708
91,0.153492273154913,0.19593762368251,0.0756498273359838
92,0.127787687343487,0.174045581115422,0.0678298026877261
93,0.0830050280016324,0.131963746124684,0.0548466440300538
94,0.0527809915555012,0.102419243075736,0.0415872197436636
95,0.0284080822273072,0.0735359098467023,0.0350994352095772
96,-0.0117953989231352,0.0229147232414943,0.0136472450517666
97,-0.0673320048199338,-0.0448330594056927,-0.0186477831719488
98,-0.0908881496038198,-0.0821036433993692,-0.0319893779534121
99,-0.0881015504857095,-0.0889457052737576,-0.0343285829596696
100,-0.0753955393975869,-0.0806459732825461,-0.0195808308085342
101,-0.0387800871620122,-0.0399086538373528,0.0226388661230114
102,0.00166209041128525,0.0107191097596625,0.0434516776616262
103,0.0331752318363675,0.0483316466894112,0.0562234165211314
104,0.0714793836047111,0.0961036927487062,0.0719735012719974
105,0.111889300716554,0.141949255369577,0.0856920437479165
106,0.146934763970892,0.171508435795658,0.0872285405721866
107,0.144817709830289,0.175618890799353,0.0752969233516516
108,0.111555975048739,0.149054947838714,0.0711997462605257
109,0.0826230211114029,0.122527545462886,0.0595697801642244
110,0.0809759866796995,0.119571194613934,0.0618667505560182
111,0.0661739152036222,0.105272413188124,0.0454845041825203
112,0.042749493621472,0.0815016481020567,0.0218240477682294
113,0.0197090720946027,0.0568319664433413,-0.00316499245555961
114,-0.0133256496246726,0.0242825319991216,-0.0199346905870691
115,-0.0624418973269031,-0.0214645868551618,-0.0355824710979441
116,-0.126989309365978,-0.0948405448310709,-0.0808885656534154
117,-0.152038349236455,-0.150358067442592,-0.119642501802963
118,-0.116642190844891,-0.133208207998402,-0.0571924441009194
119,-0.0623086841059408,-0.0793552354123421,0.0404349159002405
120,-0.0253786982079694,-0.0424230533261904,0.0715562853304549
121,0.00786573158982996,-0.00494761215174534,0.07443990955523
122,0.0292562569596842,0.0255702709920835,0.0614262758229569
123,0.0215476806610876,0.0321145526537429,0.0401166622338574
124,-0.00470234516738768,-0.00371697250901935,0.0272093371981736
125,-0.00297281367214023,-0.0112217526888689,0.0166835976901839
126,0.128178212811285,0.133035616828798,0.0585630738533943
127,0.271681876149367,0.308118688662298,0.13882175113803
128,0.241944301817414,0.311537864980476,0.127364553425736
129,0.224574478152266,0.299822811041415,0.118855829033823
130,0.239755823090969,0.310749933895219,0.136474470876367
131,0.285349109763744,0.35714856871367,0.159829722871286
132,0.338584943973783,0.423930296957627,0.181901594020605
133,0.309101187260896,0.405808214011325,0.180281866722516
134,0.228975773042588,0.319962785321257,0.148905764788459
135,0.150973250033922,0.231943395750268,0.0940092842602445
136,0.114347135319968,0.185038463951917,0.0675711053946714
137,0.0841066003433948,0.149095885190728,0.0462083133800093
138,0.0500354358489076,0.107743102398283,0.0213153460893449
139,0.0306332356114204,0.0799138571746893,-0.0110665019738589
140,0.00833634484783911,0.0508944626184306,-0.0342294213526508
141,-0.0214675004717862,0.0170700495014562,-0.0558041131905207
142,-0.0387341302536448,-0.0115645611897403,-0.0552961655254397
143,-0.0591307682801235,-0.0444767849418963,-0.0462816064504062
144,-0.0689279978642263,-0.0637872016487759,-0.036943185232385
145,-0.0809304731043188,-0.0790138778098324,-0.0560625176947886
146,-0.0949149875751298,-0.0986278168075383,-0.0691468641290175
147,-0.114454546530719,-0.122023999734794,-0.0816046595770794
148,-0.103363089956046,-0.121031347856513,-0.0686335317707758
149,-0.0761823711344732,-0.0992151842468488,-0.0283185414719348
150,-0.0700813871983298,-0.0937715200757563,-0.0155247545792237
151,-0.0769958986289895,-0.0992303438889224,-0.0330538475778909
152,-0.0936174518122936,-0.118852923177522,-0.0535098084597432
153,-0.108915926981323,-0.136304312745193,-0.0687813520506765
154,-0.103773483673845,-0.135526242997595,-0.0738782259110349
155,-0.0856961917080778,-0.118672617404048,-0.0480624938653806
156,-0.0631498588313988,-0.0923513767821957,-0.0103817539840937
157,-0.0555240078656799,-0.0846572063094418,0.00841671685792195
158,-0.0428819343847682,-0.0702270732716506,0.034066502728075
159,-0.0131869790475573,-0.0338759977120112,0.0463183503821238
160,0.0675800401842034,0.0444712656434576,0.0707313688125411
161,0.264412935027453,0.251457514625381,0.171266211235565
162,0.270565113089409,0.32340515048382,0.16450676770595
163,0.181635297874566,0.251677423077708,0.117980234117533
164,0.124940352698154,0.186322101161909,0.0837454955545274
165,0.0856053048161149,0.136647106618264,0.0395564874742048
166,0.0537056234103518,0.0983237341788136,-0.0199776912596796
167,0.0592598216102195,0.0959394638474174,-0.0336377069751318
168,0.0674280782606243,0.0975869994407023,-0.0209859217920989
169,0.0823785931119612,0.110910544350821,0.0190043113537203
170,0.0892833504509982,0.118539752663563,0.0488310717184671
171,0.0930186687180784,0.124763326070029,0.0631511425859839
172,0.0803732696019735,0.112674237986784,0.0540326491122901
173,0.0600736389149443,0.0936866536426615,0.033010682929484
174,0.0451511129985114,0.0794060856229629,0.00809825928851832
175,0.037315436582334,0.0701641885721032,1.84470186308537e-05
176,0.0313999392842473,0.0628307452749485,0.00385271480419516
177,0.0262435728370172,0.0573178845194457,0.0126087268073791
178,0.0102409909088349,0.0361737698459179,-0.00119356812389225
179,-0.0300710448678144,-0.0140566980511684,-0.0548911578122556
180,-0.0730741323701206,-0.0589663658956436,-0.0843833370020547
181,-0.079970265873406,-0.0654759450119026,-0.0730561793580837
182,-0.0692236935196724,-0.0630534078598428,-0.0495825902167349
183,-0.0614595575428958,-0.0587607679509465,-0.0403622344016947
184,-0.0522763102257488,-0.053058573932855,-0.0177840425456264
185,-0.0576614915490385,-0.0622059377119688,-0.00229946866685365
186,-0.0589113284984204,-0.065154548362025,-0.00139439551556196
187,-0.0417666808958591,-0.0474857133342438,0.0460198203136831
188,-0.0272597682803273,-0.0346725382047349,0.0444383277311808
189,-0.0406279494521543,-0.0539937693105475,0.0278885856099759
190,-0.0590736051147353,-0.0799296354134341,0.0095397644565175
191,-0.0670312471841065,-0.0951704956566718,-0.010874876748218
192,-0.0607315355186133,-0.0846531752627409,0.00252358858143706
193,-0.0555577190650348,-0.0773046792983976,0.0273358269823743
194,-0.0551040373023759,-0.0774263152595381,0.0197331068875869
195,-0.0514434220678522,-0.0725134822786713,0.0136129015692928
196,-0.047633951536216,-0.067617891715079,0.00431622560001078
197,-0.0432616200798093,-0.0623338974253981,0.00677201007570405
198,-0.036635390577826,-0.0534154919297758,0.0201268245960245
199,-0.0360806109729181,-0.0529619344402792,0.0197756941993447
200,-0.0542783545534799,-0.0803721513921548,0.0173088655022259
201,-0.0467478743370564,-0.0672009262794568,0.0268369654392391
202,-0.0383495721961688,-0.0560818755660227,0.0132765091740081
203,-0.0381768814237098,-0.0559057765877619,0.00311821207240512
204,-0.0359472947095331,-0.0540120848313209,0.00865937984813619
205,-0.0348373917094165,-0.0541634719329017,0.00497333324541907
206,-0.0517480813767696,-0.0721386383583264,-0.0375342197389208
207,-0.0560459251053562,-0.0817623437896821,-0.0700457221150781
208,-0.0468371953921181,-0.0704040198670679,-0.0510387186939975
209,-0.0359104511499414,-0.0535425578315311,-0.0268432910160941
210,-0.0255509367869122,-0.034244580350551,0.00069196493726931
211,-0.018115632931551,-0.0246017789170794,0.00682243556010569
212,-0.0236413298642561,-0.0341855604168938,-0.0248412507105167
213,-0.045027529223852,-0.0615645665465225,-0.0412006527038166
214,-0.0543104357036581,-0.0767636173928492,-0.0542566062960942
215,-0.0428336429161836,-0.0577503267214855,-0.0308965611376008
216,-0.0302252377563136,-0.0385992539333708,-0.00104661201239348
217,-0.0267890211739567,-0.0350139365213631,-0.0193617566157086
218,-0.028272448453156,-0.0383474950707536,-0.0282892151999782
219,-0.0622341906222596,-0.0780562617574461,-0.0964191246179964
220,-0.0850806560451944,-0.101951349969168,-0.101713768934234
221,-0.0821877059939299,-0.0938376316695949,-0.0814485401992213
222,-0.066280879027951,-0.0768327092505181,-0.0478028849840426
223,-0.0465437813541183,-0.0566925851332775,-0.016718793562107
224,-0.0354545839728403,-0.0435068112313958,0.00710593102346125
225,-0.0447084439108432,-0.0612865248196751,-0.045738573445895
226,-0.062654918624359,-0.08733381220271,-0.0640426452107375
227,-0.0701809330291203,-0.101773837957783,-0.0800650805769065
228,-0.0627541698742255,-0.0864932937307193,-0.0477466069435416
229,-0.0492040767889714,-0.0641161831993273,-0.0260122673555269
230,-0.034867585469435,-0.0426602360386191,0.00339485425174248
231,-0.0199232254580278,-0.0243281192109563,0.0192420609085047
232,-0.014709637726951,-0.025292825286203,0.0067984264736598
233,-0.0257833779900196,-0.049175988945646,-0.0167387207418873
234,-0.0364380667776479,-0.0558923199153341,-0.0115571933941065
235,-0.0309758495926993,-0.042718823257839,0.00133149472751623
236,-0.0162650034785981,-0.0235206886520498,0.0423530872003247
237,-0.00186531287560617,-0.00444948242623128,0.0333984013418915
238,-0.00149332719104196,-0.00500788534102376,-0.0219380116252735
239,-0.0197065245329006,-0.0306770023714202,-0.0533204852779459
240,-0.0310856778850528,-0.046993670038773,-0.0406867258332908
241,-0.0294276991433825,-0.0369168300787065,-0.0348343428830159
242,-0.0178558816483592,-0.0182447009108606,-0.0108616338135372
243,-0.0079783669776044,-0.00612758513620777,0.0105461981133762
244,-0.00757600696685041,-0.00675389058780025,-0.0182453145638569
245,-0.0126607132721517,-0.0180881855627485,-0.0371220984656091
246,-0.0297022872041044,-0.0469515797714165,-0.0380396259469726
247,-0.0338761496116767,-0.0522514158804961,-0.0175279551129657
248,-0.0296068932977827,-0.0432616357691683,-0.00558738890636578
249,-0.0275736984865909,-0.0337686488676386,-0.00567283113985525
250,-0.0284310390871098,-0.0350054421291629,-0.0133217521524777
251,-0.0334038034631619,-0.0461510428055044,-0.0188093769291872
252,-0.04379501323487,-0.0574073986436535,-0.0291246902666009
253,-0.0632081933328312,-0.081421478047646,-0.0561797045234738
254,-0.0605354823863592,-0.0772735489852959,-0.0500865139882554
255,-0.0529904169851933,-0.0611895353583949,-0.0440583102088947
256,-0.0372905575536677,-0.0478752810852765,-0.0426342485695346
257,-0.0286360185982493,-0.0436092755270603,-0.0398004648246649
258,-0.0283025384862608,-0.0411775884913111,-0.0446835155105961
259,-0.0196511091050425,-0.0163170513581401,-0.0600820086388588
260,0.00152123479974229,-0.00423249458134497,-0.0403859466497619
261,0.0114644161613474,-0.00391289868668485,-0.00822124514196365
262,0.0112513311289612,-0.00120796361989583,0.00980824840858364
263,0.012428280553579,-0.0007149947411535,-0.00131923551537441
264,-0.0247757029286696,-0.038973440604523,-0.0383470919139393
265,-0.0627905421589033,-0.0768413250122881,-0.0446794045060834
266,-0.0677953155328793,-0.0915258995238489,-0.0682699763947368
267,-0.0346133622512064,-0.0464621995942431,0.00221876863717262
268,0.0147777055219215,0.023388743470416,0.037629154139944
269,0.0479023377283144,0.0676229804722179,0.0270926595882696
270,0.122215810441419,0.139780727958404,0.0472337637017337
271,0.179940840577935,0.212803252468906,0.0784623301649926
272,0.160422050114642,0.228961518598864,0.0887340048487051
273,0.135362568177922,0.217309521143557,0.0815095284380496
274,0.121807385465697,0.219550432507285,0.0771883277072219
275,0.132159214980477,0.228749147058981,0.0695382746403254
276,0.181000425441058,0.271064400066371,0.0817545502530684
277,0.210993472027315,0.284635026929177,0.107937691680217
278,0.249381180668157,0.322286402098367,0.147159825784447
279,0.289026684472965,0.369061216068338,0.201959589086393
280,0.273797205355642,0.360898246668836,0.168385862978953
281,0.315105244601823,0.400629988406826,0.144945711827272
282,0.315954768571305,0.41304179781501,0.157927727845445
283,0.279759661403029,0.378595069779112,0.149934820466311
284,0.255738340599486,0.348585877234477,0.13598227820002
285,0.247869587996344,0.336568310828098,0.115780521979699
286,0.239551493297712,0.322040526351359,0.113959113266248
287,0.236673369196674,0.314917070890646,0.114105164648079
288,0.182099596808287,0.265280201114523,0.0938374694525328
289,0.133804351954467,0.207455058310305,0.0745547126821769
290,0.102840525742992,0.171648878564422,0.0622285395448341
291,0.0867934146814219,0.167717520826618,0.0444834213722275
292,0.0610037884526449,0.129881725705366,-0.00175522302836108
293,0.0269206023949321,0.0743257938663221,-0.0594127205187874
294,-0.00812942445741517,0.0222138403148925,-0.0896100372949513
295,-0.034033255085751,-0.0104385753708875,-0.0756000046696883
296,-0.062921295071357,-0.0438810861071494,-0.0645735912962823
297,-0.084334732931486,-0.06987605203514,-0.0607205789989052
298,-0.0753836304915307,-0.0773750741840759,-0.0489467382120444
299,-0.0177175297203735,-0.0228853633872747,0.0080622231781726
300,0.113768059432211,0.10024116445023,0.0679087409014729
301,0.135766498038188,0.139147484262569,0.0802834218754694
302,0.11919417694608,0.131197229146063,0.0699041262103042
303,0.11100779651799,0.132137019699933,0.0717248271805518
304,0.119868968885226,0.150111782553206,0.0810296212395515
305,0.147188070424493,0.180972348386396,0.0736353345746686
306,0.185230205638463,0.217624941021172,0.0894673743482972
307,0.155398740754929,0.197523894495576,0.105378585451784
308,0.100014605566409,0.143694135695844,0.0897073245526762
309,0.0673487009370446,0.107087564537497,0.0556343853100295
310,0.0639492924123195,0.107389952756117,0.0400904536659707
311,0.0662059952607455,0.112596664458149,0.0123235294337486
312,0.0768867716890571,0.123711738862044,-0.010880816294526
313,0.0650138486814998,0.105203250620561,-0.0133401147876689
314,0.051388052889359,0.0813809847300726,-0.00424695422276545
315,0.0387772408487388,0.0636848443563388,0.000760376633084691
316,0.0328331316168878,0.056841278863545,0.00445234438420989
317,0.0211143858108076,0.041218944590951,0.00134847771644898
318,-0.00651960499531831,0.00483725775855902,-0.0241571731503833
319,-0.0389855919440836,-0.0325081695306503,-0.0494683755039603
320,-0.0624619226702557,-0.0627107688057418,-0.0743275744768733
321,-0.0654843861977859,-0.0722585590088522,-0.071602662187411
322,-0.0567485958151728,-0.0685351035392927,-0.0527736828376609
323,-0.0483427289627034,-0.0651863319544113,-0.03696484406273
324,-0.0393357800634637,-0.0595571886524811,-0.0310938118665901
325,-0.0422369519602627,-0.0622652167439408,-0.026808709565153
326,-0.0731709504705792,-0.103272924182996,-0.0464302816374209
327,-0.0732409013550572,-0.112177332682347,-0.0293530818775094
328,-0.046028828765096,-0.0710165164518927,0.0121823487963723
329,-0.0084815249856619,-0.0124780738622018,0.0492984265292356
330,0.0166252527142263,0.0209465813591414,0.0494048283297055
331,0.0204939755723554,0.00112047478330996,0.00215213247084731
332,-0.00749976312322057,-0.0538973494226072,-0.0187832657181098
333,-0.0489497077378493,-0.0973559304554023,-0.0552184135035885
334,-0.0780067443409814,-0.112026730204135,-0.0897275240643602
335,-0.0596339035102884,-0.083293027925319,-0.0550851252450142
336,-0.0243987190757192,-0.0447642002252647,-0.0157191304633473
337,-0.00190620943618541,-0.0269529336339599,0.00733967893260739
338,-0.0225080820514261,-0.0561629517644072,-0.00155640649232188
339,-0.0615244447547243,-0.101727061696091,-0.0803853677951452
340,-0.072713982268387,-0.104377123683722,-0.0769703846487805
341,-0.0647387571433905,-0.0923273792395374,-0.0577057512081777
342,-0.0441786068223031,-0.0719369323755664,-0.0367854385501614
343,-0.0250069748582557,-0.0494172983046532,-0.0202684136107912
344,-0.0127569536237833,-0.0372657302623508,-0.00118866518073135
345,-0.00334562377846757,-0.0315222657310539,0.0134087486341533
346,-0.00121323389250981,-0.0336773766497534,0.000137434636952064
347,-0.00975127440227693,-0.0364443689552294,-0.0105910057083098
348,0.0217393582347148,0.0137969149832922,0.037697025130804
349,0.0437298774276629,0.0495512450295772,0.0325784919873463
350,0.060313422732077,0.0745453282965673,0.0229273139637723
351,0.0860540647174321,0.10747558873806,0.0453129531544259
352,0.119763584157774,0.139012078174402,0.0679992238563091
353,0.12199308759573,0.153753132706426,0.0622311053963097
354,0.0985296948373748,0.131244844072606,0.0779271046701766
355,0.0584862849975957,0.0849385927226713,0.0743641987437349
356,0.0519451391619802,0.0808247232316368,0.0875388971945974
357,0.0659673318864132,0.0956719597568935,0.108274184849381
358,0.0810346562304309,0.112655078431027,0.119949795115892
359,0.0941855152531098,0.129169857820983,0.119680859258576
360,0.117098541478443,0.156418875343724,0.121086192778699
361,0.126425252855898,0.168823239972181,0.11159848319314
362,0.123738483020069,0.171957617941779,0.0984540747510648
363,0.122840893699684,0.177041727094422,0.114473573773437
364,0.112162814648595,0.164234287384904,0.114395855054881
365,0.123656137853061,0.166053799549366,0.132730017950824
366,0.133351422203778,0.173325537281829,0.127097782613698
367,0.13030233459945,0.171504793483895,0.124659133677272
368,0.118049906930908,0.158227203272807,0.123217652167685
369,0.113970495090145,0.156560224732264,0.115532056539612
370,0.128358090401168,0.173122453100358,0.130453592957778
371,0.138469209039217,0.186292698671772,0.135923131426083
372,0.149446120432627,0.196665596569933,0.120842878091538
373,0.149844348396532,0.190988840025046,0.110465879793593
374,0.13226000280636,0.171127091762203,0.099639803961226
375,0.1126598073401,0.148298095639073,0.0827867879380861
376,0.0956020545914732,0.128591392925808,0.0662414252717108
377,0.0899428039873918,0.121154918925801,0.0550800838786385
378,0.0864086190016344,0.127563010045861,0.0382938609950553
379,0.0772826152273853,0.126867380642991,0.0204833059963201
380,0.0620586431940282,0.0998962570349147,0.00823174059666044
381,0.0466610636317423,0.0757059920763024,0.00344020801031468
382,0.0292407056614733,0.0539593851801959,-0.00385987999235162
383,0.00514844788357802,0.0264848482359033,-0.0172392497224692
384,-0.0209889665836951,0.000380992649533959,-0.0285331061177939
385,-0.0397123274865292,-0.0196647832619917,-0.0321911637133498
386,-0.0516383389887108,-0.0376766982757409,-0.0334966905166132
387,-0.0580751834827181,-0.0527265439193269,-0.0392503879239074
388,-0.0559943166477479,-0.058553666390914,-0.0289402267229749
389,-0.0515353857725885,-0.0582594233614204,-0.0190803343399722
390,-0.0394399516832004,-0.0463339914457471,-0.00682335458772718
391,-0.00903016921775983,-0.00939369777782655,0.0155914948382381
392,0.0317434016749801,0.0377883871866833,0.0303594384483655
393,0.0795715191236127,0.0854148738564833,0.0547478714676923
394,0.09944207510057,0.086632087350455,0.0594860172404333
395,0.0760490953193061,0.0719035694911227,0.0538271245525708
396,0.0608984582928639,0.0706397756211098,0.0582624493727608
397,0.0626858341364758,0.0691547606673791,0.0600720556548841
398,0.0764842600811464,0.0787018484670525,0.0565067328208142
399,0.0699180322331529,0.0815237216469186,0.0293813144099497
400,0.0684161156144578,0.0962850184896886,0.037627402914085
401,0.0697252580017052,0.091447826079906,0.0349653480116917
402,0.0620787877959103,0.0858725872478932,0.0287700615356356
403,0.0599360364678815,0.104771868983079,0.0629220221239316
404,0.0707893598649364,0.125774496318025,0.082698564224246
405,0.0912716951091834,0.15501639101307,0.0793234382168535
406,0.096694962462742,0.164305462125541,0.0547980286542575
407,0.0867220317630506,0.144320799345396,0.0291734524229531
408,0.0960480092741069,0.133033307328213,0.0394465279319194
409,0.0874343600478736,0.138339250072561,0.0665382723872972
410,0.081031579521724,0.143395662244696,0.0732275584721818
411,0.078951042504056,0.147147745458655,0.0794461768298381
412,0.083246136805115,0.154093098743301,0.0860218906981374
413,0.108625970788661,0.175638602474138,0.108748314421898
414,0.121337236445364,0.168103792390651,0.0978306135838782
415,0.0833585823551788,0.137005480562628,0.0697720539598302
416,0.0597171148842163,0.110613053142026,0.0331530555857651
417,0.0735736442226724,0.132227922867815,0.0670406510733508
418,0.113438075890189,0.182026824930177,0.0964725808931196
419,0.170015670429713,0.23203381777797,0.124362509469622
420,0.200194996368659,0.245900385374162,0.148361976753333
421,0.177531627240923,0.227710809218526,0.106446292379645
422,0.163845074548044,0.213299141230911,0.0921285462078765
423,0.158020834264538,0.208968203835198,0.0882840686429491
424,0.171511052208583,0.221007823971838,0.0888191265186707
425,0.165430271724102,0.215005375872262,0.0796007916481511
426,0.153694683730677,0.2016106286104,0.075994150591759
427,0.156174219748,0.203823631135694,0.0768609487116108
428,0.146857418891453,0.194174470227858,0.0739892240104509
429,0.146952593431694,0.189870224810851,0.0749935871387923
430,0.145377309351881,0.187057761446273,0.07553898166376
431,0.140386404908328,0.185397783500092,0.0836341423214115
432,0.119321703239654,0.165128893008894,0.0631801563993287
433,0.104050031955058,0.147423381348426,0.0433616274744365
434,0.0964836105910698,0.13656208844992,0.0435906251194816
435,0.0905304399646051,0.12901402449774,0.0467336752144119
436,0.0748819880851922,0.113870604805396,0.0488799369077008
437,0.0342552341803016,0.0740342967260907,0.0232965670240857
438,-0.0206753752561732,0.0137281598131654,-0.0296997822593661
439,-0.0594910314635887,-0.0288767068215381,-0.0605498989335888
440,-0.0863556118120733,-0.0577014155285966,-0.079699661128517
441,-0.099878418522184,-0.0853454075997798,-0.0982162040330107
442,-0.114400695297082,-0.118712757575878,-0.114874470627133
443,-0.138627559829284,-0.159495621247492,-0.143884374805993
444,-0.155973274150742,-0.190710897123988,-0.162864605315194
445,-0.171452718256884,-0.220462131852519,-0.168279364213897
446,-0.143668828634193,-0.195703411292818,-0.115451104239269
447,-0.124703612887086,-0.174192855188613,-0.101581888290833
448,-0.113320911689187,-0.178111375596069,-0.0903498977157827
449,-0.106499235118611,-0.165517717909475,-0.0754466914616726
450,-0.0858727259827086,-0.132376158459835,-0.051323957741006
451,-0.0887994990245577,-0.144195387944357,-0.0507730831873035
452,-0.0927670954610364,-0.155450711730897,-0.0577669838801004
453,-0.0904166695471449,-0.145906233342992,-0.0514457320487866
454,-0.0763969001060477,-0.122399384053802,-0.0533710534442326
455,-0.0566961394223303,-0.0970180119125094,-0.0386065197531812
456,-0.0353227458896528,-0.0769048286220232,-0.00398814804054608
457,-0.016682116287434,-0.0694150100478767,0.0305089121804168
458,0.0191697329077266,-0.0394206290608015,0.0464098099963893
459,0.0491378380448737,-0.0169986445554195,0.0488779237627984
460,0.0478637062088432,-0.0109972273396403,0.0420087048211296
461,0.0510323193093245,0.0123814092656494,0.0519476761973224
462,0.0538786880728793,0.0168726401373253,0.0666577113998584
463,0.0569524075705045,0.0118788890069812,0.0716826971801561
464,0.0721404352909674,0.0364535744692924,0.0708962209735192
465,0.0682539809050461,0.0250692415064146,0.0542956979503803
466,0.0499384173857123,0.000190420790416554,0.0431355928274443
467,0.0332641730408725,-0.00796090081475609,0.0334282551479332
468,0.0120557371825402,-0.0211389235409586,0.0225619403920785
469,-0.0175496652614886,-0.0441057868469872,0.00473703315151366
470,-0.0562658867290104,-0.0786940637438822,-0.0298782490795239
471,-0.0698978467478746,-0.105085054546027,-0.0340791388155447
472,-0.0709916543173975,-0.113748371092325,-0.0368292209276011
473,-0.0889183381533344,-0.141950555314201,-0.0481517881752492
474,-0.11891791533921,-0.187151381746845,-0.0665723904096184
475,-0.0946165921663136,-0.154760792007763,-0.0517344829145396
476,-0.0445966202603079,-0.0742438589324812,-0.0144495996831662
477,0.0161770776095695,0.00477836993453546,-0.00232831806652073
478,0.0915778128148051,0.0621208687150683,0.0246320328061319
479,0.12244554730898,0.0995983434544967,0.0514671059430252
480,0.117252140108672,0.12023402079336,0.0677394249486396
481,0.0948012800307902,0.091292670476442,0.0599805987524208
482,0.0845628446840992,0.0998770006299097,0.0578930058222857
483,0.0776592270991395,0.105389022777601,0.0483802699741528
484,0.0612288642427091,0.0976401609879575,0.0366484894826919
485,0.0503283748409026,0.0806685238297768,0.024991365100244
486,0.0435311526696008,0.0662207492398147,0.016500123415327
487,0.034814060998886,0.0549834229422424,0.0171931134738984
488,0.0276614471176545,0.0469413779795084,0.0230102644091167
489,0.0211623529408197,0.0405289093460093,0.0314094013695119
490,-0.00458438740344119,0.0174590781746802,0.0237128398561004
491,-0.0575135372137216,-0.0305388545015964,-0.039552276726973
492,-0.0981572736859217,-0.0633362623693632,-0.134380210075339
493,-0.108336423071801,-0.0805899345827437,-0.131554170510768
494,-0.0713949269180883,-0.056310551854685,-0.0835398372805726
495,-0.0278956884283575,-0.0126759783940882,-0.0306191864812382
496,0.00271326034987586,0.0170560974537872,0.014972471521691
497,0.0265605756595449,0.041389878283915,0.0489139419710869
498,0.0382694981991303,0.0426633656853897,0.0538401758897689
499,0.0625758107703131,0.0623124543097231,0.0565017088198023
500,0.0820638944153455,0.0839228800186517,0.0599816731325683
501,0.0807413070041076,0.0870840271183531,0.0698745302369562
502,0.069501212463984,0.0805289791373822,0.0751514712697626
503,0.0676363500785989,0.0846832708123886,0.0713402166142839
504,0.0726366458842891,0.0898860029252973,0.0615321270411076
505,0.0867843991168424,0.10889992318558,0.0506126611154626
506,0.0788223630062107,0.103969284913059,0.0404285254100518
507,0.0834922154633321,0.104703196759333,0.0447345313698984
508,0.07568701727381,0.0953905546691785,0.0526420374338385
509,0.0691563162138301,0.0904492063453064,0.053640976989622
510,0.0667909503369021,0.0909089258195319,0.0545262401651823
511,0.0719364765462588,0.0995291321738064,0.0567236537226315
512,0.0919263208815487,0.120741638739884,0.0583691905664228
513,0.125834192042826,0.15353793287035,0.0588373234619268
514,0.122605593876386,0.156940054677345,0.0725323431605668
515,0.108978122063967,0.145865218191629,0.079670781974218
516,0.0923417870597415,0.127760794002172,0.0579684285277637
517,0.08600368152354,0.118995799886796,0.0604976425575183
518,0.0896760377041465,0.119435552270448,0.0562427782656902
519,0.0927733375307351,0.123203095849318,0.0731163228328817
520,0.0774777650290294,0.108422814451377,0.0645054834032998
521,0.0470207100880775,0.0762432304351023,0.0478537330287069
522,0.00710071853220981,0.033927340456272,0.0149386296917461
523,-0.0379170978952221,-0.0137897577411802,-0.0251936152734593
524,-0.0697259281379016,-0.0425998143579648,-0.0629598824088465
525,-0.0639280872356324,-0.045983697964931,-0.0606450042544546
526,-0.0417474948197052,-0.0358622883875154,-0.0404371184155006
527,-0.0247688917389307,-0.0236810608977422,-0.028182264176441
528,-0.0151966243671299,-0.016442009263229,-0.0168138458768409
529,-0.0386250463352703,-0.0407289459451741,-0.0270732044884675
530,-0.0752650056903471,-0.0779948012092693,-0.0534481954105319
531,-0.0794390449263657,-0.0935241966733109,-0.0591407340290287
532,-0.0688232724943183,-0.0950249992827095,-0.05137208045776
533,-0.0467707337550415,-0.0757400440562898,-0.036226186603014
534,-0.0344082141941796,-0.0573069797042159,-0.027722851438787
535,-0.0305959097923343,-0.051901294535011,-0.019232774482755
536,-0.0307198556261369,-0.0521782711006237,0.00368578025774387
537,-0.0315029415416007,-0.0532310845196454,0.0225234961869022
538,-0.0306722077299797,-0.0525401202841412,-0.00126442909762185
539,-0.0450897199992989,-0.0784890073446927,-0.0470439151808005
540,-0.0506958127770396,-0.0871426018618153,-0.0577468041846497
541,-0.0446123892231809,-0.0817164435071759,-0.0265284746357998
542,-0.0349264740879837,-0.0671060966142685,0.0163115816957408
543,-0.0272980267140488,-0.0522681572412482,0.0332251371603151
544,-0.019984708671108,-0.0511707401018207,0.00709095839136944
545,-0.0202277945390407,-0.0563862876159636,-0.0270536762458375
546,-0.0330113893616895,-0.083650447724819,-0.0304173320039405
547,-0.0578216048038224,-0.10237219575439,-0.0351635962943683
548,-0.0517834503007769,-0.090058170747355,-0.0275661077855841
549,-0.039406709171173,-0.0724562311996403,-0.00612144131837439
550,-0.0186347673325203,-0.0411783708088007,0.0425845406590918
551,0.00743800773984763,0.00402804183834181,0.0510435298128409
552,0.0307285780457203,0.0320102383997318,0.0375919244930502
553,0.0352299115441118,0.0253952641931621,-0.0136343321751969
554,0.00526299003315961,-0.0329113489934304,-0.0381622483341598
555,-0.0058297328271415,-0.0523632202211824,-0.0231623728871262
556,-0.000489629162203066,-0.0217263593293261,0.00929183114720225
557,0.0135215650527171,0.00527743582419107,0.0188911560742776
558,0.039824447529352,0.0291185407499122,0.0236945412033559
559,0.0535446033420707,0.0244096956146787,-0.0140182019830995
560,0.0625225097047707,0.0421992411491958,-0.00198519283092839
561,0.0741026143576149,0.0839766554733887,0.0542872673545585
562,0.0926759865971528,0.111814149605522,0.0651691135432928
563,0.10123379595229,0.137307497322493,0.0709332621292544
564,0.107762011778898,0.149926251368332,0.0877298171448856
565,0.117435026348084,0.172709038620147,0.0977929498341989
566,0.127696488190847,0.195864406485064,0.104933018308391
567,0.123189235482598,0.167285020508217,0.0953091407795727
568,0.110923597593258,0.163015949285947,0.0810473487038274
569,0.103378307519464,0.167471008067102,0.0792861177780537
570,0.104431499233046,0.183242370874153,0.091467113918183
571,0.119734238813963,0.206397811796582,0.103973800060783
572,0.124986362681297,0.204613547711413,0.0984614746328909
573,0.122032125942604,0.183971652355313,0.100683204706355
574,0.110743641992953,0.15568170977503,0.0973977301186288
575,0.100298112126123,0.139298779912861,0.0878639937978329
576,0.111340751522849,0.158185741174146,0.0940817955398019
577,0.111611540661682,0.17791589967632,0.0924831355095782
578,0.113750461386557,0.193693230177891,0.0878019511093744
579,0.106657783074447,0.174982483115211,0.0601069583035985
580,0.0999622582011432,0.155667442426428,0.0581340107741737
581,0.0880150269738878,0.134317764096493,0.0483848017961252
582,0.0732567788834603,0.114731546814899,0.0351365249512223
583,0.0709066746365669,0.118610637236284,0.0439421836166549
584,0.0694727582526494,0.121654389835394,0.0450346875392651
585,0.0526174759602766,0.099488104747343,0.00276682784352879
586,0.0202738623771485,0.0646303606754053,-0.0162785808221155
587,0.00935388005829768,0.040960667346852,-0.0425747321721254
588,0.00153637221144456,0.0287449616451105,-0.0301688954138193
589,0.00186554980344352,0.0219080493825255,-0.0233378431402917
590,-0.00659218025400066,0.00636831305385169,-0.027118054191933
591,-0.0168362516919395,-0.00662163137119683,-0.0432052503674325
592,-0.0325809829554982,-0.0291870818929299,-0.0673721630668324
593,-0.0588117587986362,-0.0650996607092693,-0.0813311701079879
594,-0.0696244819330531,-0.0771133394864468,-0.0774447931408763
595,-0.0548498973164277,-0.0636349507213656,-0.0585061938567782
596,-0.046447664791335,-0.057651962294699,-0.0531037196841991
597,-0.0360219635042318,-0.0547725456232674,-0.0500000739244205
598,-0.0250971104168829,-0.043500421995435,-0.0451803396582886
599,-0.012692013051205,-0.0156564983263294,-0.0308639396233415
600,0.00710355156584066,0.000222945445121799,-0.0253822221775184
601,0.0113263829813012,-0.00176959148264543,-0.0218534560610231
602,0.0133946907530652,-0.00114661023784168,-0.00973053947026902
603,0.011214730633672,0.000950245583759771,0.0141997220900001
604,-0.0227824015437181,-0.0306188924276486,0.00555876217160753
605,-0.0506108829150172,-0.0634524993165653,-0.0348886667254288
606,-0.0447173704130423,-0.0550992649889219,-0.0295834504391284
607,-0.0326716501834156,-0.0428521610703128,-0.0190314683673426
608,-0.030450878579852,-0.0410632595583507,-0.0162097405728798
609,-0.068052451993616,-0.0757584017642881,-0.0420280649137049
610,-0.101303226267047,-0.119417798044363,-0.0753158971684067
611,-0.113744676967751,-0.14284390513345,-0.0923242602041748
612,-0.105599488033012,-0.151920632328827,-0.0874236136933321
613,-0.0987956878053323,-0.160892516762221,-0.0708634395741442
614,-0.098210784928251,-0.175282656312956,-0.0584503967064716
615,-0.118778330436771,-0.208942134272644,-0.0836891282485937
616,-0.137854875890187,-0.224191425909256,-0.0987548795588988
617,-0.119664421172094,-0.188967550777072,-0.0813240251822222
618,-0.102389637854929,-0.170595044094921,-0.0678735440885418
619,-0.0882312096719515,-0.177024181475037,-0.0778475340083591
620,-0.0752459693022041,-0.168183681358097,-0.0761930058857653
621,-0.0590464438210955,-0.162239858167983,-0.0598435349770777
622,-0.0619862535811291,-0.151004004578023,-0.0461859974134512
623,-0.0438697839931459,-0.11491933914832,-0.0436918540766792
624,-0.0489971266189107,-0.138204947252966,-0.035527696116809
625,-0.0841967985260407,-0.159860783462754,-0.0561982651902889
626,-0.0983045082509687,-0.180259354483848,-0.065718798313986
627,-0.0863866413496106,-0.155710269743795,-0.0398509522467257
628,-0.0576398181276484,-0.120692712533274,-0.0323892057279929
629,-0.0603617842662294,-0.114720499986306,-0.0373458531884877
630,-0.0698791410255337,-0.131534925582106,-0.0331449276256515
631,-0.0570684495049797,-0.131743755217729,-0.0253289637233649
632,-0.0354413198314187,-0.0883623183221034,-0.0270967584408309
633,-0.00977848703588835,-0.0574320313192428,-0.036839399064768
634,-0.0155016442101527,-0.0740996201967063,-0.0360803539340255
635,-0.0267988106921394,-0.0999120201561162,-0.0208948086493652
636,-0.0218880334956424,-0.0794594968668822,-0.00677782537154686
637,-0.0100777907590167,-0.0578984322848635,-0.012817593126495
638,-0.00835481328646552,-0.058521808575584,-0.0198077487831676
639,-0.0170840899032398,-0.0812790501524819,-0.0383842325318145
640,-0.0259440203198279,-0.0879428410778695,-0.0292974839834075
641,-0.00622209005587785,-0.0467177811755977,-0.00548554740052041
642,0.0267772663628479,0.0050749202495006,0.0162392617024718
643,0.0554444055435194,0.0378977864943698,0.0266992791855178
644,0.0675760765366194,0.0310462624933957,0.0248253149194602
645,0.0638576463368775,0.00816211906732674,-0.00679612946651649
646,0.076582568542016,0.0340268588572708,-0.00776357064458287
647,0.0902614562901207,0.0793313711859162,0.0220765280702024
648,0.0927243619833996,0.0987116296059064,0.0277547232562425
649,0.090326512524034,0.113909435115765,0.0264213690105741
650,0.0953848020395416,0.136612170884134,0.0219660872623223
651,0.099675199479724,0.171338821741553,0.0439823260360599
652,0.115194870197981,0.208548844605949,0.0643107785061935
653,0.12024728267555,0.240091112583643,0.0711063832873513
654,0.096995278356376,0.2125162163919,0.0647626341010219
655,0.0876292999961888,0.188437081839389,0.0773549833391412
656,0.0794222363702881,0.175742103397247,0.073134363191533
657,0.0727054243602031,0.153648725031914,0.0699925209821676
658,0.0691000645830454,0.158513343913264,0.062753110627105
659,0.0660165544645085,0.171610178701219,0.0520423094755283
660,0.0643347908522478,0.157841156983746,0.0475376576215886
661,0.0602003795789947,0.147894586066834,0.0440322345120648
662,0.0554946111745569,0.154603234690976,0.0401615630340608
663,0.0613887316021411,0.150185272242869,0.0364466879936702
664,0.0579352557505837,0.14094813209644,0.0371705404821476
665,0.0422588630385581,0.110332364885542,0.0237744087943148
666,0.034901945479762,0.0853014315634869,0.0207054432334996
667,0.0245325134537054,0.0625999885293551,0.012267712054242
668,0.0213205123528437,0.0571911416900111,0.0114196160851001
669,0.0371978414560088,0.0754719025109316,0.0366675625924874
670,0.065851702160145,0.111094706991569,0.0601569171422315
671,0.0941462604045345,0.147522052500836,0.0743531989476408
672,0.124411699428236,0.18350191733208,0.0816146513264682
673,0.130786390597678,0.189293154353518,0.0854910366668171
674,0.120377305020807,0.164840718098938,0.0794833388335555
675,0.127365492698699,0.159650255203527,0.0807051232692042
676,0.129756940868168,0.177914110340784,0.0742079451842175
677,0.133246015430688,0.1960926316727,0.076199895224261
678,0.116277884006148,0.189257777013018,0.0622744697128198
679,0.0945870602407184,0.178335448550992,0.0498113599900955
680,0.0770039687809741,0.150653925316348,0.0389815140422249
681,0.0629172055120166,0.127013799096644,0.0297818577431087
682,0.0442394986124354,0.100906134240944,0.0280075682379628
683,0.00689692686238054,0.0541131995597674,0.0069768559241844
684,-0.0199783458987939,0.0212293833322232,-0.0168875608427335
685,-0.0421937638817765,-0.00440640780453769,-0.0450069828660639
686,-0.0434584516882698,-0.0104656781745222,-0.0493313849727833
687,-0.035294375568473,-0.0103799467890586,-0.0389437846952055
688,-0.0331043471957768,-0.0193871012651656,-0.0318266308639453
689,-0.0436773925749411,-0.0436197754033158,-0.0417201227550817
690,-0.0573354120931486,-0.067550975741839,-0.0580174694813915
691,-0.0736045698157698,-0.0920294857670195,-0.0666894230381465
692,-0.0857643509929201,-0.11673867608651,-0.071384297499501
693,-0.0826058294526877,-0.11730517556424,-0.0784217127369086
694,-0.0781638554963602,-0.118968116928227,-0.0812633577660837
695,-0.0671977758630173,-0.106509075711788,-0.0685956530555143
696,-0.0475948259631668,-0.0841782380925496,-0.0395578017372087
697,-0.0323556551550022,-0.0783438515308612,-0.00837271810523865
698,-0.0342844988348337,-0.0901483942911337,-0.0117132122192313
699,-0.0503066812047633,-0.112388028515152,-0.0514119924039048
700,-0.0544875294340861,-0.121203428191619,-0.0611166564136219
701,-0.0438756736816818,-0.115346699062516,-0.0503325704082239
702,-0.0357527874732328,-0.09933960916638,-0.0411072157272141
703,-0.0258258521911158,-0.107332783071676,-0.0309761232724105
704,-0.0316723104925069,-0.124783074960316,-0.0317931129041347
705,-0.0382500319649276,-0.115690825106722,-0.0499027693448601
706,-0.0212535998405025,-0.105414515740882,-0.055217828044153
707,-0.00669947865952263,-0.0963971160720364,-0.0377786819580453
708,-0.00594775143009226,-0.0900139067131701,-0.0153320074410785
709,-0.0119776283336756,-0.0906807350822755,-0.00663183349710972
710,-0.0144600440322337,-0.0833219145884742,-0.009383835597556
711,-0.0141196165503406,-0.0792377862809367,-0.0193587435644288
712,-0.0069696398981352,-0.0676206281038015,-0.0302244043264905
713,0.00235726163725745,-0.0498194484301175,-0.0301382678626288
714,0.00978373731436604,-0.0424101408571018,-0.0280921757189339
715,0.0182370215703346,-0.0303495432406259,-0.0151524837641645
716,0.0335666637986707,-0.00669772160717857,0.0142673349154698
717,0.041061051714292,0.00830539803379385,0.0267030203834248
718,0.0629082022741414,0.045971113949305,0.0218383888995582
719,0.0854823830233037,0.0772167966692122,-0.00404665238468983
720,0.107298344679354,0.11254567073669,0.0139567805840249
721,0.1035527193833,0.123733010873082,0.0399948688510103
722,0.0907633083973149,0.117683812313693,0.0517080505173046
723,0.0936607810385489,0.126652313295008,0.064110784836127
724,0.102855461758835,0.142742297203827,0.0676855893959413
725,0.0893699599250682,0.1433039713023,0.0460383709752908
726,0.0832187624686278,0.121128865261626,0.0441923507975822
727,0.0813948962381101,0.106547739103274,0.0525655315538925
728,0.0784916577239228,0.100446938142348,0.0650719788326609
729,0.0935765254392377,0.126023238950297,0.0778483942589341
730,0.112980325618391,0.167454720726753,0.0924622071546111
731,0.139628465303486,0.200411575703909,0.109507132297364
732,0.161329272061918,0.223525741293,0.121317494187928
733,0.164508175666858,0.214997511462797,0.132466331472579
734,0.140163133292108,0.186852913683135,0.110986271530664
735,0.130048659898656,0.174528862464485,0.0926729166061159
736,0.12221361514791,0.17121303705821,0.0785809814328639
737,0.131631514015283,0.182283644974354,0.088654558634199
738,0.135675337043136,0.184339254295701,0.0841407253692131
739,0.124960404331943,0.167110560081529,0.0746104292428373
740,0.115458148143766,0.153310179850802,0.057158110595463
741,0.0987953721259449,0.136865260870739,0.0423304577362909
742,0.0785950115321113,0.114111066333173,0.0393538877433472
743,0.0393248809207237,0.0738145563379556,0.0266872325555375
744,-0.0287721040827195,0.00200821205806405,-0.020901563949288
745,-0.0706944316903881,-0.0499660404408939,-0.0621127508413914
746,-0.0659077817340596,-0.0527751930937175,-0.0711885936953647
747,-0.0523878110813373,-0.0488538398953642,-0.0698728575622068
748,-0.0374239591110316,-0.0408370527520928,-0.0573817617818971
749,-0.0305419865836677,-0.0356223667995012,-0.0393750259880771
750,-0.0372438492801302,-0.0483524042057121,-0.0297013046525789
751,-0.0618564564510479,-0.0787153256813347,-0.0362569970942205
752,-0.0976874215788374,-0.127346944143641,-0.0690957087053661
753,-0.0983135832426908,-0.134429063196788,-0.0909985379887357
754,-0.0876241250928818,-0.134995915140351,-0.087878318215757
755,-0.0728375941613254,-0.117536745945214,-0.0636291302173631
756,-0.0600015248967216,-0.0925504314687173,-0.050616151036843
757,-0.0424786260788708,-0.0739590938895612,-0.0447345747103494
758,-0.0092023493730709,-0.0641197394584892,-0.0575518460268171
759,0.0139805891776332,-0.0337421042518715,-0.0653862959702112
760,0.0482230985241927,0.00286379032905326,-0.0147747811166797
761,0.0840249538443803,0.0309125367657624,-0.00383633034842779
762,0.100482149345626,0.0684083297291777,0.0328451442208948
763,0.102653191224517,0.0883505887530453,0.0625576595757548
764,0.0812839649593522,0.0764945973986643,0.0816616665267221
765,0.0718941364631279,0.0671843522013678,0.0874363096642382
766,0.0571689857664332,0.0531839630886703,0.0641424487684363
767,0.046150027839808,0.0419009701842071,0.0370317045623517
768,0.0429019374323931,0.0410761652748586,0.0243982639216726
769,0.0456882320146729,0.0477168025300946,0.0312809453134354
770,0.0435485657914543,0.0493373902665991,0.0556497501449751
771,0.0317291596746364,0.0412740062904103,0.0459623516855978
772,0.0117609325554891,0.0178586952996352,-0.00361434967232867
773,0.00293660802261619,0.0147004216128601,-0.0185754438822493
774,0.0120368962040693,0.0262582754647143,-0.0260302405326065
775,0.0159123441939474,0.0293771019822757,-0.0211700807155318
776,0.00762187819902977,0.0143047975128664,-0.0161918805439319
777,-0.00814874566241895,-0.00712653706929515,0.00995527426515653
778,-0.0432978142849672,-0.0512160253353584,-0.00518434989169622
779,-0.0710319320018601,-0.0773515379276068,0.00182997802920631
780,-0.0736663269450771,-0.0905048782337211,0.00606084136992116
781,-0.0653651277016939,-0.090838737429321,0.00531011693401074
782,-0.0589062643793479,-0.0916294493026834,0.00728261040498867
783,-0.0599332922121645,-0.100376411732305,0.00297187579412041
784,-0.0589964891295091,-0.0978470373049497,0.0084898595037229
785,-0.0552828893591252,-0.0917948612651163,0.0101364530732934
786,-0.0470111053583487,-0.0809574190530558,0.0069469096124609
787,-0.0395540199238374,-0.0771467334378511,0.00354229722874894
788,-0.0497123999042442,-0.1023151283794,-0.012767037594159
789,-0.0530524624343247,-0.110621245622208,-0.00747586500286603
790,-0.0288750311989627,-0.0630475826061467,0.00861387290970825
791,0.0232047809046321,0.000554440820260293,0.0154994782820617
792,0.0605725230946919,0.0214369768650909,-0.0135342255762444
793,0.0574241361088346,-0.0102663406665892,-0.0265675676350021
794,0.0549857529213402,0.000201270224609469,-0.00455539237892284
795,0.0513028996735465,0.0195807184619375,0.0136084948708366
796,0.0667393470812954,0.0551019425339313,0.0333948926906744
797,0.0868613790608977,0.0814571325848362,0.0422740762721446
798,0.106746768846518,0.110931132022355,0.041296985326332
799,0.117603349309633,0.137402501863794,0.0515204282993473
800,0.111374997124533,0.131744772039269,0.0593930169720897
801,0.111425031048903,0.136719821712293,0.0628372098711848
802,0.0970549190476825,0.124473639471204,0.063729979293606
803,0.093051724636724,0.135055820851685,0.0727398063465652
804,0.092621736644401,0.148157518982893,0.0824141952498694
805,0.0963934302144783,0.158571228083552,0.0712271617100441
806,0.0889738623497172,0.143587478096981,0.0615755477982403
807,0.0857524720013088,0.122930922659771,0.056183584151126
808,0.077893157131696,0.110551733219277,0.05369185885859
809,0.069456797555479,0.10457180445359,0.0624614688616308
810,0.0628439994964975,0.108870939836952,0.0714678947074771
811,0.0629407671852048,0.109570831587756,0.0674726352483864
812,0.0545016353277002,0.0981079883670472,0.0407329916162279
813,0.0253083562193354,0.0582303912580356,0.00682115884222715
814,0.000813803081608036,0.0228702537279222,-0.00551207188782541
815,-0.021808123920498,-0.00474079153904059,-0.00700577578962264
816,-0.0331334285885582,-0.0186020193510843,0.00511907192206536
817,-0.0249874114237397,-0.015370369339318,0.0263225519160355
818,0.0116838542535328,0.0196549912407267,0.028661279411482
819,0.0566671213880241,0.0573839578104595,0.0285617601974876
820,0.0884234371603072,0.0883681406982679,0.0374371616639869
821,0.0852331133474119,0.0915500069234575,0.0519102823354828
822,0.0680913974588159,0.0777802044019032,0.0522435954115497
823,0.0642558264056838,0.0823994197908243,0.0541669596368093
824,0.0740984455212028,0.0917847529644658,0.0616449006364981
825,0.0862667805129762,0.102205977201581,0.0598350205987824
826,0.0860804311404075,0.107607015007656,0.0422488497749385
827,0.0896463361003182,0.106015511705766,0.0340800044849323
828,0.0816002318759975,0.0981612294514882,0.0410842836839887
829,0.0951670560996607,0.113661151271132,0.0512166717213125
830,0.124748372341949,0.149813157100147,0.0710357910527901
831,0.138352324523904,0.171022874817816,0.0742328822339294
832,0.133251630260393,0.170127096171364,0.0659695657036967
833,0.142586047348959,0.175923564406275,0.0657805536976402
834,0.151109961455886,0.186310322586753,0.0645795451353932
835,0.147560120874107,0.184530386243859,0.0771017144778041
836,0.149547906672775,0.188199937766925,0.0942969427198856
837,0.142563786910922,0.190335016096012,0.100803970205836
838,0.124806775155358,0.176557269123941,0.0976030513548199
839,0.128573764845358,0.167269703964043,0.0965622963152358
840,0.136262780082558,0.166777720085781,0.105049321433662
841,0.126067306860431,0.158410412073723,0.101235601681567
842,0.0992509847813105,0.135449165065738,0.0910961672878196
843,0.0877935321911654,0.134456670278272,0.0799138200008848
844,0.0800272863216673,0.122600118468331,0.069476425453631
845,0.0792006411616572,0.105155286905367,0.0442746357872953
846,0.0748869711572759,0.0913138392567299,0.0122617049816351
847,0.0584958610972766,0.0727915242065552,-0.00931494752746044
848,0.0395271358103414,0.047848449947288,-0.00830741969851174
849,0.0235477381719268,0.0269804948183184,-0.00737191707843306
850,0.0105619827662114,0.00747346237596351,-0.0132235919000273
851,0.00487287430732125,0.0059761968588849,-0.0142720645415201
852,-0.00398513009470879,0.00549299639297635,-0.0469858375286455
853,-0.0368612326182398,-0.0350561951454979,-0.0810221676336262
854,-0.0715387456535818,-0.0780777342057593,-0.07889325770778
855,-0.0796027295772572,-0.0964742050337327,-0.0732228704018468
856,-0.0620676289043988,-0.0878105184143838,-0.0459602065907351
857,-0.0430740631471708,-0.0670502286864656,-0.01831489793665
858,-0.0233170848724323,-0.042263620404152,0.00372232793766486
859,-0.00541417649794134,-0.0249742268789836,0.0109270028551928
860,0.000821164929949784,-0.0184754869319391,0.00935954146596866
861,0.00811585825026339,-0.00884475643578187,-0.00246680770677592
862,0.0197143977483112,-0.000129274986215056,-0.00877796798930951
863,0.0302481597313934,0.021474397358981,-0.0076494575276165
864,0.0369183058671291,0.031659878824267,-0.000784627102040082
865,0.0222750962376686,-0.00816614519262049,-0.0214305270061188
866,0.004593092003932,-0.0395595426192156,-0.0529161657300772
867,-0.0106500809915977,-0.0436520629033541,-0.0504977249237415
868,-0.0105553051699557,-0.034258382964663,-0.0389350201911151
869,-0.00663136524981308,-0.0295847492976525,-0.0320925511163899
870,-0.00776290577350751,-0.0309302843885072,-0.0267471290625347
871,-0.00474553640613358,-0.0241372030796519,-0.0179648455768475
872,0.0060130785925148,-0.0125539358786154,-0.021654731702703
873,0.0382905940741839,0.0213604423767425,-0.0194622227585023
874,0.0796419545560916,0.0600586737802102,0.00531964592040894
875,0.0933155320026561,0.0877535131759271,0.0309422195069159
876,0.113829098775438,0.124485822409865,0.0547743892089372
877,0.115188510626729,0.138423954977525,0.0667744386480202
878,0.0978121480564612,0.127960256767852,0.0706530807145701
879,0.0898438128690728,0.115019827623205,0.0700792361923355
880,0.0976458335436048,0.119373062632914,0.0676580497530319
881,0.0906994986217942,0.111046861886272,0.0605000030309628
882,0.0750239539294127,0.0945270671100342,0.062294033971389
883,0.0713391103047954,0.0972612233006257,0.0753626690775945
884,0.0629523386852523,0.0903369944335366,0.0746200472306651
885,0.0521295877109076,0.0768906556317507,0.0552685763019536
886,0.0521670103991651,0.0672979757145182,0.0404396509606655
887,0.059659950308788,0.0674209656903628,0.0300389592446854
888,0.0518586164334139,0.0573747787220992,0.0270806993516974
889,0.0457268031647264,0.0490007175079313,0.0245636974983676
890,0.0384465547582488,0.040099028255063,0.0166099374847873
891,0.0348799161426865,0.0355469888190457,0.00249399216062101
892,0.035046229164138,0.0352850045124203,-0.0122449070034427
893,0.0310697278050631,0.0320417646475147,-0.021237481112947
894,0.0248488971720491,0.0250902448982947,-0.0213389950556105
895,0.0253199235838453,0.0235883590377817,-0.0282259384398346
896,0.032678335924623,0.0296756158846809,-0.0348234931378765
897,0.0420874353376945,0.0429096068960271,-0.0420734565545066
898,0.0712074466665477,0.0744775621893799,-0.0370049503382174
899,0.113900757188234,0.113626813846339,-0.0171905366391783
900,0.16963604470411,0.175215271242201,0.0158000326055061
901,0.187553155764262,0.209749292220988,0.0421260118697216
902,0.175001921387195,0.210921567584672,0.059326162034925
903,0.158734238431628,0.205026126106387,0.0722098210677016
904,0.154445100564494,0.213272202071258,0.0773226617787378
905,0.142772274763174,0.207846745877743,0.0847987157067828
906,0.130215420797355,0.193468432603204,0.0821755834963493
907,0.13004837099671,0.191104781261308,0.0768004827478785
908,0.131044072224116,0.192925661868615,0.0740791160078628
909,0.12951495050112,0.201699606872409,0.0712579172927609
910,0.116196353009212,0.21140832357196,0.0637178319627648
911,0.115533058755613,0.209190741356345,0.0560631094889324
912,0.111696423478978,0.201123693653252,0.0461824311090187
913,0.109990090362029,0.164279660094835,0.0391634072708139
914,0.0953906328292585,0.12947173896433,0.0318673344433874
915,0.0737434011534042,0.104106785812705,0.0202808922635264
916,0.059858660231673,0.0932467473671897,-0.00522945520487314
917,0.0500563159312722,0.0833588131564993,-0.039203889977835
918,0.0469616670500833,0.0752032956900009,-0.0601762472505077
919,0.047618360712832,0.0652363119364654,-0.0707518612721023
920,0.040593962945185,0.0439317003406888,-0.0674093208039055
921,0.0308956745277486,0.0310398315618172,-0.0665012280309104
922,0.0220952119776251,0.0209709832236265,-0.0656561819788835
923,0.0138864598145287,0.0119202528647631,-0.076294855354851
924,0.00332728134226986,0.000821498327403045,-0.0864477016384385
925,-0.00363233662637808,-0.00826692479640444,-0.0873167660254175
926,-0.0223366436306399,-0.0261384616851074,-0.0718387870434224
927,-0.047705163975727,-0.0494366134867995,-0.0597747088643206
928,-0.0615573557513436,-0.0652453613410243,-0.0511501268570815
929,-0.0630378422741584,-0.0758619025332369,-0.0457782446798528
930,-0.0642514024370531,-0.0826341564904793,-0.0463651426950356
931,-0.061979703323987,-0.087099223361268,-0.0439506505831445
932,-0.0556478401773459,-0.0885239783656956,-0.0381083835845145
933,-0.0510023143568097,-0.0920064480443114,-0.0347034173520304
934,-0.0480195895469763,-0.0966171762310171,-0.033268927333947
935,-0.0424777582497474,-0.092671685879797,-0.0318752162240692
936,-0.0389958070475185,-0.0816205987512099,-0.0295578506403584
937,-0.0324906269226191,-0.0718057160535788,-0.0282841532993695
938,-0.01408115288751,-0.0548213468368248,-0.0265069015971219
939,-0.000867099157109189,-0.0396160426754725,-0.0206277144972794
940,0.0072553239477244,-0.0283068077156411,-0.0205142052612784
941,0.010305098370473,-0.0232915321687739,-0.0255770569446023
942,0.029426895383018,-0.00358692714510212,-0.0142975854407474
943,0.0432244896804588,0.014056110130737,-0.000464229133928384
944,0.0511516625846848,0.0306030284353999,0.0125475556393125
945,0.0703078191885344,0.0514691640907807,0.0349454745521329
946,0.0703332492837187,0.0468833541319655,0.038792057640412
947,0.0642711860623195,0.0401183372533054,0.035107302072757
948,0.0568881662523176,0.0387987006567778,0.0350278181231825
949,0.0615417582705527,0.0563931126666323,0.0394806422951345
950,0.070108996176419,0.0862739648803298,0.0483192521662769
951,0.0775557417674782,0.102033561873819,0.0490518818732934
952,0.0856630860896958,0.108158109895099,0.0546438421944787
953,0.0752096877398925,0.0877848926814082,0.0482569609583736
954,0.0609396009627509,0.0678728630484999,0.0406506151043308
955,0.0634844999404436,0.0656794909474431,0.0378733226094039
956,0.0697607915099581,0.0816761669396786,0.039044008496297
957,0.0774518134285365,0.104626874754725,0.040959313242906
958,0.0922937223144793,0.113863339031011,0.054729746161658
959,0.11041449670896,0.125893247827992,0.0767741298152837
960,0.0997299633439484,0.113230027344121,0.086240127167035
961,0.0798448792203082,0.0935892321077879,0.0836186083753971
962,0.0548951502303705,0.0695480726626976,0.0717669509964499
963,0.00977859186892312,0.0249173167293183,0.0498092537477915
964,-0.0373354773881372,-0.0250215223990946,0.0481478136236594
965,-0.0564041206537044,-0.0476957966427882,0.0436783444672244
966,-0.0468627145337866,-0.0419259438438976,0.0355119947804418
967,-0.0371209151887501,-0.0369816290294647,0.0253873346381768
968,-0.0315209314084571,-0.0396521730897714,0.0193830859273716
969,-0.0330400327377776,-0.0477394101760516,0.0144942788107452
970,-0.0400307495971196,-0.0596065083493854,0.00987697059264022
971,-0.0364270428606059,-0.0532660545598904,0.013888025485657
972,-0.029230653246874,-0.0424010349706666,0.00218599708601711
973,-0.0309439660832314,-0.0505929917022242,-0.0133150788907878
974,-0.0390758481179281,-0.063166790760054,-0.0268852661967434
975,-0.0426324835106271,-0.0712946324724013,-0.034641039778066
976,-0.0441503010904153,-0.0704560290648235,-0.0373677626147457
977,-0.0448712761489786,-0.0714238262612201,-0.0333275870589301
978,-0.0407306367132485,-0.0771032984229449,-0.0301408393310249
979,-0.0360635931230389,-0.0834213522449358,-0.021795261670053
980,-0.0281660739764078,-0.0749376676797169,-0.0191824524599059
981,0.0207338648175266,-0.0176119790649323,0.00201210323463027
982,0.0627481218616277,0.0342796685950696,0.0154702693998238
983,0.084411016717005,0.0815897920866262,0.0297288334028157
984,0.108384942130612,0.11909327544862,0.0682994080887772
985,0.117587347036225,0.134704902600821,0.0777414949780017
986,0.10723310032281,0.122012502320045,0.0679516310050781
987,0.0749714850451312,0.0860869526153136,0.0536772742365077
988,0.0541977309993134,0.0612824474953265,0.0533318804738612
989,0.0485036695052863,0.0530668825040768,0.0487813786693584
990,0.0593264472843699,0.0605029711013586,0.0637434168291415
991,0.0624063342183055,0.0494390482224445,0.059129972798784
992,0.0542113683578748,0.0363753014268962,0.0347010566806122
993,0.0398319797653226,0.0354849915845787,0.0295102307690436
994,0.0308510603346609,0.040235805700351,0.025990634183284
995,0.0268655101037369,0.0344993217020663,0.0224646350688807
996,0.0206606793291456,0.0244300529654814,0.0175040405550821
997,0.0112580023737684,0.0154049155945437,0.0167613676643082
998,-0.0103286013551967,-0.0112435421091776,0.0033103238598836
999,-0.0429391304611717,-0.0463118432094497,-0.0337275336103911
1000,-0.0415118124236165,-0.0436849176592983,-0.0220778554943676
1001,-0.0269981039485182,-0.0281902726272113,0.00268388982105945
1002,-0.0204282275287813,-0.0264004187393526,0.0186433065510264
1003,-0.026112240389097,-0.0385325422765265,0.0248641302802129
1004,-0.0384132165371521,-0.0519156791579673,0.0273528898797099
1005,-0.0539050552485045,-0.0639954794522488,0.0178510837055291
1006,-0.057556989013973,-0.0725917118934042,0.0113306070669126
1007,-0.0494637495159277,-0.0741450761680293,0.0105180449052506
1008,-0.043290137043919,-0.0718175072912152,0.00819317539598406
1009,-0.0380641524792465,-0.0697438764737339,0.00148469083526304
1010,-0.0276998874479635,-0.0557714479155824,-0.0117668341132332
1011,-0.0118607643614282,-0.031849819058219,-0.0225168561155104
1012,0.00923403580038074,-0.00823691517822991,-0.0156242541103234
1013,0.0221155022162403,-0.000902663048235506,-0.0007636438784501
1014,0.0256290078265993,-0.0011933593804367,0.00535880519680034
1015,0.0220702631271376,-0.0070779798310666,0.00659680184110931
1016,0.0181400070836622,-0.009268265741991,0.00891661825251723
1017,0.0179160036840351,-0.00749165042164589,0.0164867361257819
1018,0.0206770784023903,-0.00387923011877499,0.0289628203682478
1019,0.00599103659611327,-0.0236107017351778,0.0334005049688454
1020,-0.0125893109005782,-0.0382100371039222,0.0296104804543735
1021,-0.0229651942572686,-0.0455490953254185,0.0177522716661345
1022,-0.0329957489388642,-0.0550535775310698,0.00254514357936003
1023,-0.0647917666664539,-0.0994280451127148,-0.0377202239229599
1024,-0.0938476843662956,-0.133570098178161,-0.0745864154781504
1025,-0.113916271560777,-0.155306991046575,-0.0851477442479437
1026,-0.107237948600778,-0.155242651391174,-0.0746210124753908
1027,-0.094443308603771,-0.136966517268936,-0.0754465471090878
1028,-0.0746311197958772,-0.117369786674351,-0.0646283914977236
1029,-0.0636789029503901,-0.109262508700722,-0.0660334974390466
1030,-0.0310632541010306,-0.0599674067086288,-0.0418328797654701
1031,-0.00109907597688449,-0.0251310067407245,-0.0147480744985004
1032,0.0221123993467735,-0.0123494742098828,0.00828510685616606
1033,0.0779670023849987,0.0307863178565711,0.0558597275733919
1034,0.139638089580053,0.0970359286416935,0.0774052003021595
1035,0.129867853575684,0.119678455954492,0.0800523289598033
1036,0.130144780973012,0.130593032926006,0.0838107080676127
1037,0.134690577564457,0.145794002856107,0.0916177488101111
1038,0.150060001440521,0.177218801764378,0.114038342685715
1039,0.164420912638556,0.191580102635082,0.121535899263683
1040,0.144691034875622,0.171536483668657,0.103133041231823
1041,0.132351724998252,0.158937729945359,0.0982257195263147
1042,0.119887339164533,0.147500867233486,0.0919697732216801
1043,0.116054622416247,0.149051856556471,0.0780112795259472
1044,0.133349009225464,0.17840826683434,0.0787772838347886
1045,0.169264190139345,0.225419541013614,0.10899813784472
1046,0.174172965935038,0.226682326559692,0.116443176491316
1047,0.142062101362673,0.193370777497105,0.103122437338781
1048,0.127138419904815,0.172138763204611,0.0990908781226283
1049,0.101488991297715,0.144613562185277,0.111081609326127
1050,0.0664659690431598,0.113687499285634,0.0868386705412355
1051,0.0502086823330766,0.08449673275674,0.079144432363318
1052,0.0527502769298113,0.0727360194277932,0.0951766500263906
1053,0.0609009176246182,0.0661429729305094,0.110980233042381
1054,0.0510011488903765,0.0528223931306493,0.0886176962368397
1055,0.0385666900313759,0.0366838541878683,0.0634053777963033
1056,0.0217305237173079,0.0168421315348576,0.0461899161591166
1057,-0.000969022956967319,-0.00485674683576777,0.0397773908331913
1058,-0.00242527190930268,-0.00298028625677892,0.0346125117828788
1059,0.0303782468131042,0.020946315691371,0.0230611736571543
1060,0.0343563226309188,0.0199501866349207,0.00923777981950315
1061,0.0312384798834036,0.018457944510692,-0.00237349090539239
1062,0.0430348257266673,0.0307257533580001,-0.00184435494797317
1063,0.060696657183953,0.0554057141117764,0.00396454625578804
1064,0.0769336504953934,0.0757222386067091,0.016556881645579
1065,0.0848633754132556,0.0851592102168463,0.0188166941215899
1066,0.07321937705167,0.069658902966981,0.00892244128026109
1067,0.069277227097784,0.0620242809913995,0.0163800063195891
1068,0.0588085020500826,0.0498639519589324,0.0266393980366639
1069,0.0426288003937879,0.0323526321655983,0.0309084874714819
1070,-0.00514227477474794,-0.010823249040634,0.0290312316654283
1071,-0.0603129769940927,-0.0655375354101373,0.0380131506901574
1072,-0.0768238066512516,-0.0902155411823889,0.043082221796535
1073,-0.0577181526083827,-0.0789601547235449,0.0274773699539387
1074,-0.0454848883490976,-0.0671037887015707,0.006525891120903
1075,-0.0411484252002831,-0.0620666588085488,-0.00783124535535509
1076,-0.0436848593961012,-0.0703008540602305,-0.0115160789004609
1077,-0.0442247639280798,-0.0826756812710398,-0.00715359131244079
1078,-0.0453767565808997,-0.0837457890850875,-0.0365845961962921
1079,-0.049556168337533,-0.0814416198294412,-0.0580751280497923
1080,-0.0595946284453238,-0.0929063984697895,-0.0715680954257178
1081,-0.0567297700086965,-0.0922790319494714,-0.0631070295914125
1082,-0.0449389798533386,-0.0807501513618985,-0.0580387768997874
1083,-0.0398164617369718,-0.0757466629234757,-0.0659484041388237
1084,0.00281534626047243,-0.0263604834195538,-0.0468662678078783
1085,0.0353975145976318,0.0064015729763719,-0.0429773954628457
1086,0.0639099712070355,0.0448439916122294,0.00971316229050764
1087,0.0647966668067181,0.0589139849168971,0.0369725636061234
1088,0.0732432952268593,0.0790521822150356,0.0446524796710504
1089,0.0796370858929832,0.0973786389837606,0.0457638374352522
1090,0.0854107419264489,0.111374895050198,0.0482749416875015
1091,0.0887133041966747,0.112584716977742,0.0482061337162603
1092,0.0965244126258453,0.117159503419899,0.0536118715030069
1093,0.102809839840698,0.114276676894204,0.0526629155813103
1094,0.076812330092035,0.0891788339688494,0.0396585632820826
1095,0.0751551036110068,0.0874182647696937,0.0429821050959609
1096,0.0757453141790871,0.093750707298391,0.0450092996917256
1097,0.0799572950882966,0.10966175276008,0.0515672248459767
1098,0.104559402784921,0.145390950519391,0.0667555628717158
1099,0.11838975980288,0.156011203960451,0.0682776622358652
1100,0.131282965095716,0.161414722617785,0.0719586393985136
1101,0.128692604617389,0.159987724354011,0.0811115981043919
1102,0.0994250710867183,0.134252635383633,0.0828313898603958
1103,0.068574585801856,0.103825768997829,0.0961510614469728
1104,0.0534567802950076,0.0848724520828469,0.112818355371406
1105,0.0460061820751403,0.0723847360776228,0.115120475420702
1106,0.0441131047556895,0.0639616873287695,0.109229010172924
1107,0.0428291264163667,0.0570097971657092,0.0991743877798192
1108,0.0273214531386809,0.0403510564318877,0.0767309375166435
1109,0.0307332703835189,0.0418989961342175,0.0976827813365544
1110,0.0425202807414836,0.0489022897078193,0.104585712034659
1111,0.0491187475824811,0.0433038865273137,0.101256133042385
1112,0.0634568336859773,0.0530151134685414,0.0948649289411804
1113,0.0833190732194657,0.0841803677609103,0.0931210818868203
1114,0.0747426549387046,0.0804559083835262,0.0665348675483029
1115,0.0677231070994382,0.0711169314008639,0.0550864991750009
1116,0.0669377911897529,0.0682099326338346,0.0545482943675215
1117,0.0657667794391931,0.0722766086949569,0.0545442216282258
1118,0.0845956319025265,0.0983238072313793,0.054366144751311
1119,0.0923467469603809,0.107389675945831,0.0479847800557595
1120,0.0897662911645034,0.0998527464999465,0.0467549621890617
1121,0.104500930303779,0.108123474261837,0.0819200609157949
1122,0.0845880501076053,0.0874373606000045,0.0757913402880255
1123,0.0564161371009295,0.0571445840335798,0.0579456218059355
1124,0.0183291639002089,0.0197499900470822,0.0492195339152391
1125,-0.0458822904089266,-0.0402102064698063,0.0559996697981088
1126,-0.0605141904870612,-0.0629020219583846,0.0701456012177806
1127,-0.0626507356683193,-0.077460359216995,0.0654372033731227
1128,-0.062875674109172,-0.0883563773242707,0.0404754593675225
1129,-0.0538757081554332,-0.0764606718510834,0.0158167762666242
1130,-0.0454691287112516,-0.0697302939289752,-0.000123211558212629
1131,-0.0543118355107496,-0.0913053722530823,-0.0311792005484625
1132,-0.0670561415391744,-0.0942783217813528,-0.0673617264086536
1133,-0.0665033255525532,-0.0893713733976497,-0.0812805379151361
1134,-0.0650319534789568,-0.0917032126341881,-0.103151038716028
1135,-0.0516720744469741,-0.076543527783911,-0.0780658170783634
1136,-0.0402662758039463,-0.0633392898691288,-0.0653259444334422
1137,-0.028627507488164,-0.0510036058565478,-0.0495045509884155
1138,-0.0227907978578794,-0.045417630125168,-0.0425880144176867
1139,-0.0386342685167376,-0.0711644801233965,-0.0725914305841797
1140,-0.0572608579226439,-0.0925935451828255,-0.0879684018221643
1141,-0.0616790945379796,-0.0929827097078031,-0.0653060411834306
1142,-0.0554918206824457,-0.0837343657840615,-0.0455019080633846
1143,-0.0434373795258505,-0.0761235291955141,-0.0274804164787212
1144,-0.0350445082740422,-0.0735318934433508,-0.0189023967004996
1145,-0.0307018771021712,-0.0694606256268308,-0.0333467217591119
1146,-0.0391052323879328,-0.0847228175094534,-0.0530925420604095
1147,-0.05313280566235,-0.0888179560776434,-0.051843798593964
1148,-0.0533642673848267,-0.0838188518967274,-0.0395238386122898
1149,-0.0496809283840258,-0.0783556405074863,-0.0287216866992847
1150,-0.0415941558359476,-0.0683633208852567,-0.0148097459735259
1151,-0.037050346119714,-0.0655345034969619,-0.021866482298687
1152,-0.0414617728463286,-0.0737354790138862,-0.0414408851686284
1153,-0.0469976002763972,-0.0825172520740229,-0.0544860319762313
1154,-0.0507216170825207,-0.0886567835820721,-0.0572692242602354
1155,-0.0482114428790362,-0.0832599416396529,-0.0775105406919708
1156,-0.0334345856080877,-0.0618997620711449,-0.0835499847464636
1157,-0.0118198624942925,-0.0335630082259772,-0.067732829394927
1158,0.00830680910345425,-0.0125263089171657,-0.0421646231685585
1159,0.0304665740657517,-0.00485256831087042,-0.0172412952679397
1160,0.0377038860538318,-0.00502221121336496,-0.0180675357675167
1161,0.0700473968435552,0.033749366192554,-0.00132892176848497
1162,0.116493151881879,0.0885489565466269,0.0346234787456477
1163,0.135331652920933,0.128136624695717,0.0654512447616416
1164,0.136056755950071,0.146139409985286,0.0998823087692262
1165,0.131554870217503,0.150708731911687,0.151628873335645
1166,0.150619565454444,0.177313182889451,0.165171002546804
1167,0.125448143719612,0.159130816604493,0.129757673261274
1168,0.0946653500038063,0.13420026854682,0.101318134460615
1169,0.0665339863471609,0.108640865683871,0.107267424242191
1170,0.051284240152718,0.0874845891879914,0.105993922779818
1171,0.0462506265604655,0.0569667046758952,0.108530242990274
1172,0.0516825939196626,0.0475678877315372,0.0984407329837617
1173,0.0654019498850287,0.0586390302500545,0.0875936243629559
1174,0.0611234792304349,0.0571613496983621,0.0622605332802249
1175,0.0459633674681838,0.048329963809259,0.0522587406108672
1176,0.0277450055481616,0.0301083442102109,0.0494541204914784
1177,0.00226912894739755,-0.00130121804478598,0.0413009209077208
1178,-0.0184144938705371,-0.0250194603254354,0.0227857569570468
1179,-0.0159936009282923,-0.026036890943684,0.0454784249221306
1180,-0.00518548439888375,-0.0197480747747214,0.0577501152172135
1181,0.0015750408434613,-0.018579419971547,0.0486412400815956
1182,-0.00369097034769515,-0.0274050453008393,0.0412144821385182
1183,-0.0114474417830211,-0.0330769344017545,0.0364049043301891
1184,-0.0190478239013983,-0.0387750075505636,0.0313527867650326
1185,-0.0276056399310905,-0.0470331828385615,0.0236646986621276
1186,-0.0362122277922209,-0.057395117490258,0.0117533569288735
1187,-0.0405999053504754,-0.0640430579392419,-0.00759118056856365
1188,-0.0414522189163451,-0.0659117660120475,-0.0186074383584455
1189,-0.0428697002386946,-0.0685975489725418,-0.0184104370491982
1190,-0.0444039879493285,-0.0704064376871629,-0.00661173495909255
1191,-0.0486251050442006,-0.074913755570442,-0.000123455330581208
1192,-0.0626327625447774,-0.0846533082567648,-0.0207559004991249
1193,-0.065497745376528,-0.0786094934272443,-0.0389543605262023
1194,-0.0613816820659972,-0.0712029384280061,-0.0471444906798851
1195,-0.0648523173289381,-0.0772755291624653,-0.0723698437053155
1196,-0.0599060190152143,-0.0787567284958802,-0.0596858676597832
1197,-0.0701965588696957,-0.105038790605441,-0.067890641011214
1198,-0.0935755187666643,-0.126738918112138,-0.0930464301807339
1199,-0.0874033128437826,-0.107759709313349,-0.0777447131348892
1200,-0.0834208364897853,-0.102248957647108,-0.0730909183024121
1201,-0.0730126916531134,-0.0940986621228194,-0.0610932853783281
1202,-0.0698574575311757,-0.0936460704906973,-0.0513248450874753
1203,-0.0746428894157787,-0.105547201724191,-0.0555765690347003
1204,-0.0809136799956068,-0.121944092799448,-0.0695418620677464
1205,-0.0850418748846512,-0.128937103468225,-0.0703752379772667
1206,-0.103921604319344,-0.137892994314785,-0.0869273324202257
1207,-0.103405476880976,-0.139232862957148,-0.0912310726504477
1208,-0.083568812526152,-0.121705898037902,-0.0864234473348668
1209,-0.062194019467751,-0.101375925628396,-0.0726961574840635
1210,-0.054693968409289,-0.097355793198579,-0.0721408677854206
1211,-0.0487768617722171,-0.0915877317701914,-0.0852221358985078
1212,-0.0395376190927853,-0.0783259159106487,-0.0794083294332262
1213,-0.0445408905216406,-0.0896643124442776,-0.0677091666847277
1214,-0.0475672158910993,-0.0984667502285264,-0.0595214470191101
1215,-0.0454508443528617,-0.0914289658001444,-0.0552796910443622
1216,-0.0363311414052217,-0.068788737489461,-0.0463761572793561
1217,-0.0299120501037397,-0.0550401967213132,-0.0447157810528678
1218,-0.0252072468718026,-0.0516492814691864,-0.0443707841548174
1219,-0.0194274243626036,-0.060483726672428,-0.0466387859631081
