date,flow_ft3_s,po4_mg_L,Daily Load MTD
1/1/2013,193900,0.04219,20.0163924
1/2/2013,192800,0.04174,19.69055449
1/3/2013,196700,0.04308,20.73378192
1/4/2013,218200,0.04813,25.69621041
1/5/2013,195300,0.04245,20.2851587
1/6/2013,188600,0.0398,18.3663659
1/7/2013,183300,0.03742,16.78281162
1/8/2013,191100,0.04064,19.00259263
1/9/2013,190000,0.04015,18.6654138
1/10/2013,179000,0.03523,15.42993676
1/11/2013,179400,0.03531,15.49953354
1/12/2013,183300,0.03704,16.61238222
1/13/2013,182600,0.03663,16.36575946
1/14/2013,196300,0.04204,20.19209955
1/15/2013,190000,0.0396,18.4097232
1/16/2013,193200,0.0407,19.23977563
1/17/2013,200200,0.04295,21.03903001
1/18/2013,198100,0.04218,20.44511335
1/19/2013,187500,0.03819,17.52061725
1/20/2013,208000,0.04461,22.70356358
1/21/2013,198500,0.04191,20.35525952
1/22/2013,208700,0.0445,22.72379862
1/23/2013,207700,0.04411,22.41671788
1/24/2013,186800,0.03733,17.06213342
1/25/2013,180800,0.03462,15.31524545
1/26/2013,169900,0.02919,12.13461343
1/27/2013,167400,0.02782,11.39491398
1/28/2013,191100,0.03845,17.97858481
1/29/2013,181500,0.03446,15.30348613
1/30/2013,185000,0.03585,16.2277893
1/31/2013,250000,0.0445,27.22065
2/1/2013,221800,0.04493,24.38352178
2/2/2013,202700,0.04141,20.53796697
2/3/2013,176200,0.03143,13.55029521
2/4/2013,184700,0.03501,15.82185784
2/5/2013,189300,0.03666,16.98015094
2/6/2013,179000,0.03233,14.15980288
2/7/2013,182200,0.03357,14.96573965
2/8/2013,189300,0.0362,16.76708849
2/9/2013,175500,0.03033,13.02410842
2/10/2013,163900,0.02456,9.849309571
2/11/2013,205500,0.04057,20.39930192
2/12/2013,202000,0.03953,19.53784481
2/13/2013,187900,0.0349,16.04540483
2/14/2013,194900,0.03717,17.72567866
2/15/2013,195600,0.03721,17.80848572
2/16/2013,174800,0.02907,12.4332576
2/17/2013,187200,0.034,15.57339264
2/18/2013,177600,0.03004,13.05393247
2/19/2013,208400,0.03967,20.22825347
2/20/2013,213700,0.04039,21.11917005
2/21/2013,193200,0.03539,16.72962309
2/22/2013,171300,0.02667,11.17837952
2/23/2013,176600,0.02886,12.47054684
2/24/2013,183600,0.03156,14.17777707
2/25/2013,182900,0.03113,13.93128888
2/26/2013,169500,0.02536,10.51761874
2/27/2013,186100,0.03199,14.56662987
2/28/2013,197100,0.0353,17.02392908
3/1/2013,196700,0.03502,16.85462031
3/2/2013,182900,0.03035,13.5822235
3/3/2013,181500,0.02965,13.16739303
3/4/2013,194600,0.03388,16.13186985
3/5/2013,182200,0.02961,13.20034409
3/6/2013,167700,0.02356,9.667336162
3/7/2013,185400,0.03043,13.80416539
3/8/2013,175200,0.0264,11.3171351
3/9/2013,190000,0.03162,14.69988504
3/10/2013,172300,0.02499,10.53537516
3/11/2013,193500,0.03234,15.31156057
3/12/2013,206200,0.03521,17.76450693
3/13/2013,204100,0.0346,17.27895905
3/14/2013,196000,0.03249,15.58132027
3/15/2013,200200,0.03338,16.35117164
3/16/2013,182600,0.02802,12.51893475
3/17/2013,177300,0.02596,11.26190593
3/18/2013,183300,0.02796,12.54001638
3/19/2013,214700,0.0352,18.49154419
3/20/2013,206600,0.03377,17.07103488
3/21/2013,200900,0.03246,15.95610642
3/22/2013,201600,0.03244,16.00183711
3/23/2013,183600,0.02733,12.27752368
3/24/2013,174100,0.02382,10.1470313
3/25/2013,174500,0.02381,10.16607475
3/26/2013,188200,0.02832,13.04101336
3/27/2013,188200,0.02817,12.9719402
3/28/2013,203400,0.03175,15.80131206
3/29/2013,191400,0.02877,13.47349505
3/30/2013,183300,0.0262,11.75065913
3/31/2013,175200,0.02331,9.992515882
4/1/2013,199200,0.03021,14.72443134
4/2/2013,199900,0.0302,14.77128266
4/3/2013,197400,0.0295,14.24845044
4/4/2013,191800,0.02795,13.11682991
4/5/2013,187900,0.02674,12.29381447
4/6/2013,180100,0.02425,10.68621549
4/7/2013,176900,0.02308,9.989922274
4/8/2013,186100,0.02583,11.76167707
4/9/2013,193200,0.02759,13.04239336
4/10/2013,185800,0.02546,11.5745091
4/11/2013,182200,0.02429,10.82865106
4/12/2013,200600,0.02882,14.14566527
4/13/2013,206900,0.02982,15.09616387
4/14/2013,197100,0.0278,13.40694698
4/15/2013,202700,0.0288,14.28383117
4/16/2013,216500,0.03057,16.19391335
4/17/2013,196700,0.02733,13.15353435
4/18/2013,194200,0.02665,12.66324212
4/19/2013,206600,0.0289,14.60920663
4/20/2013,220000,0.03029,16.30498584
4/21/2013,196300,0.02675,12.84820797
4/22/2013,191100,0.0254,11.87662039
4/23/2013,193900,0.02595,12.31157579
4/24/2013,199900,0.02709,13.25013402
4/25/2013,207700,0.02828,14.37190618
4/26/2013,207300,0.02811,14.2580003
4/27/2013,184300,0.02313,10.4303634
4/28/2013,185400,0.02331,10.57427194
4/29/2013,209100,0.02799,14.32040838
4/30/2013,201600,0.02674,13.19017029
5/1/2013,204100,0.02705,13.50855035
5/2/2013,201600,0.02652,13.08164982
5/3/2013,202700,0.0266,13.19270518
5/4/2013,193500,0.02471,11.69909282
5/5/2013,184700,0.02248,10.15925062
5/6/2013,201600,0.02612,12.88433987
5/7/2013,198100,0.02538,12.30196721
5/8/2013,201300,0.02586,12.73710612
5/9/2013,195300,0.02463,11.76969279
5/10/2013,193200,0.0241,11.39259442
5/11/2013,205900,0.02632,13.25991388
5/12/2013,202700,0.02575,12.77113377
5/13/2013,220000,0.02764,14.87850144
5/14/2013,202400,0.02552,12.63832881
5/15/2013,208400,0.02632,13.42091332
5/16/2013,203800,0.02559,12.76065413
5/17/2013,191400,0.02319,10.86028329
5/18/2013,182900,0.02109,9.438190895
5/19/2013,187200,0.02208,10.1135444
5/20/2013,198800,0.02449,11.91251984
5/21/2013,200900,0.02479,12.18582495
5/22/2013,195300,0.02369,11.32050435
5/23/2013,199900,0.02448,11.97354303
5/24/2013,197400,0.02399,11.5871297
5/25/2013,184700,0.02116,9.562710994
5/26/2013,188200,0.02196,10.11231121
5/27/2013,193900,0.02314,10.97841479
5/28/2013,190000,0.02227,10.35314484
5/29/2013,208700,0.02548,13.01128964
5/30/2013,206600,0.02516,12.71860342
5/31/2013,199900,0.02408,11.77789691
6/1/2013,196000,0.02335,11.19802488
6/2/2013,188600,0.02176,10.0415106
6/3/2013,209400,0.02536,12.99344757
6/4/2013,201300,0.02418,11.90963751
6/5/2013,199200,0.02379,11.5953069
6/6/2013,190000,0.02196,10.20902832
6/7/2013,194600,0.02289,10.89901124
6/8/2013,185400,0.02086,9.462861979
6/9/2013,192500,0.02241,10.55531169
6/10/2013,205500,0.02466,12.39947708
6/11/2013,208700,0.02506,12.79681783
6/12/2013,206900,0.02482,12.56494927
6/13/2013,195300,0.02291,10.94777352
6/14/2013,205200,0.02455,12.32614649
6/15/2013,200900,0.0239,11.74833467
6/16/2013,203100,0.02422,12.03600984
6/17/2013,211200,0.02527,13.05863032
6/18/2013,195300,0.02288,10.93343772
6/19/2013,192500,0.02232,10.51292088
6/20/2013,198100,0.02341,11.34708638
6/21/2013,197800,0.02334,11.29602411
6/22/2013,194600,0.02276,10.83711209
6/23/2013,188200,0.02143,9.868252697
6/24/2013,191800,0.0222,10.41837653
6/25/2013,203400,0.02432,12.1035562
6/26/2013,208700,0.02506,12.79681783
6/27/2013,198800,0.02361,11.48446686
6/28/2013,201600,0.02411,11.89285736
6/29/2013,198500,0.02359,11.45742238
6/30/2013,191100,0.02216,10.36164992
7/1/2013,187200,0.02132,9.765433267
7/2/2013,205200,0.02474,12.42154233
7/3/2013,209100,0.02527,12.92878599
7/4/2013,205900,0.0249,12.54452339
7/5/2013,204800,0.02479,12.42238403
7/6/2013,202000,0.0244,12.05978784
7/7/2013,192500,0.02268,10.68248412
7/8/2013,203400,0.02471,12.29765106
7/9/2013,205900,0.02511,12.65032057
7/10/2013,215100,0.02621,13.79449808
7/11/2013,204800,0.02506,12.55768228
7/12/2013,207300,0.02546,12.91386295
7/13/2013,197400,0.02394,11.56297978
7/14/2013,200600,0.02455,12.04982936
7/15/2013,203100,0.02501,12.42859645
7/16/2013,208700,0.02588,13.2155485
7/17/2013,220400,0.02704,14.58198843
7/18/2013,214700,0.02667,14.01049669
7/19/2013,218600,0.02707,14.47894389
7/20/2013,217900,0.02709,14.44324263
7/21/2013,209800,0.02636,13.53160655
7/22/2013,215800,0.02707,14.29348624
7/23/2013,218600,0.02738,14.64475374
7/24/2013,210100,0.02664,13.6948962
7/25/2013,206900,0.02632,13.32431365
7/26/2013,223200,0.02792,15.24783122
7/27/2013,206200,0.02639,13.31455092
7/28/2013,210500,0.02703,13.92183934
7/29/2013,221400,0.02812,15.23320914
7/30/2013,221100,0.02819,15.25043706
7/31/2013,217500,0.02805,14.92762095
8/1/2013,216100,0.02803,14.82096004
8/2/2013,217900,0.02828,15.07770032
8/3/2013,209800,0.02754,14.13734615
8/4/2013,201300,0.02636,12.98337654
8/5/2013,212900,0.02815,14.66400272
8/6/2013,214400,0.0284,14.89846733
8/7/2013,210800,0.02813,14.50904443
8/8/2013,214700,0.02867,15.06115261
8/9/2013,213300,0.02864,14.94728588
8/10/2013,203400,0.02739,13.6314311
8/11/2013,196000,0.02609,12.51205435
8/12/2013,216100,0.02931,15.4977645
8/13/2013,210100,0.02877,14.789871
8/14/2013,202400,0.02768,13.70803062
8/15/2013,208700,0.02883,14.72195762
8/16/2013,210100,0.02916,14.99035935
8/17/2013,196000,0.0268,12.85255104
8/18/2013,195600,0.02686,12.85503699
8/19/2013,202000,0.02828,13.97749181
8/20/2013,203100,0.0286,14.21262929
8/21/2013,206200,0.02929,14.77768839
8/22/2013,211900,0.03023,15.67355729
8/23/2013,209100,0.02999,15.34366014
8/24/2013,193200,0.02706,12.79185083
8/25/2013,195300,0.0277,13.23672311
8/26/2013,209800,0.03055,15.68249545
8/27/2013,208400,0.03049,15.54725103
8/28/2013,202700,0.02969,14.72524123
8/29/2013,200900,0.02951,14.50599816
8/30/2013,208400,0.03096,15.7869102
8/31/2013,201300,0.02988,14.7171203
9/1/2013,195600,0.0288,13.7835095
9/2/2013,198100,0.02952,14.30867108
9/3/2013,208700,0.03168,16.17730203
9/4/2013,211500,0.03226,16.69449193
9/5/2013,202400,0.03088,15.29277404
9/6/2013,194600,0.0293,13.9511153
9/7/2013,202000,0.03115,15.39599964
9/8/2013,192100,0.02898,13.62147751
9/9/2013,197400,0.03048,14.72178879
9/10/2013,208400,0.03282,16.7353486
9/11/2013,210100,0.03329,17.11347952
9/12/2013,196700,0.0308,14.82359525
9/13/2013,192800,0.02996,14.13342148
9/14/2013,185800,0.02803,12.74287078
9/15/2013,195300,0.03095,14.78976824
9/16/2013,193200,0.03055,14.44164977
9/17/2013,192500,0.03052,14.37519468
9/18/2013,191800,0.03048,14.3041494
9/19/2013,200600,0.03293,16.16296867
9/20/2013,199500,0.03287,16.04505004
9/21/2013,191400,0.03089,14.46632819
9/22/2013,186800,0.02963,13.54275417
9/23/2013,201600,0.03391,16.72695118
9/24/2013,201600,0.03409,16.81574066
9/25/2013,196000,0.03287,15.76355794
9/26/2013,198100,0.0336,16.28629229
9/27/2013,186100,0.03021,13.75610779
9/28/2013,180500,0.02834,12.51628732
9/29/2013,188200,0.03125,14.3902425
9/30/2013,195300,0.03357,16.04176154
10/1/2013,197400,0.03433,16.58133233
10/2/2013,197100,0.03441,16.59471387
10/3/2013,193900,0.03369,15.98369898
10/4/2013,202000,0.03603,17.80795721
10/5/2013,188200,0.03225,14.85073026
10/6/2013,197100,0.03513,16.94194416
10/7/2013,208400,0.03794,19.34610377
10/8/2013,213700,0.03902,20.40282286
10/9/2013,201300,0.0368,18.12550291
10/10/2013,198100,0.03617,17.53199976
10/11/2013,196300,0.03586,17.22380328
10/12/2013,186500,0.03278,14.9584384
10/13/2013,185400,0.03256,14.7704116
10/14/2013,192500,0.03518,16.57009662
10/15/2013,202000,0.0381,18.83106216
10/16/2013,202700,0.03846,19.07486621
10/17/2013,213300,0.04076,21.27274345
10/18/2013,216500,0.0414,21.93091308
10/19/2013,203800,0.03926,19.5773068
10/20/2013,206600,0.04008,20.26079591
10/21/2013,211900,0.04129,21.40791203
10/22/2013,216500,0.04217,22.33880687
10/23/2013,207700,0.04085,20.75998471
10/24/2013,212600,0.04197,21.83236087
10/25/2013,206200,0.04093,20.65041945
10/26/2013,224600,0.04373,24.03187747
10/27/2013,202700,0.04043,20.05191993
10/28/2013,198800,0.03954,19.23319863
10/29/2013,197400,0.03928,18.97217401
10/30/2013,196700,0.03922,18.87601966
10/31/2013,195300,0.03893,18.60309136
11/1/2013,226400,0.04492,24.88368196
11/2/2013,198500,0.04023,19.53930065
11/3/2013,190300,0.03767,17.54013293
11/4/2013,198800,0.04065,19.7731291
11/5/2013,198800,0.0408,19.84609267
11/6/2013,198100,0.04073,19.74228229
11/7/2013,210800,0.04407,22.73066434
11/8/2013,211200,0.04428,22.882317
11/9/2013,202000,0.0423,20.90692728
11/10/2013,209800,0.0443,22.74090175
11/11/2013,217900,0.0458,24.41862358
11/12/2013,196300,0.04101,19.69738351
11/13/2013,212200,0.04522,23.47871961
11/14/2013,222800,0.04677,25.49652706
11/15/2013,204500,0.04376,21.89621746
11/16/2013,191800,0.03986,18.70614813
11/17/2013,191800,0.03997,18.75777071
11/18/2013,251400,0.04638,28.52952162
11/19/2013,207300,0.04495,22.79961272
11/20/2013,196300,0.04195,20.14887194
11/21/2013,196000,0.04192,20.10369178
11/22/2013,191100,0.04021,18.80153173
11/23/2013,191800,0.04058,19.04404142
11/24/2013,196300,0.04235,20.34099467
11/25/2013,207700,0.04566,23.20442844
11/26/2013,211200,0.04653,24.04503636
11/27/2013,200900,0.04408,21.66805825
11/28/2013,190000,0.04031,18.73979652
11/29/2013,195600,0.04252,20.34982028
11/30/2013,187900,0.03958,18.19705224
12/1/2013,184700,0.03827,17.29512995
12/2/2013,195600,0.04273,20.45032504
12/3/2013,189300,0.04035,18.68928233
12/4/2013,187200,0.03951,18.09719833
12/5/2013,196000,0.04301,20.62642613
12/6/2013,196300,0.0432,20.74925549
12/7/2013,191800,0.04153,19.48987285
12/8/2013,174800,0.03378,14.44772762
12/9/2013,207300,0.04654,23.60609513
12/10/2013,220700,0.04893,26.42262863
12/11/2013,209400,0.0471,24.13215223
12/12/2013,213300,0.04791,25.0043459
12/13/2013,208400,0.0469,23.91492533
12/14/2013,170600,0.03164,13.20729789
12/15/2013,196000,0.04333,20.77988942
12/16/2013,202000,0.04529,22.38474554
12/17/2013,199200,0.04442,21.65042172
12/18/2013,203100,0.04559,22.6557262
12/19/2013,194600,0.04284,20.39814948
12/20/2013,190300,0.04121,19.18844911
12/21/2013,188900,0.04062,18.77458512
12/22/2013,197100,0.04368,21.06530375
12/23/2013,226700,0.04951,27.46268012
12/24/2013,222800,0.04921,26.82668584
12/25/2013,211200,0.04747,24.53079468
12/26/2013,221100,0.04896,26.48674702
12/27/2013,197400,0.04367,21.09253663
12/28/2013,212900,0.04771,24.85327068
12/29/2013,202700,0.04524,22.43751813
12/30/2013,204800,0.04578,22.94057042
12/31/2013,216100,0.04809,25.42775485
1/1/2014,194900,0.04259,20.31037542
1/2/2014,177300,0.03484,15.11420658
1/3/2014,198800,0.04379,21.30049995
1/4/2014,187200,0.03933,18.01475096
1/5/2014,181200,0.03657,16.21368105
1/6/2014,248300,0.04792,29.11333788
1/7/2014,256400,0.04666,29.2725952
1/8/2014,191100,0.04064,19.00259263
1/9/2014,165300,0.02808,11.3571256
1/10/2014,170900,0.03109,13.00053595
1/11/2014,163900,0.02717,10.89599923
1/12/2014,183300,0.03704,16.61238222
1/13/2014,177300,0.03412,14.80185788
1/14/2014,198500,0.04272,20.74866826
1/15/2014,198500,0.04262,20.70009928
1/16/2014,195600,0.04159,19.90472779
1/17/2014,186800,0.03811,17.41864197
1/18/2014,194200,0.04087,19.42013905
1/19/2014,184000,0.03669,16.51824893
1/20/2014,189300,0.03879,17.96672272
1/21/2014,190700,0.03922,18.30023869
1/22/2014,185800,0.03711,16.87077898
1/23/2014,186100,0.03716,16.92078668
1/24/2014,193200,0.03976,18.79541718
1/25/2014,172000,0.03038,12.78541085
1/26/2014,175900,0.03219,13.85432234
1/27/2014,185000,0.03623,16.39979934
1/28/2014,186500,0.03667,16.73355509
1/29/2014,182900,0.03508,15.69899178
1/30/2014,178300,0.03291,14.35746272
1/31/2014,188200,0.03698,17.02883736
2/1/2014,181900,0.03422,15.23039532
2/2/2014,178700,0.03269,14.2934789
2/3/2014,190300,0.03736,17.39578885
2/4/2014,186100,0.03558,16.2013345
2/5/2014,181200,0.03338,14.79936214
2/6/2014,195600,0.03872,18.53116278
2/7/2014,199500,0.03972,19.38878575
2/8/2014,187200,0.0354,16.21464998
2/9/2014,186500,0.03498,15.96236044
2/10/2014,189300,0.03589,16.62350292
2/11/2014,190700,0.03624,16.9097565
2/12/2014,192500,0.03668,17.27661012
2/13/2014,183600,0.03327,14.94596461
2/14/2014,180800,0.03196,14.13851082
2/15/2014,181900,0.03225,14.35360167
2/16/2014,177600,0.03032,13.17560694
2/17/2014,191800,0.03561,16.71163911
2/18/2014,193500,0.03603,17.05861247
2/19/2014,180800,0.03122,13.81114856
2/20/2014,187900,0.03377,15.52588312
2/21/2014,180100,0.03063,13.49768167
2/22/2014,179000,0.03005,13.16121486
2/23/2014,186100,0.03264,14.86260703
2/24/2014,199500,0.03671,17.91949459
2/25/2014,198100,0.03614,17.51745843
2/26/2014,196300,0.03548,17.04128668
2/27/2014,202400,0.03684,18.24435867
2/28/2014,204500,0.03714,18.58376408
3/1/2014,188200,0.0324,14.91980342
3/2/2014,174500,0.02696,11.51101954
3/3/2014,194900,0.03417,16.2950347
3/4/2014,197100,0.03457,16.67187616
3/5/2014,186500,0.03112,14.20093358
3/6/2014,189600,0.03203,14.85914236
3/7/2014,187900,0.03127,14.37649882
3/8/2014,174500,0.02612,11.15236759
3/9/2014,175900,0.02655,11.42691079
3/10/2014,193200,0.03241,15.32091224
3/11/2014,187200,0.03037,13.91070396
3/12/2014,189300,0.03089,14.30760672
3/13/2014,198800,0.0334,16.24655626
3/14/2014,196000,0.03249,15.58132027
3/15/2014,193900,0.03174,15.05855166
3/16/2014,193900,0.03157,14.9778978
3/17/2014,191800,0.0308,14.45432419
3/18/2014,190000,0.03012,14.00254704
3/19/2014,192800,0.03077,14.51553334
3/20/2014,210500,0.03442,17.72806919
3/21/2014,196300,0.03138,15.07202864
3/22/2014,196300,0.03121,14.99037648
3/23/2014,198800,0.03163,15.38558606
3/24/2014,201300,0.03201,15.76623229
3/25/2014,200200,0.03161,15.48413827
3/26/2014,196700,0.03062,14.73696385
3/27/2014,191400,0.02908,13.61867348
3/28/2014,196000,0.03012,14.44473274
3/29/2014,187200,0.02754,12.61444804
3/30/2014,191400,0.02861,13.39856425
3/31/2014,199900,0.03052,14.92779957
4/1/2014,198100,0.02998,14.53163818
4/2/2014,211500,0.03224,16.68414197
4/3/2014,194900,0.02892,13.79140777
4/4/2014,199200,0.02973,14.49047811
4/5/2014,220700,0.03269,17.65288636
4/6/2014,198100,0.0292,14.15356354
4/7/2014,208400,0.03095,15.78181106
4/8/2014,216800,0.03186,16.90065441
4/9/2014,213700,0.03134,16.38709555
4/10/2014,214400,0.03127,16.40405188
4/11/2014,216500,0.03133,16.59650983
4/12/2014,202400,0.02916,14.44097445
4/13/2014,200200,0.02862,14.01948868
4/14/2014,208700,0.02993,15.2836695
4/15/2014,219700,0.03099,16.65904514
4/16/2014,213700,0.03027,15.82761271
4/17/2014,205500,0.02902,14.59176095
4/18/2014,209800,0.0295,15.14348988
4/19/2014,205200,0.02868,14.39975076
4/20/2014,196700,0.02695,12.97064584
4/21/2014,216500,0.02986,15.81780349
4/22/2014,213700,0.02943,15.38839254
4/23/2014,214400,0.02937,15.40732343
4/24/2014,205200,0.02803,14.07339658
4/25/2014,206900,0.02818,14.26592549
4/26/2014,211500,0.02868,14.84184838
4/27/2014,200600,0.02688,13.19345879
4/28/2014,200200,0.0267,13.07897791
4/29/2014,199900,0.02652,12.97133829
4/30/2014,215800,0.02864,15.12247676
5/1/2014,214000,0.02836,14.84972707
5/2/2014,218600,0.02865,15.32403925
5/3/2014,205900,0.0271,13.65287485
5/4/2014,204100,0.02673,13.34874495
5/5/2014,216500,0.02815,14.91196143
5/6/2014,210100,0.02738,14.07530998
5/7/2014,214700,0.02778,14.59361073
5/8/2014,214000,0.02761,14.45701567
5/9/2014,209100,0.02694,13.78320121
5/10/2014,207700,0.02666,13.5486216
5/11/2014,206600,0.02643,13.3605997
5/12/2014,220400,0.02775,14.96487348
5/13/2014,212200,0.02697,14.00311959
5/14/2014,223500,0.02776,15.18082805
5/15/2014,228800,0.02785,15.59120534
5/16/2014,235900,0.02777,16.02884733
5/17/2014,226400,0.02761,15.29471191
5/18/2014,216800,0.027,14.32258848
5/19/2014,227100,0.02748,15.26976433
5/20/2014,231000,0.02747,15.52634068
5/21/2014,226000,0.02731,15.10179641
5/22/2014,220000,0.02695,14.5070772
5/23/2014,226700,0.02719,15.08200914
5/24/2014,220400,0.02683,14.46874074
5/25/2014,224200,0.02698,14.80048767
5/26/2014,227100,0.02702,15.01415693
5/27/2014,225300,0.02691,14.83451532
5/28/2014,215100,0.0262,13.78923502
5/29/2014,218600,0.02644,14.14197549
5/30/2014,223900,0.02669,14.6218101
5/31/2014,217200,0.02624,13.94511575
6/1/2014,213700,0.02588,13.53216442
6/2/2014,232400,0.02675,15.21102156
6/3/2014,229500,0.02669,14.98751861
6/4/2014,223200,0.02645,14.44502635
6/5/2014,225000,0.02649,14.5835397
6/6/2014,221800,0.02632,14.28387032
6/7/2014,217900,0.02604,13.88342703
6/8/2014,206600,0.02484,12.55684058
6/9/2014,215800,0.02582,13.63346194
6/10/2014,225000,0.02635,14.5064655
6/11/2014,219000,0.02602,13.94279618
6/12/2014,216500,0.02582,13.6776854
6/13/2014,219000,0.02599,13.92672071
6/14/2014,208000,0.02493,12.68773459
6/15/2014,220400,0.02606,14.0534992
6/16/2014,223200,0.0262,14.30849491
6/17/2014,222800,0.02619,14.27740098
6/18/2014,214700,0.02562,13.45890234
6/19/2014,208000,0.0249,12.67246656
6/20/2014,208000,0.02491,12.6775559
6/21/2014,209800,0.02512,12.89506664
6/22/2014,203100,0.02423,12.04097929
6/23/2014,214000,0.02558,13.39407682
6/24/2014,209100,0.02506,12.82134455
6/25/2014,215400,0.02574,13.56602813
6/26/2014,218600,0.026,13.90663248
6/27/2014,211900,0.02543,13.18486808
6/28/2014,203800,0.02442,12.17722445
6/29/2014,200900,0.02401,11.8024065
6/30/2014,212900,0.02562,13.34606571
7/1/2014,215400,0.02588,13.63981383
7/2/2014,215400,0.02591,13.65562506
7/3/2014,211900,0.0256,13.27300915
7/4/2014,199500,0.02392,11.67622747
7/5/2014,217200,0.02616,13.90260015
7/6/2014,227400,0.02673,14.87263401
7/7/2014,223500,0.02664,14.56834507
7/8/2014,225300,0.02676,14.75182571
7/9/2014,219300,0.02649,14.21409003
7/10/2014,220400,0.02661,14.3501003
7/11/2014,219300,0.0266,14.27311418
7/12/2014,220000,0.0267,14.3725032
7/13/2014,211900,0.02606,13.51150854
7/14/2014,217900,0.02667,14.21931639
7/15/2014,219700,0.02686,14.43891425
7/16/2014,226000,0.02724,15.06308803
7/17/2014,220700,0.02707,14.61803713
7/18/2014,220000,0.02709,14.58243864
7/19/2014,202000,0.02511,12.4107079
7/20/2014,208400,0.0261,13.30873243
7/21/2014,217900,0.02716,14.48056368
7/22/2014,211500,0.02665,13.79132703
7/23/2014,216800,0.02725,14.45520504
7/24/2014,217900,0.02741,14.61385311
7/25/2014,209100,0.02659,13.60413215
7/26/2014,215100,0.02734,14.38922463
7/27/2014,214700,0.0274,14.3939861
7/28/2014,207300,0.02663,13.50731227
7/29/2014,207700,0.02676,13.59944163
7/30/2014,222500,0.02827,15.39055551
7/31/2014,224600,0.02848,15.65122045
8/1/2014,225300,0.02861,15.77166418
8/2/2014,210500,0.02753,14.17936504
8/3/2014,211500,0.02777,14.37092501
8/4/2014,224600,0.02891,15.8875275
8/5/2014,220000,0.02877,15.48677592
8/6/2014,214400,0.0284,14.89846733
8/7/2014,212900,0.02837,14.77860594
8/8/2014,212600,0.02844,14.7941945
8/9/2014,199900,0.02664,13.03003212
8/10/2014,199500,0.02669,13.02836585
8/11/2014,209400,0.02842,14.56126893
8/12/2014,223900,0.02985,16.35297982
8/13/2014,217900,0.02959,15.77613693
8/14/2014,214400,0.02939,15.41781531
8/15/2014,216800,0.02977,15.79197996
8/16/2014,215400,0.02977,15.69000223
8/17/2014,220000,0.0303,16.3103688
8/18/2014,213300,0.02982,15.56313076
8/19/2014,212600,0.02988,15.54326764
8/20/2014,219000,0.03065,16.42377798
8/21/2014,221400,0.03098,16.78253269
8/22/2014,211900,0.03023,15.67355729
8/23/2014,198500,0.02812,13.65759718
8/24/2014,196300,0.02781,13.35733322
8/25/2014,208000,0.03014,15.33928282
8/26/2014,219300,0.0316,16.95603038
8/27/2014,220400,0.03184,17.17050708
8/28/2014,210500,0.03096,15.94599134
8/29/2014,206900,0.0306,15.49103335
8/30/2014,202700,0.03,14.8789908
8/31/2014,211200,0.03154,16.29874161
9/1/2014,211200,0.0317,16.38142387
9/2/2014,224600,0.03311,18.19564288
9/3/2014,210500,0.03194,16.45074172
9/4/2014,211200,0.03221,16.64497359
9/5/2014,212900,0.03262,16.99253175
9/6/2014,217200,0.03327,17.68117382
9/7/2014,203100,0.03136,15.58419771
9/8/2014,208000,0.03242,16.49965325
9/9/2014,210500,0.03297,16.98124466
9/10/2014,213300,0.03355,17.50982686
9/11/2014,219000,0.03433,18.39570304
9/12/2014,210800,0.03358,17.32007508
9/13/2014,205200,0.0328,16.46833421
9/14/2014,210100,0.03383,17.39107876
9/15/2014,212200,0.03433,17.82451226
9/16/2014,212900,0.03462,18.03437919
9/17/2014,217900,0.03538,18.86312013
9/18/2014,214000,0.03513,18.39460198
9/19/2014,213700,0.03527,18.44201851
9/20/2014,207300,0.03448,17.48900215
9/21/2014,225700,0.03673,20.28387657
9/22/2014,217200,0.03628,19.28082315
9/23/2014,222500,0.03694,20.11061622
9/24/2014,207700,0.03529,17.9343907
9/25/2014,209800,0.03585,18.40319024
9/26/2014,207700,0.03567,18.12750684
9/27/2014,194900,0.03294,15.70847068
9/28/2014,198100,0.03397,16.46563539
9/29/2014,212600,0.03708,19.28863333
9/30/2014,214700,0.03758,19.74182474
10/1/2014,199200,0.03478,16.95186104
10/2/2014,202700,0.03582,17.76551502
10/3/2014,198500,0.03497,16.98457231
10/4/2014,232700,0.03956,22.52429144
10/5/2014,232400,0.03976,22.60898008
10/6/2014,222500,0.03959,21.55331067
10/7/2014,221100,0.03968,21.46638321
10/8/2014,225000,0.04016,22.1092848
10/9/2014,223200,0.04026,21.9870231
10/10/2014,214400,0.03952,20.73195172
10/11/2014,202400,0.03743,18.53654574
10/12/2014,198500,0.03662,17.78596048
10/13/2014,207300,0.03891,19.73599401
10/14/2014,208700,0.03938,20.10928516
10/15/2014,216800,0.04086,21.67485057
10/16/2014,211500,0.04028,20.8448275
10/17/2014,216800,0.04126,21.88703706
10/18/2014,215400,0.04126,21.74570011
10/19/2014,203800,0.03926,19.5773068
10/20/2014,218200,0.04201,22.42879284
10/21/2014,216500,0.04198,22.23815776
10/22/2014,210800,0.0413,21.30193867
10/23/2014,208000,0.04094,20.83577434
10/24/2014,209800,0.04146,21.28302001
10/25/2014,197100,0.0385,18.56717478
10/26/2014,215400,0.04278,22.546802
10/27/2014,208400,0.04172,21.27357537
10/28/2014,219000,0.04359,23.35766663
10/29/2014,217900,0.04365,23.27233448
10/30/2014,221400,0.04422,23.95492561
10/31/2014,219700,0.04421,23.76561425
11/1/2014,197100,0.03964,19.11695606
11/2/2014,194900,0.03913,18.66036605
11/3/2014,208400,0.04291,21.88037198
11/4/2014,221400,0.04509,24.42622334
11/5/2014,228500,0.0457,25.55058666
11/6/2014,211500,0.04404,22.79062073
11/7/2014,208700,0.04364,22.28464206
11/8/2014,214000,0.04478,23.44748866
11/9/2014,206200,0.04339,21.89156364
11/10/2014,211500,0.04466,23.11146961
11/11/2014,205900,0.04358,21.95543491
11/12/2014,232700,0.04689,26.69777618
11/13/2014,222500,0.04659,25.36420167
11/14/2014,217900,0.04623,24.6478814
11/15/2014,196000,0.04125,19.782378
11/16/2014,204800,0.04399,22.04359311
11/17/2014,211900,0.04567,23.67884094
11/18/2014,281500,0.03999,27.54408026
11/19/2014,229900,0.04781,26.89404869
11/20/2014,259200,0.04537,28.77413311
11/21/2014,211500,0.04609,23.85149204
11/22/2014,206900,0.04522,22.89230484
11/23/2014,202700,0.04421,21.92667278
11/24/2014,212600,0.04661,24.24604098
11/25/2014,247200,0.04769,28.8452469
11/26/2014,222100,0.04814,26.16092624
11/27/2014,210100,0.04641,23.85811308
11/28/2014,212200,0.04693,24.36657035
11/29/2014,202700,0.04475,22.19449461
11/30/2014,196000,0.0427,20.47775856
12/1/2014,215400,0.04772,25.15038316
12/2/2014,204100,0.04536,22.65241568
12/3/2014,227400,0.04909,27.31378989
12/4/2014,223900,0.04893,26.80573878
12/5/2014,211900,0.04735,24.54988216
12/6/2014,193200,0.04203,19.86849557
12/7/2014,183300,0.03792,17.00706084
12/8/2014,194600,0.04264,20.30292002
12/9/2014,209100,0.04695,24.02083507
12/10/2014,202400,0.04525,22.40926248
12/11/2014,220000,0.04889,26.31729144
12/12/2014,223200,0.04923,26.88577116
12/13/2014,219700,0.04888,26.2760286
12/14/2014,208700,0.04702,24.01062946
12/15/2014,202400,0.04537,22.46869036
12/16/2014,208400,0.04695,23.94042098
12/17/2014,228100,0.04963,27.69925142
12/18/2014,220000,0.04899,26.37112104
12/19/2014,221800,0.04918,26.6899978
12/20/2014,216800,0.04857,25.76474528
12/21/2014,202700,0.04548,22.55655005
12/22/2014,198800,0.04428,21.53884764
12/23/2014,198800,0.04426,21.52911916
12/24/2014,199500,0.04447,21.7074346
12/25/2014,251800,0.04816,29.6715802
12/26/2014,219300,0.04876,26.16379878
12/27/2014,208000,0.04671,23.77232582
12/28/2014,218200,0.04855,25.92044495
12/29/2014,211900,0.04745,24.60172985
12/30/2014,220000,0.04866,26.19348336
12/31/2014,227100,0.04918,27.32776601
1/1/2015,258200,0.04678,29.55390869
1/2/2015,231700,0.04919,27.88696992
1/3/2015,211200,0.04701,24.29308316
1/4/2015,226400,0.04887,27.07180626
1/5/2015,250000,0.04779,29.233143
1/6/2015,222500,0.04843,26.36592159
1/7/2015,232700,0.04881,27.79096727
1/8/2015,247900,0.0478,28.99365022
1/9/2015,247600,0.04773,28.91615517
1/10/2015,219000,0.04767,25.54393136
1/11/2015,187500,0.03898,17.8830495
1/12/2015,196000,0.04211,20.19481061
1/13/2015,184000,0.03727,16.77937142
1/14/2015,189600,0.03957,18.35704849
1/15/2015,197400,0.04228,20.42116897
1/16/2015,204800,0.04434,22.21897974
1/17/2015,191400,0.03994,18.70460175
1/18/2015,197400,0.04195,20.26177952
1/19/2015,202400,0.04331,21.44851178
1/20/2015,203100,0.04338,21.55747757
1/21/2015,196700,0.04135,19.90115791
1/22/2015,203100,0.04312,21.42827185
1/23/2015,196000,0.04087,19.60014034
1/24/2015,194600,0.04025,19.16492802
1/25/2015,190300,0.0386,17.97316514
1/26/2015,170200,0.02938,12.23516468
1/27/2015,182900,0.03532,15.80639651
1/28/2015,195600,0.04008,19.18205073
1/29/2015,197400,0.0405,19.56143196
1/30/2015,198500,0.04067,19.75300417
1/31/2015,207300,0.04284,21.72937506
2/1/2015,180800,0.03376,14.93479741
2/2/2015,191100,0.03774,17.64660054
2/3/2015,202400,0.04114,20.37385764
2/4/2015,194600,0.03867,18.41261532
2/5/2015,203100,0.041,20.37474828
2/6/2015,204500,0.04118,20.60526131
2/7/2015,203400,0.04076,20.28540093
2/8/2015,184000,0.03415,15.37471248
2/9/2015,197100,0.03865,18.63951442
2/10/2015,188600,0.03563,16.44205068
2/11/2015,197400,0.03843,18.56162544
2/12/2015,193500,0.03705,17.54153739
2/13/2015,209400,0.04102,21.01700392
2/14/2015,202400,0.03925,19.43786856
2/15/2015,214000,0.04143,21.69337774
2/16/2015,211200,0.04077,21.0684748
2/17/2015,202400,0.03871,19.17044311
2/18/2015,192500,0.03568,16.80560112
2/19/2015,195300,0.0364,17.39410546
2/20/2015,206900,0.03921,19.84978489
2/21/2015,195600,0.03617,17.31074787
2/22/2015,175500,0.02855,12.25975257
2/23/2015,199500,0.0369,18.01224054
2/24/2015,200900,0.03708,18.22712341
2/25/2015,191100,0.03401,15.90251415
2/26/2015,208700,0.03839,19.60374447
2/27/2015,198800,0.03597,17.49666552
2/28/2015,194600,0.03459,16.46993442
3/1/2015,191100,0.03332,15.57988155
3/2/2015,184300,0.03087,13.92067956
3/3/2015,194600,0.03406,16.21757636
3/4/2015,188200,0.0319,14.68955954
3/5/2015,193500,0.0334,15.81342372
3/6/2015,204800,0.03607,18.07484436
3/7/2015,189300,0.03173,14.69667729
3/8/2015,167400,0.02315,9.482108508
3/9/2015,186800,0.03059,13.98153392
3/10/2015,193900,0.03261,15.4713097
3/11/2015,186500,0.03014,13.75373195
3/12/2015,198500,0.03348,16.2608945
3/13/2015,189300,0.03073,14.23349805
3/14/2015,187500,0.03,13.76325
3/15/2015,188200,0.03007,13.84686694
3/16/2015,196300,0.03225,15.48989559
3/17/2015,193200,0.0312,14.74891891
3/18/2015,212900,0.03517,18.32088723
3/19/2015,205200,0.03369,16.9151884
3/20/2015,202400,0.03293,16.3080003
3/21/2015,200900,0.03246,15.95610642
3/22/2015,199900,0.03204,15.67125485
3/23/2015,197800,0.03137,15.18235974
3/24/2015,200200,0.03178,15.56741266
3/25/2015,200200,0.03161,15.48413827
3/26/2015,207300,0.03281,16.64194201
3/27/2015,206200,0.03246,16.37704899
3/28/2015,202400,0.03153,15.61467505
3/29/2015,196300,0.03005,14.43322054
3/30/2015,206900,0.03206,16.23014802
3/31/2015,202000,0.03097,15.30703399
4/1/2015,204800,0.03135,15.70963046
4/2/2015,200900,0.03043,14.95823531
4/3/2015,204500,0.03095,15.48647007
4/4/2015,206900,0.03122,15.80490396
4/5/2015,213300,0.03196,16.68000198
4/6/2015,212200,0.03167,16.4434111
4/7/2015,201300,0.02971,14.63338836
4/8/2015,205900,0.0304,15.31540205
4/9/2015,201600,0.02948,14.54174346
4/10/2015,215800,0.03142,16.5903708
4/11/2015,206200,0.03,15.1359048
4/12/2015,221800,0.0316,17.14932758
4/13/2015,204800,0.02947,14.76755374
4/14/2015,220700,0.03123,16.86447357
4/15/2015,216800,0.03076,16.31714154
4/16/2015,215400,0.03047,16.05893074
4/17/2015,216800,0.03046,16.15800167
4/18/2015,205200,0.02881,14.4650216
4/19/2015,183300,0.02367,10.61595807
4/20/2015,214400,0.02978,15.62240694
4/21/2015,228100,0.03055,17.05041569
4/22/2015,233400,0.03046,17.39519184
4/23/2015,230600,0.03031,17.10187434
4/24/2015,228800,0.03015,16.87880938
4/25/2015,203800,0.02767,13.79786243
4/26/2015,208700,0.02831,14.4564211
4/27/2015,217900,0.0292,15.56820542
4/28/2015,221400,0.02933,15.88869218
4/29/2015,216800,0.02886,15.30925569
4/30/2015,218200,0.02886,15.40811619
5/1/2015,216500,0.02859,15.1450436
5/2/2015,214000,0.02824,14.78689325
5/3/2015,205500,0.02705,13.60121067
5/4/2015,212600,0.02787,14.49768638
5/5/2015,221400,0.02852,15.44989775
5/6/2015,214700,0.02788,14.64614352
5/7/2015,210100,0.02728,14.02390271
5/8/2015,215400,0.02775,14.62537998
5/9/2015,214400,0.02754,14.44731656
5/10/2015,203400,0.02604,12.95956428
5/11/2015,216100,0.02753,14.5565833
5/12/2015,218200,0.02761,14.74075149
5/13/2015,221100,0.02771,14.99076307
5/14/2015,209100,0.0265,13.55808582
5/15/2015,225700,0.02775,15.32473659
5/16/2015,217500,0.02722,14.48591238
5/17/2015,212200,0.02664,13.83177997
5/18/2015,216800,0.027,14.32258848
5/19/2015,229900,0.02754,15.49178207
5/20/2015,225700,0.02736,15.10936191
5/21/2015,220000,0.02701,14.53937496
5/22/2015,222500,0.02709,14.74814817
5/23/2015,211900,0.02618,13.57372577
5/24/2015,212600,0.02619,13.62376772
5/25/2015,216800,0.02653,14.07326935
5/26/2015,222100,0.02682,14.57490739
5/27/2015,215100,0.02626,13.82081342
5/28/2015,217900,0.02644,14.09669012
5/29/2015,215100,0.02615,13.76291968
5/30/2015,221100,0.02655,14.36321759
5/31/2015,180100,0.01974,8.698799743
6/1/2015,199200,0.02392,11.65866924
6/2/2015,215800,0.02604,13.74962622
6/3/2015,225300,0.02658,14.65259818
6/4/2015,219000,0.02621,14.04460753
6/5/2015,222800,0.02641,14.39733333
6/6/2015,207300,0.02499,12.67546878
6/7/2015,216100,0.02591,13.70000267
6/8/2015,236300,0.02652,15.33330284
6/9/2015,234800,0.02652,15.23596913
6/10/2015,227400,0.02644,14.71127734
6/11/2015,249300,0.02589,15.79256964
6/12/2015,203400,0.02432,12.1035562
6/13/2015,220700,0.02611,14.09962872
6/14/2015,216500,0.02579,13.66179344
6/15/2015,225700,0.02631,14.52950702
6/16/2015,233800,0.02642,15.11387381
6/17/2015,227400,0.02635,14.66120113
6/18/2015,234500,0.02641,15.15338719
6/19/2015,226700,0.02633,14.60497611
6/20/2015,220400,0.02605,14.04810646
6/21/2015,238700,0.02634,15.38390755
6/22/2015,230600,0.02642,14.90701155
6/23/2015,245400,0.02609,15.66560274
6/24/2015,239100,0.02636,15.42138764
6/25/2015,234100,0.02647,15.16190694
6/26/2015,217500,0.02593,13.79940147
6/27/2015,197100,0.02329,11.23193508
6/28/2015,232700,0.02653,15.10539565
6/29/2015,247900,0.02605,15.80093281
6/30/2015,246500,0.02616,15.77804299
7/1/2015,246500,0.02619,15.79613708
7/2/2015,245100,0.0263,15.77239088
7/3/2015,246500,0.02626,15.83835661
7/4/2015,245100,0.02637,15.81437063
7/5/2015,248600,0.0262,15.93679138
7/6/2015,243300,0.02655,15.80538598
7/7/2015,249700,0.02621,16.01341781
7/8/2015,237300,0.02684,15.58399218
7/9/2015,242300,0.02673,15.84713818
7/10/2015,246100,0.02659,16.01136739
7/11/2015,246800,0.0266,16.06294838
7/12/2015,241600,0.02692,15.91367401
7/13/2015,247900,0.02665,16.16486984
7/14/2015,248600,0.02666,16.21659764
7/15/2015,231000,0.02727,15.41329852
7/16/2015,240500,0.02721,16.01187143
7/17/2015,244000,0.02713,16.1971309
7/18/2015,251400,0.02672,16.43615389
7/19/2015,249700,0.02692,16.44720364
7/20/2015,245800,0.02725,16.38878874
7/21/2015,248300,0.02717,16.50687375
7/22/2015,251100,0.02705,16.61928953
7/23/2015,248300,0.02733,16.60408023
7/24/2015,242300,0.02775,16.45185501
7/25/2015,244700,0.02773,16.60283725
7/26/2015,240100,0.02803,16.46697134
7/27/2015,241900,0.02805,16.60225981
7/28/2015,243300,0.02808,16.71620484
7/29/2015,244400,0.02812,16.81570151
7/30/2015,246800,0.02808,16.95667634
7/31/2015,249000,0.02803,17.0773672
8/1/2015,245800,0.02834,17.04434029
8/2/2015,245800,0.02845,17.11049687
8/3/2015,244700,0.02863,17.14169601
8/4/2015,254300,0.028,17.42219472
8/5/2015,245400,0.02881,17.29881238
8/6/2015,243000,0.02905,17.27232822
8/7/2015,240800,0.02927,17.24557491
8/8/2015,224600,0.02938,16.14581661
8/9/2015,223900,0.02947,16.14480118
8/10/2015,231300,0.0298,16.86515623
8/11/2015,245100,0.02955,17.72145059
8/12/2015,244400,0.02972,17.77249818
8/13/2015,244400,0.02985,17.85023791
8/14/2015,243300,0.03005,17.88895852
8/15/2015,240800,0.03031,17.85833193
8/16/2015,227100,0.03052,16.95899591
8/17/2015,237000,0.0307,17.80267212
8/18/2015,239800,0.03076,18.04820361
8/19/2015,241200,0.03086,18.21258942
8/20/2015,246800,0.03069,18.53277767
8/21/2015,244000,0.03101,18.51356539
8/22/2015,233400,0.0315,17.98911828
8/23/2015,230600,0.03164,17.85230301
8/24/2015,242600,0.03155,18.7278806
8/25/2015,232700,0.03197,18.20277041
8/26/2015,238000,0.03205,18.66394572
8/27/2015,239100,0.03217,18.82041124
8/28/2015,227100,0.03236,17.98142554
8/29/2015,223500,0.03238,17.70732032
8/30/2015,231300,0.03278,18.55167186
8/31/2015,237300,0.0329,19.10258356
9/1/2015,231700,0.03312,18.77650831
9/2/2015,237000,0.03325,19.2813957
9/3/2015,234100,0.03348,19.17720606
9/4/2015,221800,0.03329,18.06649099
9/5/2015,224200,0.03363,18.44849519
9/6/2015,223500,0.03377,18.46745545
9/7/2015,232000,0.0342,19.41388992
9/8/2015,232400,0.03438,19.54971668
9/9/2015,230300,0.03454,19.4632223
9/10/2015,228500,0.0347,19.40055486
9/11/2015,228100,0.03488,19.46705399
9/12/2015,205200,0.03263,16.38298004
9/13/2015,220400,0.03483,18.7829385
9/14/2015,228100,0.03546,19.79076074
9/15/2015,243700,0.03535,21.07868041
9/16/2015,236300,0.03586,20.7334932
9/17/2015,232700,0.0361,20.55427
9/18/2015,228800,0.03626,20.29935748
9/19/2015,227100,0.03639,20.22076871
9/20/2015,210100,0.03496,17.97198089
9/21/2015,217200,0.03608,19.17453416
9/22/2015,229900,0.03707,20.85259119
9/23/2015,188200,0.03025,13.92975474
9/24/2015,214700,0.03638,19.11143118
9/25/2015,218200,0.03699,19.7486562
9/26/2015,198800,0.03378,16.43139732
9/27/2015,216500,0.03719,19.70074052
9/28/2015,230600,0.0383,21.61008866
9/29/2015,229900,0.0385,21.65699382
9/30/2015,214400,0.03752,19.68276388
10/1/2015,194200,0.03345,15.89438833
10/2/2015,188600,0.03186,14.70232205
10/3/2015,167000,0.02351,9.606552756
10/4/2015,196000,0.03448,16.53567014
10/5/2015,214700,0.03858,20.2671527
10/6/2015,221800,0.03953,21.45294049
10/7/2015,224200,0.03993,21.90450232
10/8/2015,218600,0.03965,21.20761453
10/9/2015,223500,0.04029,22.03298134
10/10/2015,214700,0.03958,20.79248066
10/11/2015,213300,0.03958,20.65689858
10/12/2015,226700,0.04108,22.78664712
10/13/2015,244000,0.04097,24.45987662
10/14/2015,231700,0.04161,23.58968933
10/15/2015,231000,0.0418,23.62581144
10/16/2015,229200,0.04197,23.53705132
10/17/2015,217200,0.04129,21.9433624
10/18/2015,216800,0.04145,21.98782565
10/19/2015,227800,0.04253,23.70541563
10/20/2015,232000,0.04282,24.30709843
10/21/2015,219700,0.04235,22.76574901
10/22/2015,213300,0.04171,21.76855077
10/23/2015,206900,0.04072,20.6142117
10/24/2015,204100,0.04026,20.10551709
10/25/2015,211900,0.04204,21.79676972
10/26/2015,210500,0.04196,21.61155674
10/27/2015,206600,0.04135,20.90279219
10/28/2015,215100,0.04309,22.67855484
10/29/2015,256000,0.04265,26.71514112
10/30/2015,235200,0.0447,25.72428499
10/31/2015,210800,0.04292,22.13751108
11/1/2015,228500,0.04501,25.16481194
11/2/2015,219000,0.04448,23.83457242
11/3/2015,218200,0.04458,23.80089466
11/4/2015,209400,0.04331,22.19030814
11/5/2015,217200,0.04477,23.79279086
11/6/2015,217900,0.04502,24.00276055
11/7/2015,222500,0.04567,24.86334171
11/8/2015,211200,0.04428,22.882317
11/9/2015,215400,0.04516,23.80115892
11/10/2015,220000,0.04591,24.71316936
11/11/2015,223500,0.0464,25.37429472
11/12/2015,244400,0.04635,27.71720359
11/13/2015,262000,0.04396,28.18106794
11/14/2015,233800,0.04717,26.98415699
11/15/2015,226700,0.04717,26.16470655
11/16/2015,217200,0.04641,24.66436059
11/17/2015,205900,0.04437,22.35343384
11/18/2015,209400,0.04531,23.21502798
11/19/2015,231700,0.04783,27.11595387
11/20/2015,241900,0.04763,28.19128822
11/21/2015,211900,0.04615,23.92770986
11/22/2015,223900,0.04786,26.21955157
11/23/2015,225300,0.04808,26.50477504
11/24/2015,223200,0.04802,26.224959
11/25/2015,209100,0.04599,23.52967422
11/26/2015,189300,0.03987,18.4669563
11/27/2015,224200,0.04842,26.56188336
11/28/2015,212600,0.04698,24.43851117
11/29/2015,204800,0.04533,22.71507333
11/30/2015,203400,0.04503,22.41049077
12/1/2015,199200,0.04383,21.3628542
12/2/2015,214000,0.04755,24.89790276
12/3/2015,214400,0.04767,25.00739217
12/4/2015,219700,0.0485,26.07175506
12/5/2015,206900,0.04628,23.42892234
12/6/2015,209100,0.04681,23.94920744
12/7/2015,216100,0.0482,25.48591774
12/8/2015,208000,0.04667,23.75196845
12/9/2015,196700,0.04343,20.90223187
12/10/2015,214000,0.04798,25.1230573
12/11/2015,219300,0.0488,26.18526211
12/12/2015,210100,0.04729,24.31049704
12/13/2015,202400,0.04534,22.45383339
12/14/2015,210800,0.04748,24.48949269
12/15/2015,234100,0.0497,28.46795524
12/16/2015,211200,0.04757,24.58247109
12/17/2015,211900,0.04772,24.74171862
12/18/2015,219700,0.04894,26.30828232
12/19/2015,230300,0.04968,27.99458263
12/20/2015,215400,0.04835,25.48241881
12/21/2015,220400,0.049,26.42446128
12/22/2015,220000,0.04896,26.35497216
12/23/2015,202400,0.04533,22.44888107
12/24/2015,206200,0.04638,23.40010882
12/25/2015,207300,0.04661,23.64160064
12/26/2015,197100,0.04358,21.01707732
12/27/2015,211900,0.04754,24.64839278
12/28/2015,197400,0.04363,21.0732167
12/29/2015,229500,0.0494,27.74010564
12/30/2015,221400,0.04882,26.44684461
12/31/2015,222100,0.04884,26.54133024
1/1/2016,236600,0.0492,28.4825137
1/2/2016,236600,0.04914,28.44777892
1/3/2016,238400,0.04899,28.57670571
1/4/2016,210800,0.04688,24.18002143
1/5/2016,221100,0.04837,26.16756441
1/6/2016,209800,0.04649,23.86511337
1/7/2016,215100,0.0474,24.94693663
1/8/2016,214400,0.04719,24.75558708
1/9/2016,204100,0.04488,22.41270757
1/10/2016,236600,0.04846,28.05411816
1/11/2016,256000,0.04636,29.03901389
1/12/2016,258200,0.04587,28.97900367
1/13/2016,241900,0.04786,28.32742083
1/14/2016,236300,0.04802,27.7641479
1/15/2016,211900,0.04603,23.86549263
1/16/2016,221100,0.04725,25.56165843
1/17/2016,226000,0.04753,26.2829873
1/18/2016,247600,0.04672,28.30426921
1/19/2016,229200,0.0474,26.58223094
1/20/2016,228500,0.04724,26.41159111
1/21/2016,222500,0.04672,25.43497536
1/22/2016,204800,0.0436,21.8481623
1/23/2016,198100,0.04156,20.14459248
1/24/2016,204500,0.04322,21.62601733
1/25/2016,207700,0.04384,22.27950378
1/26/2016,237000,0.04635,26.87797566
1/27/2016,237000,0.04619,26.785193
1/28/2016,230600,0.04609,26.00545657
1/29/2016,226400,0.04577,25.35454415
1/30/2016,212200,0.04401,22.85047435
1/31/2016,205200,0.04236,21.26825113
2/1/2016,226000,0.04526,25.02772997
2/2/2016,211200,0.04331,22.38105577
2/3/2016,222500,0.04466,24.31348458
2/4/2016,237700,0.04481,26.06169137
2/5/2016,229200,0.04468,25.0568371
2/6/2016,223900,0.04424,24.23637612
2/7/2016,215400,0.04315,22.74180707
2/8/2016,221400,0.04367,23.65697878
2/9/2016,226400,0.04383,24.27987044
2/10/2016,239400,0.04364,25.56273747
2/11/2016,236600,0.04356,25.21744505
2/12/2016,237300,0.04334,25.16431524
2/13/2016,229200,0.04318,24.21562726
2/14/2016,215100,0.04179,21.99435616
2/15/2016,212900,0.04129,21.5089404
2/16/2016,213700,0.04119,21.53747498
2/17/2016,210800,0.04055,20.91509959
2/18/2016,211200,0.04041,20.88243971
2/19/2016,210100,0.04004,20.58347011
2/20/2016,228500,0.04176,23.34775709
2/21/2016,216800,0.04067,21.57406198
2/22/2016,220700,0.04089,22.0809582
2/23/2016,212900,0.03974,20.70150863
2/24/2016,201300,0.03718,18.31266843
2/25/2016,235500,0.04079,23.50407091
2/26/2016,232000,0.04061,23.05257514
2/27/2016,226700,0.04027,22.33734858
2/28/2016,232700,0.0402,22.88868847
2/29/2016,253900,0.03857,23.961324
3/1/2016,211200,0.03806,19.66804393
3/2/2016,235500,0.03956,22.79531858
3/3/2016,219700,0.03875,20.83052595
3/4/2016,221100,0.03868,20.92539573
3/5/2016,215800,0.03792,20.02249716
3/6/2016,208400,0.03659,18.65772106
3/7/2016,221400,0.0381,20.63958991
3/8/2016,218200,0.03761,20.07966909
3/9/2016,226000,0.03799,21.00758863
3/10/2016,244000,0.03753,22.40613058
3/11/2016,223900,0.03746,20.52203096
3/12/2016,221100,0.03706,20.04899601
3/13/2016,215800,0.03633,19.18294626
3/14/2016,226700,0.03701,20.52906062
3/15/2016,235900,0.03689,21.29291243
3/16/2016,224600,0.0365,20.05862172
3/17/2016,236300,0.03648,21.09196408
3/18/2016,241200,0.03611,21.31097226
3/19/2016,222800,0.03582,19.52716697
3/20/2016,220700,0.03547,19.15411072
3/21/2016,235900,0.03571,20.61181629
3/22/2016,222500,0.0352,19.1633376
3/23/2016,221400,0.03495,18.93316712
3/24/2016,221800,0.03478,18.87511435
3/25/2016,239800,0.03482,20.43037872
3/26/2016,231700,0.03478,19.71760142
3/27/2016,231000,0.03458,19.54498946
3/28/2016,255000,0.03307,20.63349738
3/29/2016,243700,0.03388,20.20214122
3/30/2016,232000,0.03405,19.32874128
3/31/2016,242600,0.03359,19.93881171
4/1/2016,247900,0.03306,20.05293046
4/2/2016,253600,0.03235,20.07344933
4/3/2016,249300,0.0326,19.88558402
4/4/2016,234100,0.03316,18.99391138
4/5/2016,236300,0.03295,19.05099278
4/6/2016,235200,0.0328,18.87598541
4/7/2016,247600,0.03206,19.42283542
4/8/2016,251800,0.03154,19.43192773
4/9/2016,237000,0.03227,18.71310193
4/10/2016,239800,0.03202,18.78749933
4/11/2016,248600,0.03134,19.0633222
4/12/2016,247200,0.03129,18.92572396
4/13/2016,241200,0.03149,18.58439536
4/14/2016,242600,0.03127,18.56167437
4/15/2016,233400,0.03138,17.92058831
4/16/2016,229200,0.03119,17.49155661
4/17/2016,229200,0.03104,17.40743562
4/18/2016,245100,0.03054,18.31516417
4/19/2016,242600,0.03054,18.12835099
4/20/2016,240100,0.03051,17.92391351
4/21/2016,242600,0.03026,17.96214476
4/22/2016,243700,0.03006,17.92433191
4/23/2016,234800,0.03022,17.3616511
4/24/2016,232700,0.0301,17.13804784
4/25/2016,231000,0.02995,16.92806346
4/26/2016,235900,0.02981,17.20633558
4/27/2016,237300,0.02966,17.22135648
4/28/2016,231700,0.02958,16.7695989
4/29/2016,238000,0.02939,17.11492558
4/30/2016,234100,0.02934,16.80583112
5/1/2016,233800,0.02922,16.71564696
5/2/2016,241900,0.02891,17.1112774
5/3/2016,245100,0.02863,17.16971677
5/4/2016,246100,0.02846,17.13740188
5/5/2016,247600,0.02826,17.12069024
5/6/2016,240500,0.02853,16.78863256
5/7/2016,229900,0.02855,16.05992659
5/8/2016,239400,0.02836,16.61226477
5/9/2016,254300,0.02732,16.99908428
5/10/2016,235500,0.02826,16.28401676
5/11/2016,244400,0.02786,16.66022205
5/12/2016,244700,0.02776,16.62079921
5/13/2016,238000,0.02794,16.2705349
5/14/2016,251400,0.02713,16.68835536
5/15/2016,264200,0.02575,16.64594742
5/16/2016,257100,0.02646,16.64525253
5/17/2016,247900,0.02715,16.4681507
5/18/2016,245800,0.0272,16.35871757
5/19/2016,243000,0.02727,16.21398935
5/20/2016,242300,0.02723,16.143568
5/21/2016,233100,0.02737,15.61045432
5/22/2016,228800,0.02727,15.2665052
5/23/2016,247200,0.02677,16.19180666
5/24/2016,245400,0.02682,16.10392739
5/25/2016,246100,0.02672,16.08964787
5/26/2016,246100,0.02666,16.05351842
5/27/2016,245400,0.02665,16.00185179
5/28/2016,237000,0.02691,15.60488296
5/29/2016,232000,0.0269,15.26998944
5/30/2016,236300,0.02682,15.50675649
5/31/2016,238000,0.02675,15.5775522
6/1/2016,234100,0.02677,15.33374571
6/2/2016,235900,0.0267,15.4112432
6/3/2016,230600,0.02668,15.05371189
6/4/2016,225700,0.02653,14.65100042
6/5/2016,231000,0.02661,15.04025939
6/6/2016,242300,0.02638,15.6396373
6/7/2016,245100,0.02622,15.72441403
6/8/2016,241200,0.02637,15.56273438
6/9/2016,243300,0.02626,15.63274711
6/10/2016,241200,0.02633,15.53912765
6/11/2016,238700,0.02639,15.41311011
6/12/2016,221100,0.02613,14.13600285
6/13/2016,238400,0.02637,15.38207245
6/14/2016,241900,0.02625,15.53687415
6/15/2016,235900,0.0264,15.23808317
6/16/2016,233100,0.02642,15.06862269
6/17/2016,224600,0.02626,14.43121661
6/18/2016,221800,0.02612,14.17533027
6/19/2016,223500,0.02622,14.33866396
6/20/2016,237000,0.02637,15.29174149
6/21/2016,231300,0.02642,14.95226267
6/22/2016,240500,0.0263,15.47637702
6/23/2016,231300,0.02644,14.96358157
6/24/2016,233100,0.02646,15.09143666
6/25/2016,222100,0.02621,14.24341248
6/26/2016,222800,0.02627,14.32101274
6/27/2016,237300,0.02647,15.36916069
6/28/2016,232400,0.02653,15.08592157
6/29/2016,237300,0.02652,15.39819197
6/30/2016,240100,0.02647,15.55050772
7/1/2016,238000,0.02656,15.4669079
7/2/2016,227400,0.02659,14.79473769
7/3/2016,222100,0.02643,14.36296802
7/4/2016,231300,0.02673,15.12770557
7/5/2016,233800,0.02677,15.31409546
7/6/2016,233100,0.02681,15.29105883
7/7/2016,226000,0.02676,14.79765917
7/8/2016,223200,0.02669,14.57609653
7/9/2016,235900,0.02694,15.54977123
7/10/2016,238000,0.02695,15.69401988
7/11/2016,229500,0.02705,15.18967323
7/12/2016,235200,0.02711,15.60146233
7/13/2016,235900,0.02716,15.67675526
7/14/2016,240100,0.02713,15.93824233
7/15/2016,232000,0.02732,15.50840563
7/16/2016,223500,0.02718,14.86364936
7/17/2016,222500,0.02719,14.80258947
7/18/2016,237000,0.02748,15.93542117
7/19/2016,227400,0.02754,15.32331989
7/20/2016,227100,0.0276,15.33644453
7/21/2016,225300,0.02762,15.22591278
7/22/2016,237300,0.02779,16.13558654
7/23/2016,227800,0.02786,15.52863577
7/24/2016,224200,0.02784,15.27226007
7/25/2016,228100,0.02805,15.65512799
7/26/2016,233800,0.02819,16.12642327
7/27/2016,236600,0.02825,16.35428886
7/28/2016,229900,0.02836,15.95304792
7/29/2016,220700,0.02811,15.17964624
7/30/2016,209100,0.02709,13.85994509
7/31/2016,212600,0.02761,14.36243706
8/1/2016,216500,0.0281,14.88547482
8/2/2016,225700,0.02877,15.88802421
8/3/2016,228500,0.02897,16.19694739
8/4/2016,225300,0.02899,15.98114452
8/5/2016,227400,0.02917,16.23025567
8/6/2016,216800,0.02869,15.21907643
8/7/2016,212900,0.02842,14.80465212
8/8/2016,214400,0.02868,15.04535363
8/9/2016,218600,0.02919,15.61286931
8/10/2016,230300,0.02983,16.80914653
8/11/2016,222800,0.02973,16.2072215
8/12/2016,219700,0.02964,15.93333649
8/13/2016,217500,0.02962,15.76314198
8/14/2016,225300,0.03024,16.67022457
8/15/2016,228500,0.03047,17.03558809
8/16/2016,233800,0.03066,17.53941601
8/17/2016,223500,0.03058,16.72297268
8/18/2016,222800,0.03068,16.72511119
8/19/2016,225300,0.03095,17.06162204
8/20/2016,215400,0.03039,16.01676748
8/21/2016,228100,0.03134,17.49132661
8/22/2016,216100,0.03076,16.26445704
8/23/2016,219300,0.03119,16.73603126
8/24/2016,222500,0.03156,17.18167428
8/25/2016,228800,0.03198,17.90329432
8/26/2016,227100,0.03209,17.83139511
8/27/2016,204500,0.02991,14.96608465
8/28/2016,214400,0.03149,16.51946254
8/29/2016,215800,0.03181,16.79629839
8/30/2016,224200,0.03264,17.90540836
8/31/2016,225300,0.03286,18.11453635
9/1/2016,214000,0.03212,16.81852022
9/2/2016,206900,0.03129,15.84034097
9/3/2016,201300,0.0304,14.97324154
9/4/2016,206900,0.03162,16.00740113
9/5/2016,208700,0.03207,16.37645442
9/6/2016,218200,0.03343,17.84800154
9/7/2016,216800,0.03347,17.75470505
9/8/2016,228100,0.03438,19.18799645
9/9/2016,224200,0.03441,18.87638179
9/10/2016,219000,0.03421,18.33140113
9/11/2016,212600,0.03369,17.52519032
9/12/2016,210100,0.03352,17.23171623
9/13/2016,218600,0.03474,18.58140048
9/14/2016,221800,0.03519,19.09762145
9/15/2016,208700,0.03384,17.28029989
9/16/2016,207700,0.03384,17.19750018
9/17/2016,211900,0.0347,17.99114912
9/18/2016,217200,0.03555,18.89286833
9/19/2016,217200,0.03574,18.99384287
9/20/2016,217900,0.03601,19.1990095
9/21/2016,209400,0.03509,17.97870959
9/22/2016,216500,0.03625,19.20279225
9/23/2016,210800,0.0357,18.41354021
9/24/2016,196000,0.03274,15.70121347
9/25/2016,196300,0.03302,15.85973186
9/26/2016,211900,0.03644,18.89329896
9/27/2016,228800,0.03812,21.34063726
9/28/2016,210800,0.03667,18.91385208
9/29/2016,198100,0.0342,16.57711894
9/30/2016,196000,0.03381,16.21435637
10/1/2016,210100,0.03714,19.09265934
10/2/2016,209400,0.03722,19.07003622
10/3/2016,209100,0.03734,19.10411036
10/4/2016,213700,0.03827,20.01066199
10/5/2016,216500,0.03885,20.58009597
10/6/2016,219300,0.03937,21.12528216
10/7/2016,213700,0.03887,20.32439069
10/8/2016,212600,0.03892,20.24578235
10/9/2016,203800,0.03742,18.65977637
10/10/2016,206900,0.03831,19.39416627
10/11/2016,217500,0.04019,21.38827401
10/12/2016,215100,0.04007,21.08910867
10/13/2016,219700,0.04081,21.93790359
10/14/2016,210800,0.03981,20.53341837
10/15/2016,197800,0.037,17.90715048
10/16/2016,204100,0.03883,19.3913867
10/17/2016,214400,0.04095,21.48212102
10/18/2016,217500,0.04158,22.12800282
10/19/2016,210800,0.04077,21.02857239
10/20/2016,206900,0.04021,20.35602781
10/21/2016,201600,0.03914,19.3067788
10/22/2016,208000,0.04079,20.75943418
10/23/2016,209100,0.04118,21.06875374
10/24/2016,216100,0.04255,22.49846057
10/25/2016,220400,0.04322,23.3074534
10/26/2016,211500,0.0422,21.83842404
10/27/2016,214400,0.04283,22.46835759
10/28/2016,218200,0.04356,23.25632507
10/29/2016,210500,0.04252,21.89998553
10/30/2016,210500,0.0427,21.99269478
10/31/2016,213300,0.04338,22.64012785
11/1/2016,213300,0.04355,22.72885126
11/2/2016,215100,0.04399,23.15223085
11/3/2016,213300,0.04388,22.90107907
11/4/2016,211200,0.04367,22.56709087
11/5/2016,219300,0.04506,24.17844079
11/6/2016,213700,0.04442,23.22638113
11/7/2016,217500,0.04517,24.03852543
11/8/2016,232400,0.04629,26.32217525
11/9/2016,210800,0.04439,22.89571568
11/10/2016,226000,0.04642,25.66918306
11/11/2016,221400,0.04623,25.04378587
11/12/2016,214000,0.0454,23.77213008
11/13/2016,225700,0.04684,25.86705088
11/14/2016,230600,0.04718,26.62046953
11/15/2016,216100,0.04615,24.4019731
11/16/2016,219700,0.04673,25.12027039
11/17/2016,216100,0.04641,24.53944901
11/18/2016,208000,0.04501,22.90713734
11/19/2016,231700,0.04785,27.12729235
11/20/2016,235500,0.04796,27.63557834
11/21/2016,235900,0.04806,27.74023777
11/22/2016,221400,0.04766,25.81844764
11/23/2016,209400,0.04588,23.50707313
11/24/2016,214000,0.04687,24.54184442
11/25/2016,213700,0.0469,24.5231264
11/26/2016,209400,0.04618,23.66078111
11/27/2016,208700,0.04611,23.54594055
11/28/2016,209400,0.04635,23.74788229
11/29/2016,212900,0.04715,24.5615534
11/30/2016,218200,0.04806,25.65883799
12/1/2016,248300,0.04809,29.21661976
12/2/2016,241900,0.04879,28.87787009
12/3/2016,222500,0.04874,26.53468962
12/4/2016,205200,0.04576,22.97533455
12/5/2016,222500,0.04887,26.60546331
12/6/2016,196300,0.0432,20.74925549
12/7/2016,219000,0.04858,26.03155414
12/8/2016,228100,0.04941,27.5764661
12/9/2016,233400,0.04954,28.29145776
12/10/2016,228100,0.04949,27.62111531
12/11/2016,214400,0.04806,25.2119838
12/12/2016,222800,0.04921,26.82668584
12/13/2016,227100,0.04952,27.51669323
12/14/2016,238000,0.04957,28.86651449
12/15/2016,265200,0.04578,29.70624646
12/16/2016,224200,0.0494,27.09948446
12/17/2016,207700,0.04679,23.77869484
12/18/2016,200600,0.04487,22.02345595
12/19/2016,210500,0.04743,24.4288879
12/20/2016,217200,0.04861,25.83353951
12/21/2016,232700,0.0497,28.29770689
12/22/2016,216800,0.04854,25.74883129
12/23/2016,217200,0.04856,25.80696726
12/24/2016,211900,0.04764,24.70024047
12/25/2016,205900,0.04625,23.30057055
12/26/2016,205200,0.04604,23.11591789
12/27/2016,250000,0.04834,29.569578
12/28/2016,225000,0.04921,27.0915813
12/29/2016,229900,0.0494,27.78845441
12/30/2016,234100,0.04938,28.28466055
12/31/2016,221100,0.04872,26.35691003
1/1/2017,219000,0.04841,25.94045977
1/2/2017,209100,0.04663,23.85711478
1/3/2017,214000,0.04755,24.89790276
1/4/2017,255000,0.04713,29.40600942
1/5/2017,238400,0.04884,28.48920814
1/6/2017,226400,0.04871,26.98317338
1/7/2017,216800,0.04768,25.29263032
1/8/2017,227100,0.04857,26.98880836
1/9/2017,221100,0.04801,25.97280891
1/10/2017,218600,0.04763,25.47588096
1/11/2017,229200,0.04836,27.12060524
1/12/2017,231700,0.04829,27.37673871
1/13/2017,217500,0.04719,25.11352701
1/14/2017,222100,0.0476,25.86747173
1/15/2017,213300,0.04629,24.15886395
1/16/2017,211200,0.04577,23.6522956
1/17/2017,214000,0.04617,24.17531378
1/18/2017,225700,0.04736,26.15421711
1/19/2017,226000,0.04726,26.13368357
1/20/2017,220000,0.04661,25.08997656
1/21/2017,214400,0.04569,23.9686962
1/22/2017,218200,0.04613,24.62842689
1/23/2017,213300,0.04524,23.61086639
1/24/2017,223900,0.0464,25.41970733
1/25/2017,223900,0.04625,25.33753155
1/26/2017,245400,0.04581,27.50637262
1/27/2017,251100,0.045,27.6476166
1/28/2017,243700,0.04563,27.20849185
1/29/2017,235500,0.04591,26.45432447
1/30/2017,231000,0.04575,25.8583941
1/31/2017,226700,0.04546,25.2161874
2/1/2017,237300,0.04535,26.33137277
2/2/2017,232000,0.04525,25.6865064
2/3/2017,243700,0.04462,26.60624384
2/4/2017,234500,0.04488,25.75100405
2/5/2017,230300,0.04468,25.17709243
2/6/2017,221400,0.04402,23.84658131
2/7/2017,227800,0.04425,24.66411102
2/8/2017,230600,0.04414,24.90520401
2/9/2017,226700,0.04383,24.31204341
2/10/2017,234800,0.04377,25.14624317
2/11/2017,230300,0.04356,24.54597462
2/12/2017,234500,0.04338,24.89034215
2/13/2017,243300,0.0428,25.47911563
2/14/2017,229900,0.04297,24.17145518
2/15/2017,239400,0.04265,24.98283119
2/16/2017,239400,0.04245,24.8656784
2/17/2017,225300,0.0422,23.26334249
2/18/2017,216100,0.04115,21.7582057
2/19/2017,231000,0.04199,23.73320149
2/20/2017,229200,0.04176,23.41928195
2/21/2017,233400,0.0416,23.75705779
2/22/2017,233800,0.04139,23.67763956
2/23/2017,221400,0.04072,22.05890029
2/24/2017,234800,0.04098,23.54336407
2/25/2017,249300,0.03987,24.32019126
2/26/2017,232000,0.04058,23.03554541
2/27/2017,238000,0.04028,23.45659075
2/28/2017,237000,0.04009,23.24785424
3/1/2017,245400,0.03943,23.67553531
3/2/2017,251400,0.03864,23.76845009
3/3/2017,240500,0.03934,23.14983544
3/4/2017,227800,0.03924,21.87163201
3/5/2017,226700,0.039,21.63289284
3/6/2017,233800,0.03891,22.25892619
3/7/2017,227400,0.03862,21.4882576
3/8/2017,251800,0.03739,23.03613753
3/9/2017,238400,0.03819,22.27688081
3/10/2017,239800,0.03794,22.26101576
3/11/2017,244400,0.03746,22.40100208
3/12/2017,232700,0.03769,21.45956887
3/13/2017,218600,0.0368,19.68323366
3/14/2017,218200,0.03658,19.52976058
3/15/2017,245100,0.03661,21.95540799
3/16/2017,239400,0.03675,21.52682406
3/17/2017,232400,0.03668,20.85758022
3/18/2017,238700,0.03637,21.24194069
3/19/2017,225300,0.03611,19.90614448
3/20/2017,238000,0.036,20.9641824
3/21/2017,228800,0.03585,20.06982806
3/22/2017,221800,0.0353,19.15731847
3/23/2017,229900,0.03548,19.95818547
3/24/2017,239400,0.03518,20.60717471
3/25/2017,225000,0.03492,19.2245076
3/26/2017,221100,0.03449,18.65865819
3/27/2017,232400,0.03474,19.75442576
3/28/2017,232700,0.03456,19.67743964
3/29/2017,231300,0.03437,19.45152415
3/30/2017,216500,0.03335,17.66656887
3/31/2017,237300,0.03394,19.70643422
4/1/2017,240500,0.03365,19.80152421
4/2/2017,238000,0.03357,19.54910009
4/3/2017,241200,0.03327,19.63489468
4/4/2017,256400,0.03183,19.96885352
4/5/2017,244400,0.03274,19.5784519
4/6/2017,242300,0.03269,19.38058163
4/7/2017,265200,0.03019,19.59003016
4/8/2017,249700,0.03185,19.45926583
4/9/2017,243300,0.03214,19.13314898
4/10/2017,252500,0.03127,19.31913759
4/11/2017,253600,0.031,19.23576288
4/12/2017,251800,0.03102,19.11155352
4/13/2017,251400,0.03091,19.01352982
4/14/2017,237700,0.03157,18.36124965
4/15/2017,234100,0.03148,18.0316143
4/16/2017,236600,0.03129,18.11418402
4/17/2017,253200,0.03014,18.67262697
4/18/2017,239100,0.03092,18.08912389
4/19/2017,243000,0.03061,18.19986116
4/20/2017,255700,0.02947,18.43781002
4/21/2017,263400,0.02842,18.31632395
4/22/2017,253200,0.02944,18.23895613
4/23/2017,246500,0.02985,18.00361557
4/24/2017,245800,0.02976,17.89836157
4/25/2017,242600,0.02981,17.6950276
4/26/2017,246100,0.02949,17.75762409
4/27/2017,246500,0.02933,17.68998475
4/28/2017,248300,0.02908,17.667276
4/29/2017,240100,0.02941,17.27768916
4/30/2017,231300,0.02942,16.65009719
5/1/2017,256400,0.02802,17.57861375
5/2/2017,284600,0.02393,16.66387757
5/3/2017,276200,0.02521,17.03707329
5/4/2017,245100,0.02859,17.14572834
5/5/2017,261300,0.02705,17.29438612
5/6/2017,270900,0.02571,17.04156807
5/7/2017,273300,0.02526,16.89162571
5/8/2017,277900,0.02448,16.64556083
5/9/2017,265600,0.02614,16.98760389
5/10/2017,256400,0.02709,16.9951694
5/11/2017,249000,0.02763,16.83366592
5/12/2017,255300,0.02702,16.87853044
5/13/2017,257800,0.02668,16.82934487
5/14/2017,250700,0.02724,16.70936358
5/15/2017,267000,0.02545,16.62637302
5/16/2017,262700,0.0259,16.64785592
5/17/2017,258200,0.02632,16.62802216
5/18/2017,253900,0.02665,16.55611316
5/19/2017,258900,0.0261,16.53373717
5/20/2017,243300,0.02723,16.21019436
5/21/2017,235500,0.0274,15.78846636
5/22/2017,263400,0.0254,16.36997285
5/23/2017,263800,0.02529,16.32383109
5/24/2017,256000,0.02606,16.32348365
5/25/2017,252500,0.0263,16.2485871
5/26/2017,265600,0.02491,16.18826369
5/27/2017,258900,0.0256,16.21699891
5/28/2017,255700,0.02586,16.17922521
5/29/2017,255700,0.02581,16.14794288
5/30/2017,264500,0.02484,16.07591642
5/31/2017,261700,0.02512,16.08502831
6/1/2017,262000,0.02504,16.05218246
6/2/2017,256400,0.02557,16.04158293
6/3/2017,256700,0.02551,16.02266672
6/4/2017,248600,0.02613,15.89421216
6/5/2017,252500,0.0258,15.9396786
6/6/2017,261000,0.02498,15.9525977
6/7/2017,245100,0.02624,15.73640824
6/8/2017,251400,0.02581,15.87638967
6/9/2017,251400,0.02578,15.85793591
6/10/2017,252100,0.02571,15.85891218
6/11/2017,252500,0.02565,15.84700605
6/12/2017,261700,0.02477,15.86091366
6/13/2017,248600,0.02591,15.76039178
6/14/2017,244400,0.02614,15.63166563
6/15/2017,247200,0.02597,15.70792749
6/16/2017,251400,0.02568,15.79642335
6/17/2017,244700,0.0261,15.62690416
6/18/2017,253200,0.02553,15.81659477
6/19/2017,253600,0.0255,15.82296624
6/20/2017,261000,0.0248,15.83764704
6/21/2017,258200,0.02509,15.85095274
6/22/2017,249300,0.02584,15.76207028
6/23/2017,257800,0.02514,15.85793591
6/24/2017,247200,0.026,15.72607296
6/25/2017,255700,0.02537,15.8726583
6/26/2017,264900,0.02443,15.83448333
6/27/2017,262700,0.02469,15.87009895
6/28/2017,259600,0.02505,15.91149146
6/29/2017,258200,0.02521,15.92676439
6/30/2017,258900,0.02517,15.94460401
7/1/2017,254600,0.0256,15.94765517
7/2/2017,261000,0.02501,15.97175615
7/3/2017,257800,0.02537,16.00301646
7/4/2017,246500,0.0263,15.86248206
7/5/2017,255300,0.02568,16.04147527
7/6/2017,254300,0.0258,16.05330799
7/7/2017,261000,0.02519,16.08670681
7/8/2017,253900,0.02593,16.10881854
7/9/2017,246800,0.0265,16.00256136
7/10/2017,255700,0.02586,16.17922521
7/11/2017,257400,0.02575,16.21751274
7/12/2017,256700,0.02588,16.25506133
7/13/2017,252900,0.02627,16.25576356
7/14/2017,261700,0.02547,16.30914295
7/15/2017,251800,0.02649,16.32060132
7/16/2017,256000,0.02618,16.39864934
7/17/2017,254600,0.02638,16.43356029
7/18/2017,259200,0.026,16.48947456
7/19/2017,258200,0.02617,16.5332576
7/20/2017,252900,0.02674,16.54659755
7/21/2017,257100,0.02643,16.62638036
7/22/2017,253200,0.02687,16.64676465
7/23/2017,246100,0.02748,16.54728755
7/24/2017,251400,0.02719,16.72526289
7/25/2017,248600,0.02749,16.72146546
7/26/2017,252900,0.02724,16.85599541
7/27/2017,256000,0.02704,16.93733683
7/28/2017,245100,0.02798,16.77990483
7/29/2017,238700,0.02836,16.5636909
7/30/2017,241900,0.02834,16.77390527
7/31/2017,251100,0.02786,17.11694663
8/1/2017,251800,0.02791,17.19546934
8/2/2017,250000,0.02816,17.225472
8/3/2017,250400,0.02823,17.29592027
8/4/2017,260600,0.02734,17.43297043
8/5/2017,258500,0.02769,17.51386408
8/6/2017,247900,0.02876,17.44471507
8/7/2017,252500,0.02851,17.61396267
8/8/2017,250700,0.02878,17.65401923
8/9/2017,247900,0.02912,17.66307729
8/10/2017,247200,0.02929,17.71602604
8/11/2017,249700,0.02923,17.85853501
8/12/2017,242600,0.02982,17.70096354
8/13/2017,239100,0.03009,17.60354909
8/14/2017,245800,0.0299,17.98256086
8/15/2017,242300,0.03023,17.92214692
8/16/2017,243000,0.03034,18.03932662
8/17/2017,244700,0.03039,18.19546426
8/18/2017,256000,0.02958,18.52834406
8/19/2017,239400,0.03093,18.11767805
8/20/2017,234800,0.03118,17.9131794
8/21/2017,243300,0.03105,18.48426496
8/22/2017,255300,0.03023,18.88371485
8/23/2017,254300,0.03048,18.9653034
8/24/2017,245800,0.03136,18.86063908
8/25/2017,238400,0.03187,18.59031661
8/26/2017,222100,0.03181,17.28664445
8/27/2017,222100,0.03197,17.37359393
8/28/2017,238700,0.03236,18.89989554
8/29/2017,234800,0.03261,18.73472675
8/30/2017,239800,0.03265,19.1571472
8/31/2017,240500,0.03279,19.29545257
9/1/2017,228100,0.03307,18.4568657
9/2/2017,219000,0.03272,17.53298582
9/3/2017,235200,0.03346,19.25580707
9/4/2017,235500,0.03364,19.3840879
9/5/2017,253600,0.03266,20.26580696
9/6/2017,247200,0.03343,20.22010073
9/7/2017,243000,0.03389,20.15005864
9/8/2017,243300,0.03406,20.27613735
9/9/2017,218600,0.03394,18.15350409
9/10/2017,222500,0.03443,18.74413959
9/11/2017,235900,0.03491,20.15005619
9/12/2017,233800,0.03513,20.09653244
9/13/2017,238700,0.03522,20.57028186
9/14/2017,238000,0.03543,20.63224951
9/15/2017,235500,0.03569,20.56534177
9/16/2017,226000,0.03576,19.77445037
9/17/2017,222500,0.03576,19.46820888
9/18/2017,231700,0.03629,20.57365599
9/19/2017,229500,0.03647,20.47938568
9/20/2017,227100,0.03659,20.33190237
9/21/2017,226400,0.03676,20.36340492
9/22/2017,222500,0.03674,20.00173362
9/23/2017,226400,0.03716,20.58498712
9/24/2017,230300,0.03747,21.11427156
9/25/2017,232000,0.03771,21.4063681
9/26/2017,234800,0.0379,21.77387746
9/27/2017,235900,0.03808,21.97978057
9/28/2017,226000,0.03817,21.10712446
9/29/2017,235900,0.03849,22.21643262
9/30/2017,225700,0.03855,21.2889584
10/1/2017,216500,0.03799,20.12452628
10/2/2017,226700,0.03902,21.64398663
10/3/2017,228800,0.0393,22.00123411
10/4/2017,233800,0.03955,22.62504577
10/5/2017,238700,0.03964,23.15178798
10/6/2017,234100,0.03997,22.89465132
10/7/2017,223200,0.03985,21.76311154
10/8/2017,235200,0.04036,23.22666985
10/9/2017,235900,0.04056,23.41123687
10/10/2017,232400,0.04079,23.19467549
10/11/2017,206900,0.03846,19.4701027
10/12/2017,214700,0.03998,21.00261184
10/13/2017,224600,0.04117,22.6250262
10/14/2017,234100,0.04161,23.83403657
10/15/2017,230600,0.0418,23.58490094
10/16/2017,240800,0.04179,24.6222267
10/17/2017,245100,0.04168,24.99594114
10/18/2017,240100,0.04223,24.8091402
10/19/2017,244700,0.04212,25.21859016
10/20/2017,233800,0.04281,24.48996737
10/21/2017,228800,0.04297,24.05580228
10/22/2017,218600,0.04243,22.69455447
10/23/2017,227400,0.04331,24.09778448
10/24/2017,252900,0.04218,26.10080347
10/25/2017,248300,0.04292,26.07563568
10/26/2017,229200,0.04394,24.64184025
10/27/2017,221800,0.04369,23.71057349
10/28/2017,234500,0.04435,25.44690351
10/29/2017,220400,0.04392,23.6849457
10/30/2017,262700,0.04168,26.79083532
10/31/2017,264500,0.0415,26.8579119
11/1/2017,236600,0.04503,26.06844699
11/2/2017,236300,0.04521,26.13946536
11/3/2017,234800,0.04543,26.09992752
11/4/2017,219300,0.04487,24.07648998
11/5/2017,236300,0.04572,26.43433656
11/6/2017,247200,0.04515,27.30893054
11/7/2017,249000,0.04511,27.48341185
11/8/2017,244700,0.04572,27.37402521
11/9/2017,256700,0.04434,27.84966845
11/10/2017,230600,0.04657,26.27628797
11/11/2017,237300,0.04666,27.09199236
11/12/2017,240800,0.04663,27.47390359
11/13/2017,228500,0.04696,26.25504485
11/14/2017,228500,0.0471,26.33331798
11/15/2017,232000,0.04732,26.86155763
11/16/2017,255700,0.04548,28.45441464
11/17/2017,233400,0.04759,27.17784568
11/18/2017,243300,0.04727,28.14013542
11/19/2017,256400,0.04574,28.69542444
11/20/2017,267700,0.04363,28.57801475
11/21/2017,263100,0.04473,28.79507527
11/22/2017,247200,0.04737,28.65169524
11/23/2017,243000,0.04788,28.46812651
11/24/2017,238000,0.04831,28.1327681
11/25/2017,242600,0.04813,28.56966382
11/26/2017,262400,0.04537,29.12936932
11/27/2017,257100,0.04646,29.22669813
11/28/2017,231000,0.04879,27.57663493
11/29/2017,243000,0.04846,28.8129785
11/30/2017,242300,0.0486,28.8129785
12/1/2017,241200,0.04876,28.77659948
12/2/2017,231300,0.04913,27.80486999
12/3/2017,232000,0.04921,27.9344305
12/4/2017,230300,0.04923,27.74100851
12/5/2017,261700,0.04617,29.56392345
12/6/2017,289200,0.03916,27.71018617
12/7/2017,252900,0.04783,29.59699929
12/8/2017,260600,0.04654,29.67558316
12/9/2017,245400,0.04888,29.34973791
12/10/2017,249000,0.0485,29.5487802
12/11/2017,226400,0.04942,27.3764818
12/12/2017,249300,0.04853,29.60268076
12/13/2017,240100,0.04944,29.04484706
12/14/2017,232700,0.04969,28.29201319
12/15/2017,254300,0.04787,29.78573076
12/16/2017,241600,0.04938,29.19083293
12/17/2017,220700,0.04907,26.49822985
12/18/2017,237000,0.04963,28.78002011
12/19/2017,245800,0.04902,29.48177703
12/20/2017,242300,0.04932,29.23983744
12/21/2017,230600,0.04968,28.03104973
12/22/2017,226000,0.04949,27.36682183
12/23/2017,216800,0.04852,25.73822196
12/24/2017,215800,0.04832,25.51389934
12/25/2017,274000,0.04359,29.22374729
12/26/2017,259200,0.04689,29.73813316
12/27/2017,242600,0.04913,29.1632575
12/28/2017,233800,0.04948,28.30561984
12/29/2017,235500,0.04941,28.47109937
12/30/2017,239400,0.0492,28.81958486
12/31/2017,224200,0.04902,26.89102689
1/1/2018,241900,0.04892,28.95481461
1/2/2018,259200,0.04654,29.51615946
1/3/2018,225000,0.04885,26.8933905
1/4/2018,208700,0.04642,23.70424117
1/5/2018,209400,0.0465,23.82473628
1/6/2018,199900,0.0439,21.47216255
1/7/2018,196000,0.04255,20.40582264
1/8/2018,218200,0.04779,25.51468721
1/9/2018,227100,0.04847,26.93324153
1/10/2018,217200,0.04744,25.2117489
1/11/2018,223500,0.04805,26.27661339
1/12/2018,230300,0.04827,27.20005039
1/13/2018,236300,0.04813,27.82774757
1/14/2018,228100,0.04799,26.78394269
1/15/2018,213700,0.04634,24.23031295
1/16/2018,233800,0.04783,27.36171781
1/17/2018,240500,0.04746,27.92809328
1/18/2018,226400,0.0474,26.25749165
1/19/2018,215400,0.04614,24.31765882
1/20/2018,217900,0.04635,24.71186032
1/21/2018,226700,0.04702,26.08150311
1/22/2018,220400,0.04637,25.00616877
1/23/2018,232000,0.04688,26.61178829
1/24/2018,235200,0.0467,26.87525971
1/25/2018,231000,0.04655,26.31056274
1/26/2018,227100,0.04628,25.716328
1/27/2018,219000,0.04545,24.35434614
1/28/2018,225700,0.04588,25.33689783
1/29/2018,226700,0.04579,25.39923495
1/30/2018,242300,0.04541,26.92175625
1/31/2018,224200,0.04531,24.85582269
2/1/2018,215100,0.04412,23.22065072
2/2/2018,232700,0.04525,25.76400879
2/3/2018,226700,0.04493,24.92220193
2/4/2018,227100,0.04476,24.87171221
2/5/2018,235500,0.04469,25.75133437
2/6/2018,225300,0.04431,24.42650961
2/7/2018,223200,0.04398,24.01861092
2/8/2018,231000,0.04414,24.94840471
2/9/2018,231300,0.04397,24.88459461
2/10/2018,226700,0.04365,24.21219929
2/11/2018,216800,0.04259,22.59255716
2/12/2018,224600,0.04314,23.70764222
2/13/2018,223900,0.0429,23.50227251
2/14/2018,221800,0.04253,23.08104121
2/15/2018,222500,0.0424,23.0831112
2/16/2018,235900,0.04257,24.57140911
2/17/2018,234800,0.0424,24.35916634
2/18/2018,228500,0.04214,23.56021273
2/19/2018,230300,0.04197,23.65001274
2/20/2018,240500,0.04159,24.47386009
2/21/2018,247900,0.04082,24.75984941
2/22/2018,236300,0.04134,23.90191325
2/23/2018,240100,0.04101,24.09241865
2/24/2018,235500,0.04097,23.60779076
2/25/2018,240100,0.0406,23.85155321
2/26/2018,249300,0.03967,24.19819381
2/27/2018,239400,0.04022,23.55942486
2/28/2018,245800,0.0396,23.81636822
3/1/2018,228100,0.03988,22.25762939
3/2/2018,254300,0.03828,23.81862907
3/3/2018,246500,0.03893,23.48009227
3/4/2018,242600,0.03902,23.16202539
3/5/2018,245800,0.03858,23.20291632
3/6/2018,237000,0.03885,22.52878866
3/7/2018,252900,0.03746,23.18008767
3/8/2018,273700,0.0339,22.70246252
3/9/2018,268000,0.03479,22.8132781
3/10/2018,254300,0.03669,22.8292973
3/11/2018,244700,0.03745,22.4225119
3/12/2018,251800,0.03659,22.54325414
3/13/2018,252900,0.03627,22.44372076
3/14/2018,256700,0.03561,22.36641167
3/15/2018,247600,0.03641,22.05818583
3/16/2018,249000,0.03609,21.98794799
3/17/2018,253900,0.03538,21.97956036
3/18/2018,249300,0.03567,21.75824485
3/19/2018,235900,0.03625,20.92350435
3/20/2018,223900,0.03583,19.62905417
3/21/2018,232400,0.03589,20.40835752
3/22/2018,245800,0.03519,21.16409085
3/23/2018,252100,0.03444,21.24391036
3/24/2018,246500,0.03476,20.96501431
3/25/2018,232700,0.03512,19.99628704
3/26/2018,237700,0.03485,20.26891195
3/27/2018,244000,0.03438,20.5255201
3/28/2018,250400,0.03368,20.63501929
3/29/2018,244000,0.03401,20.30462299
3/30/2018,252900,0.03308,20.46976242
3/31/2018,255300,0.03264,20.38916483
4/1/2018,262400,0.03156,20.2627925
4/2/2018,261300,0.03155,20.1714559
4/3/2018,249700,0.03269,19.97247723
4/4/2018,292100,0.02581,18.44667233
4/5/2018,265900,0.0304,19.77836525
4/6/2018,254600,0.0317,19.74768238
4/7/2018,256000,0.03138,19.6558295
4/8/2018,258900,0.03088,19.56175494
4/9/2018,250700,0.0316,19.38384322
4/10/2018,257400,0.03075,19.36654434
4/11/2018,258200,0.0305,19.26879468
4/12/2018,251100,0.03109,19.10143111
4/13/2018,247900,0.0312,18.92472566
4/14/2018,217200,0.03094,16.44290706
4/15/2018,213300,0.03038,15.85539613
4/16/2018,283600,0.02588,17.95845498
4/17/2018,287800,0.02498,17.59064222
4/18/2018,276200,0.02691,18.18594377
4/19/2018,273700,0.02719,18.20884826
4/20/2018,268000,0.02792,18.30832781
4/21/2018,257400,0.02915,18.35885423
4/22/2018,248600,0.02984,18.15091048
4/23/2018,251800,0.02944,18.13810883
4/24/2018,251400,0.02934,18.04778276
4/25/2018,271200,0.02683,17.80364105
4/26/2018,270500,0.02682,17.75106911
4/27/2018,267300,0.02716,17.76344502
4/28/2018,269100,0.02679,17.63944365
4/29/2018,261000,0.02774,17.71517455
4/30/2018,261300,0.02759,17.6396345
5/1/2018,255300,0.02813,17.57191197
5/2/2018,257400,0.0278,17.5086157
5/3/2018,270500,0.02606,17.24805596
5/4/2018,276500,0.02506,16.95409741
5/5/2018,258900,0.02732,17.30657853
5/6/2018,252900,0.02781,17.20870897
5/7/2018,262400,0.02672,17.15531735
5/8/2018,269100,0.02577,16.96784109
5/9/2018,261300,0.02666,17.04504007
5/10/2018,263400,0.02632,16.962901
5/11/2018,258900,0.02674,16.93916214
5/12/2018,247900,0.02762,16.75323471
5/13/2018,251400,0.02727,16.77447293
5/14/2018,262000,0.02614,16.75735022
5/15/2018,259900,0.0263,16.72478332
5/16/2018,271200,0.02482,16.46986101
5/17/2018,273000,0.02449,16.35874204
5/18/2018,250700,0.02692,16.5130715
5/19/2018,248600,0.027,16.42341096
5/20/2018,260300,0.02588,16.4830248
5/21/2018,264900,0.02529,16.39189862
5/22/2018,271900,0.02432,16.17972925
5/23/2018,274700,0.02386,16.03716401
5/24/2018,268000,0.02472,16.20995213
5/25/2018,263400,0.02522,16.25396517
5/26/2018,265600,0.02491,16.18826369
5/27/2018,263400,0.02511,16.18307158
5/28/2018,262700,0.02514,16.15934741
5/29/2018,256400,0.02575,16.15450764
5/30/2018,259600,0.02538,16.12110393
5/31/2018,269800,0.02414,15.93593989
6/1/2018,274400,0.02348,15.76451708
6/2/2018,261300,0.02508,16.03486891
6/3/2018,246800,0.02628,15.86970991
6/4/2018,268400,0.02417,15.87294947
6/5/2018,273000,0.02354,15.72416446
6/6/2018,262000,0.02487,15.94320199
6/7/2018,267300,0.02422,15.84059788
6/8/2018,265200,0.02445,15.86539375
6/9/2018,248600,0.02598,15.80297099
6/10/2018,240800,0.02636,15.53103364
6/11/2018,253900,0.02554,15.86653396
6/12/2018,256700,0.02527,15.87192426
6/13/2018,267300,0.02411,15.76865462
6/14/2018,259600,0.02496,15.85432443
6/15/2018,254300,0.02545,15.83553056
6/16/2018,250400,0.02575,15.77647704
6/17/2018,252900,0.02556,15.8164186
6/18/2018,262700,0.02461,15.818677
6/19/2018,257800,0.02512,15.8453202
6/20/2018,259600,0.02494,15.84162064
6/21/2018,249700,0.0258,15.76292177
6/22/2018,235900,0.02641,15.24385517
6/23/2018,246800,0.02601,15.70666494
6/24/2018,252100,0.02566,15.82807026
6/25/2018,257400,0.02521,15.87741733
6/26/2018,250700,0.02579,15.81991508
6/27/2018,255700,0.0254,15.8914277
6/28/2018,262700,0.02471,15.88295444
6/29/2018,252900,0.02569,15.89686205
6/30/2018,252500,0.02575,15.90878775
7/1/2018,258900,0.0252,15.9636083
7/2/2018,255000,0.0256,15.9727104
7/3/2018,255000,0.02563,15.99142842
7/4/2018,259200,0.02526,16.02015875
7/5/2018,259900,0.02523,16.04434536
7/6/2018,251100,0.02606,16.01104197
7/7/2018,237300,0.02679,15.5549609
7/8/2018,250400,0.02621,16.05830925
7/9/2018,257800,0.02562,16.16071272
7/10/2018,257800,0.02566,16.18594413
7/11/2018,253200,0.02614,16.19450793
7/12/2018,249000,0.02651,16.15130233
7/13/2018,249700,0.02652,16.20281726
7/14/2018,243000,0.02698,16.04156335
7/15/2018,243000,0.02704,16.0772377
7/16/2018,251800,0.02655,16.35756757
7/17/2018,243700,0.02714,16.18317924
7/18/2018,247600,0.02699,16.35128908
7/19/2018,244700,0.02724,16.30945859
7/20/2018,245800,0.02725,16.38878874
7/21/2018,234100,0.02772,15.87790179
7/22/2018,239800,0.02768,16.24103628
7/23/2018,245100,0.02753,16.51003502
7/24/2018,250400,0.02727,16.70774869
7/25/2018,249700,0.0274,16.7404673
7/26/2018,252900,0.02724,16.85599541
7/27/2018,253900,0.02724,16.92264624
7/28/2018,249000,0.02773,16.89459124
7/29/2018,242600,0.02821,16.74527771
7/30/2018,242300,0.02832,16.789785
7/31/2018,248600,0.02806,17.06818191
8/1/2018,254600,0.02766,17.23094304
8/2/2018,251400,0.02805,17.25427084
8/3/2018,243300,0.0287,17.08529483
8/4/2018,238000,0.02901,16.89363698
8/5/2018,235900,0.02917,16.8369275
8/6/2018,247200,0.02881,17.42569854
8/7/2018,255000,0.02828,17.64485352
8/8/2018,253900,0.0285,17.70541182
8/9/2018,253200,0.02868,17.76811352
8/10/2018,240500,0.02965,17.44770261
8/11/2018,240500,0.02978,17.52420181
8/12/2018,235900,0.03004,17.3390916
8/13/2018,235200,0.03018,17.36820852
8/14/2018,245100,0.02995,17.96133487
8/15/2018,249000,0.02981,18.16183789
8/16/2018,244700,0.03025,18.11164179
8/17/2018,253900,0.02965,18.41984072
8/18/2018,237700,0.03083,17.93086242
8/19/2018,231300,0.03104,17.56692783
8/20/2018,240100,0.03105,18.24115091
8/21/2018,253200,0.03029,18.76555643
8/22/2018,246800,0.03098,18.70790004
8/23/2018,250000,0.03088,18.889296
8/24/2018,244400,0.03144,18.8010546
8/25/2018,240500,0.0318,18.71288172
8/26/2018,241200,0.03193,18.84406935
8/27/2018,246100,0.03181,19.15462944
8/28/2018,244000,0.03211,19.17028651
8/29/2018,246500,0.03211,19.36670338
8/30/2018,243000,0.0325,19.323603
8/31/2018,240100,0.03281,19.27510987
9/1/2018,235200,0.03311,19.05438649
9/2/2018,239400,0.03318,19.43564687
9/3/2018,240100,0.03333,19.58059774
9/4/2018,240800,0.03347,19.72017056
9/5/2018,240500,0.03366,19.80740876
9/6/2018,243000,0.03371,20.0430356
9/7/2018,232400,0.03419,19.44167578
9/8/2018,217500,0.03367,17.91846693
9/9/2018,206600,0.03236,16.35826736
9/10/2018,212900,0.03351,17.45615386
9/11/2018,233800,0.03494,19.98784069
9/12/2018,241600,0.0349,20.63102611
9/13/2018,235200,0.0353,20.31470381
9/14/2018,244400,0.03511,20.99570697
9/15/2018,237000,0.03565,20.67313554
9/16/2018,233800,0.0359,20.53702006
9/17/2018,239800,0.03595,21.09339791
9/18/2018,238000,0.03621,21.08647346
9/19/2018,228800,0.03645,20.40572477
9/20/2018,233100,0.03669,20.92610775
9/21/2018,247600,0.03622,21.94307857
9/22/2018,232400,0.03709,21.09072111
9/23/2018,231000,0.03728,21.07105862
9/24/2018,218200,0.03679,19.64187785
9/25/2018,239400,0.03757,22.00715047
9/26/2018,249700,0.03702,22.61795984
9/27/2018,235200,0.03809,21.92031354
9/28/2018,241200,0.03808,22.47360353
9/29/2018,239100,0.03839,22.45929709
9/30/2018,233100,0.03873,22.08961987
10/1/2018,222800,0.0386,21.04267574
10/2/2018,238000,0.03905,22.74031452
10/3/2018,234100,0.03935,22.53951788
10/4/2018,241200,0.03931,23.19951037
10/5/2018,235500,0.03974,22.89903844
10/6/2018,235200,0.03995,22.99072003
10/7/2018,231700,0.04017,22.77331941
10/8/2018,226700,0.04026,22.33180169
10/9/2018,240100,0.04041,23.73993264
10/10/2018,241200,0.04055,23.93131889
10/11/2018,253600,0.03958,24.55972564
10/12/2018,243700,0.04079,24.32247168
10/13/2018,247200,0.0407,24.61735267
10/14/2018,240800,0.04139,24.38655092
10/15/2018,251100,0.04068,24.99344541
10/16/2018,250000,0.04101,25.085817
10/17/2018,250000,0.0412,25.20204
10/18/2018,238700,0.0423,24.70536407
10/19/2018,246800,0.04193,25.32027916
10/20/2018,256000,0.041,25.6816128
10/21/2018,237300,0.04294,24.93206498
10/22/2018,241900,0.04291,25.39761028
10/23/2018,238000,0.04331,25.2210761
10/24/2018,234100,0.0436,24.97390037
10/25/2018,232000,0.0438,24.86340288
10/26/2018,226700,0.04385,24.32313721
10/27/2018,220400,0.04356,23.4908068
10/28/2018,223200,0.044,24.02953344
10/29/2018,239400,0.04438,25.99620277
10/30/2018,238400,0.0446,26.01594355
10/31/2018,243000,0.04451,26.46441752
11/1/2018,227800,0.04499,25.07657299
11/2/2018,234800,0.04525,25.99651596
11/3/2018,241900,0.04512,26.70566711
11/4/2018,232000,0.04561,25.89086314
11/5/2018,237000,0.0457,26.50104612
11/6/2018,274700,0.0402,27.01986559
11/7/2018,283200,0.03818,26.45621096
11/8/2018,250400,0.0451,27.63181027
11/9/2018,249000,0.04543,27.67837288
11/10/2018,274700,0.04076,27.39626173
11/11/2018,242600,0.04636,27.519003
11/12/2018,231300,0.04688,26.5314941
11/13/2018,243000,0.04661,27.71301956
11/14/2018,246800,0.04641,28.02561784
11/15/2018,231300,0.04731,26.77485038
11/16/2018,265600,0.04362,28.34733289
11/17/2018,252100,0.04616,28.473255
11/18/2018,241900,0.04738,28.04331799
11/19/2018,244700,0.04728,28.30804707
11/20/2018,250400,0.04675,28.64273016
11/21/2018,251400,0.04674,28.7509668
11/22/2018,234500,0.04818,27.64446023
11/23/2018,235200,0.04829,27.79028461
11/24/2018,231000,0.0484,27.35620272
11/25/2018,243300,0.04807,28.61638057
11/26/2018,239100,0.04845,28.34469769
11/27/2018,273000,0.04306,28.76306378
11/28/2018,277600,0.04196,28.50056129
11/29/2018,252500,0.04737,29.26599129
11/30/2018,244000,0.04846,28.93155043
12/1/2018,222500,0.04859,26.45302767
12/2/2018,237000,0.04905,28.44368298
12/3/2018,270900,0.04401,29.17150566
12/4/2018,249000,0.04821,29.37209677
12/5/2018,263400,0.04582,29.53039984
12/6/2018,269500,0.04451,29.35045483
12/7/2018,245100,0.04881,29.27187829
12/8/2018,241600,0.04916,29.06078062
12/9/2018,233800,0.04953,28.33422294
12/10/2018,238400,0.04943,28.83336524
12/11/2018,254600,0.04773,29.73365551
12/12/2018,242300,0.04925,29.19833727
12/13/2018,246100,0.04894,29.46958707
12/14/2018,243300,0.04922,29.30098298
12/15/2018,233400,0.0497,28.38283106
12/16/2018,232700,0.04972,28.3090943
12/17/2018,251800,0.04827,29.73935166
12/18/2018,239400,0.04954,29.0187446
12/19/2018,241200,0.04942,29.16611047
12/20/2018,237700,0.0496,28.84757626
12/21/2018,239100,0.04952,28.97067966
12/22/2018,259200,0.04699,29.80155421
12/23/2018,251400,0.04827,29.69210885
12/24/2018,258200,0.04714,29.78134365
12/25/2018,247600,0.04871,29.50986629
12/26/2018,246500,0.0488,29.43304656
12/27/2018,230300,0.04949,27.887518
12/28/2018,247900,0.04856,29.45463712
12/29/2018,261300,0.04635,29.63381873
12/30/2018,252900,0.04778,29.5660595
12/31/2018,238700,0.04918,28.72363605
