date,flow_ft3_s,po4_mg_L,Daily_Load_MTD
1/1/2013,122,0.07194,0.021474781
1/2/2013,120,0.07186,0.021099246
1/3/2013,120,0.07191,0.021113927
1/4/2013,110,0.0714,0.019217167
1/5/2013,110,0.07145,0.019230625
1/6/2013,113,0.07166,0.019813159
1/7/2013,120,0.07213,0.021178522
1/8/2013,120,0.07219,0.021196139
1/9/2013,160,0.07527,0.029467302
1/10/2013,200,0.07905,0.038683908
1/11/2013,230,0.08214,0.046225435
1/12/2013,310,0.09078,0.068857356
1/13/2013,577,0.12152,0.171562373
1/14/2013,526,0.11566,0.148856363
1/15/2013,450,0.10694,0.117747356
1/16/2013,486,0.11125,0.132292359
1/17/2013,460,0.10835,0.121950959
1/18/2013,430,0.10501,0.110483541
1/19/2013,400,0.10168,0.09951625
1/20/2013,360,0.09724,0.08565366
1/21/2013,260,0.08625,0.05486949
1/22/2013,220,0.08215,0.044221016
1/23/2013,220,0.08226,0.044280229
1/24/2013,210,0.08135,0.041799908
1/25/2013,210,0.08146,0.041856429
1/26/2013,200,0.08057,0.039427735
1/27/2013,200,0.08069,0.039486458
1/28/2013,450,0.10881,0.119806339
1/29/2013,980,0.17379,0.416724785
1/30/2013,1000,0.17659,0.432080412
1/31/2013,849,0.1579,0.328010912
2/1/2013,350,0.09779,0.0837454
2/2/2013,340,0.0968,0.080529082
2/3/2013,340,0.09696,0.080662188
2/4/2013,1343,0.22262,0.731540985
2/5/2013,330,0.09613,0.077619592
2/6/2013,320,0.09515,0.074500166
2/7/2013,320,0.09531,0.074625443
2/8/2013,310,0.09433,0.07155006
2/9/2013,310,0.0945,0.071679006
2/10/2013,300,0.09352,0.068647421
2/11/2013,380,0.10304,0.095804943
2/12/2013,430,0.10921,0.114902462
2/13/2013,340,0.09869,0.082101395
2/14/2013,290,0.09307,0.066039866
2/15/2013,280,0.0921,0.063098078
2/16/2013,250,0.08889,0.054374013
2/17/2013,260,0.09018,0.05736963
2/18/2013,260,0.09036,0.05748414
2/19/2013,310,0.09631,0.073051905
2/20/2013,350,0.10124,0.086699911
2/21/2013,280,0.09319,0.063844842
2/22/2013,220,0.08662,0.0466272
2/23/2013,210,0.08571,0.044040198
2/24/2013,210,0.08589,0.044132687
2/25/2013,190,0.08395,0.039027683
2/26/2013,211,0.08635,0.044580329
2/27/2013,1140,0.20495,0.571677692
2/28/2013,787,0.15839,0.305000789
3/1/2013,637,0.13925,0.217036665
3/2/2013,520,0.12456,0.158482172
3/3/2013,510,0.12356,0.15418657
3/4/2013,500,0.12255,0.14992767
3/5/2013,510,0.12409,0.15484794
3/6/2013,510,0.12435,0.155172386
3/7/2013,510,0.12463,0.155521789
3/8/2013,547,0.12966,0.173536892
3/9/2013,500,0.12388,0.151554792
3/10/2013,492,0.12312,0.148215008
3/11/2013,489,0.123,0.14716768
3/12/2013,512,0.12625,0.158161152
3/13/2013,486,0.12315,0.146443182
3/14/2013,470,0.12135,0.139552015
3/15/2013,450,0.11903,0.131059172
3/16/2013,429,0.11658,0.122371368
3/17/2013,388,0.11157,0.105919917
3/18/2013,353,0.10737,0.092737659
3/19/2013,295,0.10033,0.072418796
3/20/2013,270,0.09748,0.064398797
3/21/2013,240,0.09408,0.055246787
3/22/2013,220,0.09194,0.049490934
3/23/2013,200,0.08986,0.04397389
3/24/2013,167,0.08649,0.035341163
3/25/2013,193,0.08946,0.042245911
3/26/2013,189,0.08921,0.041254736
3/27/2013,168,0.08715,0.035824088
3/28/2013,229,0.0942,0.05278188
3/29/2013,244,0.0962,0.057433247
3/30/2013,236,0.09543,0.055105557
3/31/2013,232,0.09515,0.054012621
4/1/2013,251,0.09766,0.059977576
4/2/2013,205,0.09236,0.046327222
4/3/2013,172,0.08886,0.037396695
4/4/2013,161,0.08789,0.03462293
4/5/2013,157,0.08767,0.03367822
4/6/2013,137,0.08593,0.028804733
4/7/2013,140,0.08638,0.029589642
4/8/2013,113,0.08437,0.023327326
4/9/2013,110,0.08435,0.022702634
4/10/2013,454,0.1263,0.140300001
4/11/2013,643,0.15275,0.240320414
4/12/2013,1130,0.22335,0.617536841
4/13/2013,856,0.18372,0.384794338
4/14/2013,731,0.16612,0.297124026
4/15/2013,823,0.17965,0.361764151
4/16/2013,842,0.18273,0.376461369
4/17/2013,790,0.17555,0.339333235
4/18/2013,708,0.16406,0.284206782
4/19/2013,634,0.15378,0.238554485
4/20/2013,559,0.14342,0.196164311
4/21/2013,464,0.13033,0.14796563
4/22/2013,360,0.1162,0.102354538
4/23/2013,298,0.10805,0.078784269
4/24/2013,285,0.10651,0.07427347
4/25/2013,230,0.09958,0.056040039
4/26/2013,330,0.1129,0.091160428
4/27/2013,397,0.12229,0.118790011
4/28/2013,390,0.12152,0.115960703
4/29/2013,389,0.12157,0.115710958
4/30/2013,374,0.11968,0.109519551
5/1/2013,354,0.11709,0.101419517
5/2/2013,349,0.11658,0.099551532
5/3/2013,354,0.11745,0.101731338
5/4/2013,338,0.11541,0.095446194
5/5/2013,345,0.11654,0.098376775
5/6/2013,332.7,0.11499,0.093607651
5/7/2013,373,0.12076,0.110212387
5/8/2013,364,0.11967,0.106582314
5/9/2013,389,0.12333,0.117386135
5/10/2013,378,0.12194,0.112781135
5/11/2013,386,0.12321,0.116367508
5/12/2013,396,0.12478,0.120903435
5/13/2013,410,0.12692,0.127324621
5/14/2013,401,0.12578,0.12341116
5/15/2013,449,0.13279,0.145884847
5/16/2013,379,0.12293,0.113997562
5/17/2013,370,0.12179,0.110258436
5/18/2013,364,0.12107,0.107829204
5/19/2013,347,0.11879,0.100857414
5/20/2013,319,0.11499,0.089753053
5/21/2013,306,0.11329,0.084822579
5/22/2013,278.3,0.1096,0.074631511
5/23/2013,244,0.10506,0.062722837
5/24/2013,265,0.10796,0.07000148
5/25/2013,267,0.10832,0.070764979
5/26/2013,244,0.10531,0.062872092
5/27/2013,275,0.10957,0.073726366
5/28/2013,259,0.10747,0.068106017
5/29/2013,421,0.13034,0.134263599
5/30/2013,392,0.12624,0.121082541
5/31/2013,298,0.11301,0.082400835
6/1/2013,354,0.12095,0.104762923
6/2/2013,995,0.21694,0.528154748
6/3/2013,587.3,0.15512,0.222908315
6/4/2013,503,0.14271,0.175638962
6/5/2013,569,0.15251,0.212328875
6/6/2013,765,0.18198,0.340630528
6/7/2013,1030,0.22273,0.561325037
6/8/2013,868,0.19777,0.420028356
6/9/2013,785,0.18515,0.355624641
6/10/2013,735,0.17759,0.319377501
6/11/2013,750,0.17989,0.330116139
6/12/2013,700,0.17235,0.295194186
6/13/2013,1080,0.23069,0.609608475
6/14/2013,1110,0.23538,0.63927984
6/15/2013,890,0.20126,0.438274242
6/16/2013,879,0.19956,0.429201116
6/17/2013,811.3,0.1892,0.375578809
6/18/2013,845,0.19431,0.401744863
6/19/2013,801,0.18757,0.367615967
6/20/2013,758,0.181,0.335696066
6/21/2013,695,0.17146,0.291572188
6/22/2013,626,0.16107,0.246710404
6/23/2013,569,0.15255,0.212384564
6/24/2013,479,0.13925,0.163203395
6/25/2013,426,0.13149,0.137056866
6/26/2013,354,0.1211,0.104892848
6/27/2013,325,0.11695,0.09299981
6/28/2013,441,0.13348,0.144030099
6/29/2013,683,0.1691,0.2825939
6/30/2013,614,0.15873,0.238465666
7/1/2013,561.7,0.15089,0.207378321
7/2/2013,711,0.17298,0.300928947
7/3/2013,809,0.1876,0.371346921
7/4/2013,1070,0.22733,0.595167217
7/5/2013,835,0.19125,0.390738668
7/6/2013,739,0.17666,0.319433997
7/7/2013,708,0.17189,0.29777096
7/8/2013,657,0.16417,0.263911089
7/9/2013,614,0.15767,0.236873191
7/10/2013,569,0.15092,0.210115231
7/11/2013,521,0.14379,0.183301019
7/12/2013,466,0.13569,0.154714932
7/13/2013,420,0.12897,0.132536794
7/14/2013,366,0.12119,0.108529135
7/15/2013,339.7,0.11737,0.097555357
7/16/2013,280,0.10907,0.074724293
7/17/2013,292,0.11057,0.078998461
7/18/2013,292,0.11045,0.078912726
7/19/2013,304,0.11195,0.083271455
7/20/2013,517,0.14179,0.179363726
7/21/2013,488,0.13746,0.164132518
7/22/2013,402,0.12509,0.123040225
7/23/2013,411,0.12619,0.126901055
7/24/2013,386,0.12253,0.115725272
7/25/2013,373,0.12055,0.110020729
7/26/2013,341,0.11597,0.09676059
7/27/2013,329,0.11416,0.09189848
7/28/2013,312,0.11169,0.085264325
7/29/2013,290,0.10858,0.077045328
7/30/2013,278,0.10682,0.072660075
7/31/2013,272,0.10587,0.070459619
8/1/2013,262,0.10439,0.06692042
8/2/2013,279,0.10646,0.072675686
8/3/2013,349,0.11565,0.098757375
8/4/2013,298,0.10862,0.079199882
8/5/2013,259,0.10334,0.065488749
8/6/2013,246.7,0.10157,0.061310248
8/7/2013,234,0.09981,0.057146335
8/8/2013,299,0.10802,0.079026697
8/9/2013,274,0.10456,0.07009945
8/10/2013,268,0.1036,0.067934913
8/11/2013,263,0.10278,0.066139793
8/12/2013,251,0.10107,0.062071817
8/13/2013,266,0.10279,0.066900748
8/14/2013,279,0.10427,0.071180666
8/15/2013,270,0.10292,0.067992657
8/16/2013,256,0.10095,0.063233142
8/17/2013,241,0.09888,0.05830744
8/18/2013,252,0.10006,0.061696356
8/19/2013,225,0.09654,0.053148166
8/20/2013,203,0.09374,0.046560695
8/21/2013,234,0.09726,0.05568633
8/22/2013,230,0.09658,0.054351747
8/23/2013,208,0.09377,0.047722779
8/24/2013,215,0.0944,0.049660253
8/25/2013,203,0.09281,0.046098764
8/26/2013,218,0.09437,0.050337184
8/27/2013,215,0.09383,0.049360397
8/28/2013,215,0.09364,0.049260446
8/29/2013,212,0.09309,0.048287794
8/30/2013,208,0.09244,0.047045896
8/31/2013,208,0.09224,0.046944109
9/1/2013,208,0.09205,0.046847412
9/2/2013,208,0.09186,0.046750714
9/3/2013,197,0.09042,0.043584212
9/4/2013,204,0.09101,0.045427387
9/5/2013,201,0.09048,0.044498679
9/6/2013,196,0.08973,0.043032067
9/7/2013,200,0.08998,0.044032613
9/8/2013,207,0.09058,0.045877647
9/9/2013,152,0.0846,0.031463891
9/10/2013,202,0.08963,0.04429995
9/11/2013,199,0.0891,0.043383966
9/12/2013,212,0.09036,0.046871684
9/13/2013,214,0.09039,0.047329578
9/14/2013,206,0.0893,0.045010843
9/15/2013,205,0.089,0.044641866
9/16/2013,203,0.08859,0.044002688
9/17/2013,199,0.08796,0.042828885
9/18/2013,192,0.08701,0.040876045
9/19/2013,201,0.0878,0.043180637
9/20/2013,200,0.0875,0.042819
9/21/2013,325,0.10188,0.081015995
9/22/2013,369,0.10705,0.096652148
9/23/2013,265,0.09428,0.061131341
9/24/2013,255,0.09292,0.057975947
9/25/2013,250,0.09215,0.056368155
9/26/2013,246,0.09149,0.055069002
9/27/2013,241,0.09073,0.053501558
9/28/2013,234,0.08975,0.05138647
9/29/2013,226,0.08867,0.049032453
9/30/2013,221,0.08793,0.047547514
10/1/2013,216,0.08721,0.046091252
10/2/2013,212,0.08659,0.044916103
10/3/2013,215,0.08674,0.045630618
10/4/2013,226,0.08776,0.048529244
10/5/2013,232,0.08824,0.050090107
10/6/2013,260,0.09119,0.05801216
10/7/2013,285,0.09386,0.065452145
10/8/2013,303,0.09576,0.070994587
10/9/2013,281,0.09303,0.063962851
10/10/2013,288,0.09365,0.065993132
10/11/2013,295,0.09427,0.068044652
10/12/2013,304,0.09512,0.070752843
10/13/2013,298,0.09425,0.068722048
10/14/2013,304,0.09476,0.070485065
10/15/2013,298,0.09389,0.068459555
10/16/2013,285,0.09224,0.064322457
10/17/2013,287,0.0923,0.064815977
10/18/2013,309,0.09463,0.071546071
10/19/2013,303,0.09377,0.06951924
10/20/2013,297,0.09293,0.067532194
10/21/2013,291,0.09209,0.065569811
10/22/2013,349,0.09854,0.084146578
10/23/2013,339,0.09722,0.080640607
10/24/2013,335,0.0966,0.079180895
10/25/2013,353,0.0985,0.085076459
10/26/2013,363,0.09949,0.088365864
10/27/2013,384,0.10175,0.09560137
10/28/2013,366,0.09951,0.089114071
10/29/2013,339.7,0.09634,0.080075685
10/30/2013,351,0.09749,0.083727025
10/31/2013,383,0.101,0.094649564
11/1/2013,536,0.11872,0.155699475
11/2/2013,463,0.10997,0.124581538
11/3/2013,444,0.1076,0.116894402
11/4/2013,432,0.10605,0.112096716
11/5/2013,410.3,0.10341,0.103815578
11/6/2013,438,0.10646,0.114093012
11/7/2013,476,0.11073,0.128964662
11/8/2013,515,0.11513,0.145075543
11/9/2013,494,0.11254,0.136029259
11/10/2013,482,0.111,0.130908694
11/11/2013,463,0.10867,0.123108809
11/12/2013,516,0.11469,0.144801722
11/13/2013,463,0.10843,0.122836921
11/14/2013,459,0.10785,0.121124307
11/15/2013,450,0.1067,0.117483102
11/16/2013,437,0.10509,0.112367651
11/17/2013,434,0.10465,0.111129007
11/18/2013,454,0.10683,0.118671806
11/19/2013,421,0.10297,0.106069685
11/20/2013,393,0.09971,0.095880378
11/21/2013,484,0.10998,0.130243947
11/22/2013,493,0.11092,0.133799735
11/23/2013,516,0.11348,0.143274038
11/24/2013,476,0.1088,0.126716836
11/25/2013,453,0.10609,0.117590198
11/26/2013,446,0.10523,0.114834637
11/27/2013,443,0.10481,0.113606955
11/28/2013,396,0.09945,0.096360367
11/29/2013,348,0.09404,0.080073781
11/30/2013,220,0.08037,0.04326285
12/1/2013,180,0.07647,0.033679223
12/2/2013,188,0.07718,0.035502677
12/3/2013,215,0.07975,0.041953445
12/4/2013,210,0.07922,0.040705454
12/5/2013,246.7,0.08289,0.050034523
12/6/2013,237,0.08188,0.047481524
12/7/2013,220,0.08013,0.043133658
12/8/2013,202,0.07834,0.038719827
12/9/2013,200,0.07813,0.038233697
12/10/2013,181,0.07632,0.033799899
12/11/2013,130,0.07211,0.022937037
12/12/2013,130,0.0721,0.022933856
12/13/2013,120,0.07144,0.020975927
12/14/2013,120,0.07144,0.020975927
12/15/2013,110,0.07088,0.01907721
12/16/2013,110,0.07088,0.01907721
12/17/2013,100,0.07044,0.017235259
12/18/2013,98,0.07037,0.016873769
12/19/2013,110,0.0709,0.019082593
12/20/2013,130,0.07212,0.022940218
12/21/2013,760,0.14107,0.262329258
12/22/2013,2393,0.34974,2.04779499
12/23/2013,1470,0.22822,0.820860783
12/24/2013,1050,0.17607,0.45234848
12/25/2013,980,0.16763,0.401953942
12/26/2013,940,0.16286,0.374576697
12/27/2013,900,0.15812,0.348199214
12/28/2013,920,0.16061,0.361542104
12/29/2013,930,0.16191,0.368430091
12/30/2013,880,0.15598,0.33585364
12/31/2013,840,0.15127,0.310907046
1/1/2014,800,0.14657,0.286901981
1/2/2014,800,0.14668,0.287117299
1/3/2014,780,0.14439,0.275568893
1/4/2014,780,0.1445,0.275778828
1/5/2014,760,0.14222,0.264467761
1/6/2014,700,0.1352,0.231565152
1/7/2014,540,0.1165,0.153928188
1/8/2014,500,0.11195,0.13695963
1/9/2014,480,0.10974,0.128885679
1/10/2014,480,0.10985,0.12901487
1/11/2014,580,0.12162,0.172596293
1/12/2014,700,0.13597,0.232883977
1/13/2014,560,0.11952,0.16376726
1/14/2014,640,0.12911,0.202180063
1/15/2014,580,0.12214,0.173334248
1/16/2014,560,0.11992,0.164315343
1/17/2014,540,0.11771,0.155526927
1/18/2014,520,0.1155,0.146954808
1/19/2014,480,0.11096,0.130318525
1/20/2014,480,0.11109,0.130471206
1/21/2014,460,0.1089,0.122569999
1/22/2014,420,0.10439,0.10727701
1/23/2014,400,0.10222,0.100044758
1/24/2014,380,0.10005,0.093024889
1/25/2014,340,0.09562,0.079547425
1/26/2014,280,0.08903,0.060994809
1/27/2014,260,0.08697,0.055327531
1/28/2014,200,0.08081,0.039545182
1/29/2014,160,0.07713,0.030195469
1/30/2014,160,0.07725,0.030242448
1/31/2014,170,0.07827,0.032556876
2/1/2014,180,0.07934,0.03494324
2/2/2014,180,0.07947,0.035000495
2/3/2014,170,0.07865,0.032714939
2/4/2014,170,0.07878,0.032769014
2/5/2014,160,0.078,0.030536064
2/6/2014,160,0.07813,0.030586957
2/7/2014,150,0.07739,0.028403678
2/8/2014,150,0.07752,0.02845139
2/9/2014,140,0.07683,0.02631827
2/10/2014,140,0.07697,0.026366227
2/11/2014,130,0.07633,0.024279352
2/12/2014,130,0.07647,0.024323883
2/13/2014,130,0.07661,0.024368415
2/14/2014,120,0.07606,0.022332433
2/15/2014,120,0.0762,0.022373539
2/16/2014,120,0.07634,0.022414645
2/17/2014,100,0.0754,0.018448872
2/18/2014,120,0.07664,0.02250273
2/19/2014,200,0.08398,0.041096453
2/20/2014,280,0.09301,0.063721523
2/21/2014,800,0.15779,0.308864458
2/22/2014,1400,0.23805,0.815445036
2/23/2014,1000,0.18461,0.451703748
2/24/2014,660,0.14073,0.227263188
2/25/2014,600,0.13337,0.19579783
2/26/2014,560,0.12857,0.176167643
2/27/2014,520,0.12378,0.15748975
2/28/2014,480,0.11899,0.139749471
3/1/2014,480,0.11925,0.140054832
3/2/2014,480,0.1195,0.140348448
3/3/2014,440,0.11473,0.1235174
3/4/2014,400,0.10996,0.107620051
3/5/2014,320,0.10035,0.078571642
3/6/2014,260,0.0934,0.059418091
3/7/2014,240,0.09127,0.053596665
3/8/2014,260,0.0938,0.059672558
3/9/2014,220,0.08939,0.048118279
3/10/2014,1033,0.19521,0.493401942
3/11/2014,360,0.10661,0.093907205
3/12/2014,680,0.14826,0.246678546
3/13/2014,800,0.16463,0.322253347
3/14/2014,760,0.15961,0.296805648
3/15/2014,740,0.15727,0.284758095
3/16/2014,700,0.15224,0.260750582
3/17/2014,560,0.13393,0.183511957
3/18/2014,580,0.13688,0.194252431
3/19/2014,700,0.15324,0.262463342
3/20/2014,900,0.18089,0.398341487
3/21/2014,780,0.16479,0.314502374
3/22/2014,760,0.16241,0.302012439
3/23/2014,680,0.15186,0.252668313
3/24/2014,620,0.14405,0.218526155
3/25/2014,580,0.13897,0.197218442
3/26/2014,500,0.12854,0.157255836
3/27/2014,512,0.13042,0.163385168
3/28/2014,501,0.12923,0.158416182
3/29/2014,548,0.13583,0.182127167
3/30/2014,464,0.12481,0.14169869
3/31/2014,575,0.14007,0.197065884
4/1/2014,813,0.17332,0.344776533
4/2/2014,841,0.17762,0.365499118
4/3/2014,741,0.16394,0.297236138
4/4/2014,857,0.18062,0.378743451
4/5/2014,1060,0.21012,0.544968913
4/6/2014,865,0.1825,0.386257965
4/7/2014,882,0.18529,0.399870199
4/8/2014,1550,0.28446,1.078825928
4/9/2014,1120,0.22059,0.604508365
4/10/2014,990,0.20201,0.489335287
4/11/2014,1000,0.20386,0.498804648
4/12/2014,908,0.19088,0.424077027
4/13/2014,857,0.18387,0.3855584
4/14/2014,811,0.17758,0.352381725
4/15/2014,915,0.19298,0.43204787
4/16/2014,815,0.17883,0.356612414
4/17/2014,703,0.16305,0.28046237
4/18/2014,654,0.15635,0.250192396
4/19/2014,599,0.14881,0.218100876
4/20/2014,535,0.14003,0.183304591
4/21/2014,482,0.13284,0.156665864
4/22/2014,470,0.1314,0.151109474
4/23/2014,479,0.13288,0.155737646
4/24/2014,424,0.12543,0.130126501
4/25/2014,452,0.12954,0.143265229
4/26/2014,785,0.17757,0.341065447
4/27/2014,754,0.17332,0.31975585
4/28/2014,671,0.1615,0.265151152
4/29/2014,634,0.15639,0.242603303
4/30/2014,813,0.18282,0.363674392
5/1/2014,750,0.17381,0.318958731
5/2/2014,646,0.15885,0.25108352
5/3/2014,646,0.15909,0.251462872
5/4/2014,662,0.16165,0.261837696
5/5/2014,636,0.15808,0.245998532
5/6/2014,616,0.15537,0.234178139
5/7/2014,583,0.15078,0.215085318
5/8/2014,553,0.14662,0.198388648
5/9/2014,585,0.15146,0.216796512
5/10/2014,567,0.14903,0.206754624
5/11/2014,547,0.14631,0.195821245
5/12/2014,526,0.14343,0.18459682
5/13/2014,524,0.14331,0.183741076
5/14/2014,596,0.15399,0.224562508
5/15/2014,929,0.20397,0.463639556
5/16/2014,1140,0.23662,0.66001647
5/17/2014,903,0.20043,0.442842148
5/18/2014,775,0.18127,0.343736863
5/19/2014,771,0.18085,0.341170414
5/20/2014,791,0.18403,0.356175122
5/21/2014,795,0.1848,0.359474069
5/22/2014,769,0.18103,0.340624093
5/23/2014,722,0.17411,0.307580915
5/24/2014,662,0.16527,0.267701305
5/25/2014,592,0.15499,0.224503883
5/26/2014,535,0.14669,0.192022784
5/27/2014,497,0.14122,0.171731937
5/28/2014,442,0.13329,0.144151216
5/29/2014,392,0.12617,0.1210154
5/30/2014,377,0.12409,0.114466026
5/31/2014,310,0.11468,0.086985697
6/1/2014,278,0.11031,0.075034009
6/2/2014,240,0.10523,0.061794423
6/3/2014,272.7,0.10968,0.073183142
6/4/2014,296,0.11295,0.081804354
6/5/2014,233,0.10444,0.059541704
6/6/2014,216,0.10226,0.05404531
6/7/2014,225,0.10346,0.056957834
6/8/2014,196,0.09978,0.047851774
6/9/2014,215,0.10222,0.053774058
6/10/2014,189,0.09896,0.045763577
6/11/2014,189,0.09898,0.045772826
6/12/2014,195,0.09973,0.047583776
6/13/2014,307,0.11473,0.086181459
6/14/2014,236,0.10503,0.060649027
6/15/2014,231,0.10438,0.058996703
6/16/2014,263,0.10866,0.069923623
6/17/2014,289,0.11223,0.079360661
6/18/2014,631,0.16196,0.250055032
6/19/2014,486,0.14045,0.167015387
6/20/2014,440,0.13371,0.143951116
6/21/2014,411,0.12947,0.130199538
6/22/2014,385,0.1257,0.118411663
6/23/2014,353,0.12109,0.104587903
6/24/2014,353,0.12105,0.104553354
6/25/2014,479,0.13919,0.163133074
6/26/2014,368,0.1231,0.110841997
6/27/2014,311,0.11499,0.087502192
6/28/2014,301,0.11355,0.083628076
6/29/2014,301,0.11349,0.083583887
6/30/2014,320,0.11608,0.090887854
7/1/2014,287,0.11143,0.078249667
7/2/2014,283,0.11081,0.076729764
7/3/2014,286,0.11115,0.077781081
7/4/2014,286,0.11108,0.077732096
7/5/2014,275,0.1095,0.073679265
7/6/2014,274,0.10928,0.073263847
7/7/2014,311,0.11427,0.086954305
7/8/2014,216,0.10144,0.053611933
7/9/2014,349,0.11938,0.101942545
7/10/2014,307,0.11343,0.085204941
7/11/2014,292,0.11126,0.079491443
7/12/2014,295,0.11157,0.080531895
7/13/2014,275,0.10874,0.073167884
7/14/2014,279,0.10917,0.074525687
7/15/2014,278,0.10892,0.074088517
7/16/2014,270,0.10773,0.071170316
7/17/2014,261,0.10641,0.067955001
7/18/2014,225,0.10158,0.055922837
7/19/2014,242,0.10366,0.06137974
7/20/2014,247,0.10419,0.062968227
7/21/2014,224,0.10109,0.055405731
7/22/2014,125,0.08986,0.027483681
7/23/2014,47.6,0.09012,0.010496067
7/24/2014,20.6,0.10637,0.005361482
7/25/2014,71,0.08727,0.015160789
7/26/2014,236,0.10195,0.058870497
7/27/2014,250,0.10361,0.063378237
7/28/2014,478,0.13472,0.157564524
7/29/2014,386,0.12166,0.114903588
7/30/2014,367,0.11886,0.10673338
7/31/2014,440,0.12878,0.138643518
8/1/2014,302,0.10968,0.081046237
8/2/2014,349,0.11584,0.098919622
8/3/2014,370,0.11851,0.107288999
8/4/2014,424,0.12574,0.130448108
8/5/2014,411,0.12375,0.124447307
8/6/2014,375,0.11861,0.108830606
8/7/2014,364.7,0.117,0.104404711
8/8/2014,364,0.11672,0.103954941
8/9/2014,360,0.11597,0.102151943
8/10/2014,304,0.1083,0.080556486
8/11/2014,295,0.10692,0.077175498
8/12/2014,293,0.10647,0.076329663
8/13/2014,330,0.11113,0.089731252
8/14/2014,291,0.10582,0.075345829
8/15/2014,271,0.10305,0.068330683
8/16/2014,275,0.10336,0.069547843
8/17/2014,221,0.09643,0.052143828
8/18/2014,252,0.10006,0.061696356
8/19/2014,249,0.09949,0.060614601
8/20/2014,250,0.09942,0.060815214
8/21/2014,240,0.098,0.057548736
8/22/2014,216,0.0949,0.050155485
8/23/2014,228,0.09615,0.053639239
8/24/2014,222,0.09523,0.051727946
8/25/2014,217,0.09445,0.050148756
8/26/2014,206,0.09297,0.046860673
8/27/2014,206,0.09278,0.046764905
8/28/2014,197,0.09156,0.044133715
8/29/2014,197,0.09137,0.044042131
8/30/2014,200,0.09152,0.044786227
8/31/2014,200,0.09133,0.044693249
9/1/2014,199,0.09102,0.044318839
9/2/2014,207,0.09174,0.046465172
9/3/2014,204.7,0.09127,0.045713489
9/4/2014,200,0.09056,0.044316442
9/5/2014,200,0.09037,0.044223463
9/6/2014,207,0.09097,0.046075177
9/7/2014,200,0.08998,0.044032613
9/8/2014,184,0.08804,0.039636594
9/9/2014,197,0.08927,0.04302989
9/10/2014,195,0.08886,0.042397416
9/11/2014,183,0.08737,0.039121176
9/12/2014,190,0.08793,0.040877954
9/13/2014,191,0.08785,0.041055714
9/14/2014,191,0.08766,0.040966919
9/15/2014,191,0.08747,0.040878125
9/16/2014,131,0.0815,0.02612326
9/17/2014,41,0.08309,0.008335489
9/18/2014,167,0.08443,0.034499415
9/19/2014,177,0.08526,0.036924708
9/20/2014,181,0.08549,0.037861025
9/21/2014,181,0.0853,0.037776879
9/22/2014,178,0.08481,0.036937333
9/23/2014,175,0.08433,0.036109263
9/24/2014,199,0.08665,0.042191029
9/25/2014,192,0.08572,0.040270022
9/26/2014,176,0.08389,0.036126121
9/27/2014,191,0.08526,0.039845306
9/28/2014,181,0.08404,0.037218862
9/29/2014,174,0.08316,0.035404805
9/30/2014,196,0.08524,0.040878785
10/1/2014,172,0.08262,0.034770594
10/2/2014,186,0.08386,0.038165089
10/3/2014,192,0.0843,0.039602926
10/4/2014,190,0.08392,0.039013737
10/5/2014,188,0.08355,0.038432866
10/6/2014,197,0.08431,0.040639072
10/7/2014,206,0.08508,0.042883791
10/8/2014,200,0.08428,0.041243261
10/9/2014,189,0.08298,0.038373703
10/10/2014,185.3,0.08246,0.037386708
10/11/2014,187,0.08246,0.037729705
10/12/2014,184,0.082,0.036917318
10/13/2014,182,0.08164,0.036355729
10/14/2014,198,0.0831,0.040259158
10/15/2014,151,0.07845,0.02898467
10/16/2014,171,0.08012,0.033522432
10/17/2014,189,0.08173,0.037795646
10/18/2014,236,0.08648,0.049937426
10/19/2014,227,0.08536,0.047410958
10/20/2014,216,0.08405,0.044421165
10/21/2014,216,0.0839,0.044341888
10/22/2014,227,0.08491,0.047161018
10/23/2014,218,0.08382,0.044709789
10/24/2014,212,0.08305,0.043079829
10/25/2014,214,0.08312,0.043522895
10/26/2014,210,0.08257,0.042426778
10/27/2014,216,0.08306,0.043897941
10/28/2014,246,0.08609,0.051818673
10/29/2014,247,0.08606,0.052011187
10/30/2014,241,0.08529,0.050293705
10/31/2014,242,0.08526,0.050484629
11/1/2014,245,0.08545,0.05122437
11/2/2014,238,0.08459,0.049260005
11/3/2014,231,0.08373,0.0473251
11/4/2014,250,0.08562,0.052373754
11/5/2014,250,0.0855,0.05230035
11/6/2014,248,0.08517,0.051681701
11/7/2014,272,0.08763,0.058320359
11/8/2014,274,0.08773,0.058816227
11/9/2014,267,0.08687,0.056751789
11/10/2014,260,0.08601,0.05471681
11/11/2014,260,0.0859,0.054646831
11/12/2014,259,0.0857,0.054309907
11/13/2014,261,0.08581,0.054799536
11/14/2014,257,0.08529,0.053632706
11/15/2014,246,0.08404,0.050584752
11/16/2014,240,0.08332,0.04892817
11/17/2014,253,0.0846,0.052370818
11/18/2014,377,0.09809,0.090482493
11/19/2014,49.9,0.073,0.008912958
11/20/2014,55.4,0.07214,0.009778773
11/21/2014,247,0.08366,0.050560724
11/22/2014,251,0.084,0.051588331
11/23/2014,230,0.08176,0.046011585
11/24/2014,238,0.08252,0.048054565
11/25/2014,234,0.08205,0.046977826
11/26/2014,231,0.08168,0.046166418
11/27/2014,245,0.08307,0.049797641
11/28/2014,239,0.0824,0.0481863
11/29/2014,226,0.08102,0.04480218
11/30/2014,181,0.0766,0.033923903
12/1/2014,103,0.0708,0.017843044
12/2/2014,78.6,0.07028,0.013516143
12/3/2014,56.3,0.07143,0.009839828
12/4/2014,30.2,0.07879,0.005822058
12/5/2014,57.7,0.07123,0.010056277
12/6/2014,31.3,0.07813,0.005983574
12/7/2014,31.4,0.07806,0.005997312
12/8/2014,34,0.07677,0.006386588
12/9/2014,36,0.07592,0.006687398
12/10/2014,40.8,0.07426,0.007413334
12/11/2014,40,0.07449,0.007290485
12/12/2014,50,0.07216,0.008828054
12/13/2014,60,0.07089,0.010407219
12/14/2014,50,0.07215,0.008826831
12/15/2014,54.6,0.07147,0.009548055
12/16/2014,78.8,0.07007,0.013510045
12/17/2014,134,0.07237,0.023728039
12/18/2014,137.3,0.07264,0.024403091
12/19/2014,129,0.07204,0.022738504
12/20/2014,142,0.073,0.025363529
12/21/2014,160,0.07447,0.029154111
12/22/2014,166,0.07501,0.030466722
12/23/2014,175,0.07583,0.032469648
12/24/2014,160,0.07453,0.029177601
12/25/2014,132,0.07236,0.023370659
12/26/2014,120,0.0716,0.021022906
12/27/2014,103,0.07074,0.017827923
12/28/2014,107,0.07095,0.018575249
12/29/2014,103,0.07081,0.017845565
12/30/2014,80.9,0.07035,0.01392551
12/31/2014,90,0.07048,0.015520542
1/1/2015,86,0.07046,0.014826531
1/2/2015,84,0.07048,0.014485839
1/3/2015,220,0.08058,0.043375892
1/4/2015,560,0.11853,0.162410754
1/5/2015,270,0.08589,0.056742026
1/6/2015,220,0.08076,0.043472785
1/7/2015,1337,0.21345,0.698274268
1/8/2015,200,0.0789,0.038610504
1/9/2015,200,0.07897,0.038644759
1/10/2015,190,0.07808,0.036298767
1/11/2015,190,0.07816,0.036335959
1/12/2015,180,0.07729,0.034040371
1/13/2015,180,0.07737,0.034075605
1/14/2015,170,0.07653,0.031833113
1/15/2015,160,0.07573,0.029647386
1/16/2015,140,0.07417,0.025407082
1/17/2015,130,0.07351,0.023382355
1/18/2015,120,0.07293,0.021413415
1/19/2015,110,0.07245,0.019499773
1/20/2015,97.5,0.07199,0.01717415
1/21/2015,92.1,0.07192,0.016207192
1/22/2015,86,0.0719,0.015129543
1/23/2015,80,0.07197,0.014087696
1/24/2015,74.9,0.07214,0.01322076
1/25/2015,72.3,0.0723,0.012790133
1/26/2015,68.2,0.07256,0.012108215
1/27/2015,64,0.07291,0.011417356
1/28/2015,62,0.07316,0.011098489
1/29/2015,62,0.07327,0.011115176
1/30/2015,62.3,0.07336,0.011182679
1/31/2015,61.7,0.07352,0.011099135
2/1/2015,60.5,0.07374,0.010915835
2/2/2015,59.9,0.07391,0.010832495
2/3/2015,58.2,0.07419,0.010564935
2/4/2015,54,0.07483,0.009887078
2/5/2015,52.4,0.07518,0.009639002
2/6/2015,51.9,0.07539,0.009573695
2/7/2015,52,0.0755,0.009606137
2/8/2015,52,0.07563,0.009622677
2/9/2015,52.4,0.07569,0.009704391
2/10/2015,50,0.07623,0.009325978
2/11/2015,48.1,0.07672,0.00902926
2/12/2015,48.1,0.07686,0.009045736
2/13/2015,48,0.07702,0.009045722
2/14/2015,48,0.07716,0.009062164
2/15/2015,48,0.0773,0.009078607
2/16/2015,50.1,0.07704,0.009443924
2/17/2015,49.7,0.07726,0.009395276
2/18/2015,50,0.07735,0.009462999
2/19/2015,50.1,0.07748,0.009497861
2/20/2015,50,0.07764,0.009498478
2/21/2015,50.4,0.07772,0.009584331
2/22/2015,51.5,0.07768,0.009788472
2/23/2015,51.5,0.07783,0.009807374
2/24/2015,52.2,0.07787,0.009945787
2/25/2015,52,0.07806,0.009931855
2/26/2015,51.5,0.0783,0.009866599
2/27/2015,51.9,0.07839,0.009954661
2/28/2015,54.5,0.07816,0.010422683
3/1/2015,54,0.07838,0.01035613
3/2/2015,52,0.07885,0.010032369
3/3/2015,57.6,0.07824,0.011026808
3/4/2015,60,0.07814,0.011471577
3/5/2015,56,0.07876,0.010791758
3/6/2015,56,0.07892,0.010813682
3/7/2015,60,0.07863,0.011543513
3/8/2015,66,0.07833,0.012649418
3/9/2015,76,0.07812,0.014526945
3/10/2015,96,0.07854,0.018448481
3/11/2015,96,0.07871,0.018488412
3/12/2015,110,0.07955,0.021410723
3/13/2015,130,0.08111,0.025799793
3/14/2015,140,0.08212,0.02813037
3/15/2015,180,0.08616,0.037946932
3/16/2015,230,0.0919,0.051718012
3/17/2015,320,0.10299,0.080638698
3/18/2015,420,0.11593,0.11913616
3/19/2015,600,0.13984,0.205296307
3/20/2015,740,0.15899,0.287872382
3/21/2015,1050,0.20219,0.519454417
3/22/2015,991,0.19435,0.47125576
3/23/2015,868,0.17763,0.377254573
3/24/2015,841,0.17428,0.358626204
3/25/2015,772,0.16512,0.311900056
3/26/2015,975,0.19377,0.462263525
3/27/2015,920,0.18644,0.419686881
3/28/2015,742,0.16202,0.294151458
3/29/2015,680,0.15382,0.255929408
3/30/2015,722,0.15995,0.282566007
3/31/2015,720,0.16,0.28187136
4/1/2015,632,0.14818,0.229142233
4/2/2015,619,0.1467,0.222187302
4/3/2015,742,0.16408,0.29789144
4/4/2015,719,0.1612,0.283590971
4/5/2015,578,0.14195,0.200752844
4/6/2015,555,0.13907,0.188853444
4/7/2015,574,0.14198,0.199405685
4/8/2015,725,0.16335,0.289771466
4/9/2015,838,0.17973,0.368521699
4/10/2015,847,0.18137,0.37587837
4/11/2015,577,0.14353,0.202636171
4/12/2015,503,0.13353,0.164340766
4/13/2015,485,0.1313,0.155813447
4/14/2015,489,0.13211,0.15806766
4/15/2015,432,0.1245,0.131598691
4/16/2015,377,0.11724,0.108147288
4/17/2015,351,0.11395,0.097863314
4/18/2015,275,0.10408,0.07003231
4/19/2015,246,0.10055,0.060522332
4/20/2015,272,0.10407,0.069261665
4/21/2015,261,0.10283,0.06566876
4/22/2015,255,0.10224,0.063791012
4/23/2015,329,0.1122,0.090320686
4/24/2015,284,0.10638,0.073922526
4/25/2015,290,0.10735,0.076172554
4/26/2015,286,0.107,0.074876974
4/27/2015,240,0.10117,0.059410261
4/28/2015,217,0.09844,0.052267269
4/29/2015,208,0.09748,0.049610925
4/30/2015,230,0.10038,0.05649025
5/1/2015,345,0.11586,0.097802756
5/2/2015,358,0.11783,0.103213707
5/3/2015,346,0.11634,0.098492606
5/4/2015,328,0.11404,0.091522848
5/5/2015,343.3,0.11632,0.097707223
5/6/2015,277,0.10743,0.072812144
5/7/2015,296,0.11014,0.079769203
5/8/2015,312,0.11247,0.085859778
5/9/2015,334,0.11565,0.094512788
5/10/2015,336,0.11607,0.095424026
5/11/2015,327,0.11497,0.091987911
5/12/2015,338,0.11664,0.096463426
5/13/2015,322,0.11455,0.090250463
5/14/2015,324,0.11496,0.091136057
5/15/2015,334,0.11648,0.09519109
5/16/2015,296,0.11135,0.080645549
5/17/2015,279,0.10915,0.074512033
5/18/2015,295,0.11145,0.080445279
5/19/2015,258,0.10654,0.067255975
5/20/2015,272,0.10853,0.072229927
5/21/2015,265,0.10768,0.069819927
5/22/2015,267,0.10805,0.07058859
5/23/2015,266,0.10801,0.070298179
5/24/2015,235,0.10396,0.059776792
5/25/2015,214,0.10132,0.053052692
5/26/2015,241,0.10491,0.061863203
5/27/2015,241,0.10499,0.061910377
5/28/2015,244,0.10546,0.062961645
5/29/2015,243,0.10539,0.062661985
5/30/2015,242,0.10532,0.062362668
5/31/2015,238,0.10486,0.061064005
6/1/2015,445,0.13404,0.145946237
6/2/2015,398,0.1273,0.123968101
6/3/2015,388,0.12592,0.11954321
6/4/2015,428.3,0.13181,0.138132193
6/5/2015,472,0.13822,0.159628841
6/6/2015,486,0.14032,0.166860798
6/7/2015,451,0.13524,0.14923826
6/8/2015,469,0.1379,0.158247035
6/9/2015,444,0.13429,0.145889863
6/10/2015,495,0.14177,0.171707004
6/11/2015,492,0.14136,0.170172787
6/12/2015,491,0.14123,0.169670728
6/13/2015,472,0.13845,0.159894465
6/14/2015,448,0.13495,0.147927656
6/15/2015,505,0.1433,0.177066352
6/16/2015,563,0.15186,0.2091945
6/17/2015,538,0.14815,0.19502146
6/18/2015,515,0.14474,0.182387163
6/19/2015,514,0.14457,0.181819212
6/20/2015,504,0.14307,0.176432093
6/21/2015,477,0.13908,0.16232355
6/22/2015,440,0.13365,0.143886521
6/23/2015,402,0.12811,0.126010738
6/24/2015,360,0.12204,0.10749869
6/25/2015,328,0.11747,0.094275595
6/26/2015,267,0.10897,0.071189622
6/27/2015,256,0.10743,0.067292089
6/28/2015,363,0.12227,0.108598796
6/29/2015,340,0.11895,0.098955932
6/30/2015,317,0.11566,0.089710013
7/1/2015,297,0.11281,0.081978982
7/2/2015,362,0.12185,0.107927614
7/3/2015,326,0.1167,0.093086549
7/4/2015,313,0.11481,0.087927055
7/5/2015,308,0.11403,0.08593465
7/6/2015,308,0.11395,0.085874361
7/7/2015,308,0.11386,0.085806536
7/8/2015,282,0.11019,0.076030836
7/9/2015,232,0.10342,0.058707149
7/10/2015,274,0.10892,0.073022495
7/11/2015,272,0.10855,0.072243238
7/12/2015,244,0.10471,0.06251388
7/13/2015,261,0.10686,0.068242378
7/14/2015,263,0.10702,0.068868269
7/15/2015,258,0.10624,0.067066592
7/16/2015,280,0.10907,0.074724293
7/17/2015,217,0.10068,0.05345661
7/18/2015,320,0.11427,0.089470668
7/19/2015,243,0.10379,0.061710669
7/20/2015,224,0.10121,0.055471501
7/21/2015,210,0.09932,0.051033397
7/22/2015,208,0.09895,0.050359059
7/23/2015,207,0.0987,0.049990326
7/24/2015,219,0.10006,0.053617071
7/25/2015,199,0.09745,0.047449691
7/26/2015,204,0.09793,0.048881485
7/27/2015,184,0.09539,0.042945646
7/28/2015,145,0.09099,0.032281978
7/29/2015,37.4,0.09255,0.00846928
7/30/2015,23.2,0.10228,0.005806002
7/31/2015,48.1,0.08902,0.01047686
8/1/2015,197,0.09622,0.046379926
8/2/2015,187,0.09489,0.043417071
8/3/2015,175,0.09336,0.039975818
8/4/2015,187,0.09458,0.04327523
8/5/2015,178,0.09339,0.040674184
8/6/2015,177,0.09313,0.040333076
8/7/2015,178,0.09308,0.04053917
8/8/2015,181,0.09326,0.041302131
8/9/2015,182,0.09322,0.041512507
8/10/2015,197,0.09479,0.045690638
8/11/2015,216,0.0969,0.051212503
8/12/2015,208,0.09576,0.048735558
8/13/2015,156,0.08973,0.034250013
8/14/2015,179,0.09205,0.040315801
8/15/2015,197,0.09393,0.045276101
8/16/2015,196,0.09364,0.044907197
8/17/2015,180,0.09164,0.040360455
8/18/2015,179,0.09136,0.040013597
8/19/2015,185,0.09185,0.041576637
8/20/2015,188,0.09201,0.042324453
8/21/2015,210,0.09438,0.048495087
8/22/2015,203,0.09337,0.046376916
8/23/2015,195,0.09226,0.044019645
8/24/2015,195,0.09208,0.043933762
8/25/2015,195,0.09189,0.043843108
8/26/2015,180,0.09003,0.039651373
8/27/2015,179,0.08974,0.039304074
8/28/2015,191,0.09088,0.04247175
8/29/2015,195,0.09114,0.043485264
8/30/2015,194,0.09084,0.043119859
8/31/2015,174,0.08847,0.037665501
9/1/2015,185,0.08947,0.040499311
9/2/2015,192,0.09005,0.042304193
9/3/2015,186,0.0892,0.040595348
9/4/2015,180,0.08836,0.038915865
9/5/2015,180,0.08817,0.038832184
9/6/2015,180,0.08799,0.038752908
9/7/2015,185,0.08834,0.039987808
9/8/2015,188,0.08847,0.040696058
9/9/2015,184,0.08785,0.039551054
9/10/2015,180,0.08724,0.03842259
9/11/2015,156,0.08462,0.032299522
9/12/2015,188,0.08772,0.04035106
9/13/2015,244,0.09385,0.056030252
9/14/2015,197,0.08831,0.042567151
9/15/2015,181,0.08641,0.038268466
9/16/2015,182,0.08633,0.038444268
9/17/2015,177,0.08562,0.037080618
9/18/2015,167,0.08443,0.034499415
9/19/2015,166,0.08415,0.034179105
9/20/2015,158,0.08319,0.032160788
9/21/2015,164,0.08359,0.033542594
9/22/2015,144,0.08155,0.028733262
9/23/2015,150,0.08192,0.030066278
9/24/2015,151,0.08183,0.030233468
9/25/2015,161,0.08259,0.032535075
9/26/2015,167,0.083,0.033915095
9/27/2015,169,0.08302,0.034329534
9/28/2015,161,0.08207,0.032330229
9/29/2015,168,0.08257,0.033941422
9/30/2015,201,0.08577,0.042182269
10/1/2015,153,0.08082,0.030255808
10/2/2015,174,0.08265,0.035187675
10/3/2015,190,0.08409,0.039092768
10/4/2015,212,0.08624,0.044734551
10/5/2015,159,0.08071,0.031399515
10/6/2015,185,0.08307,0.0376023
10/7/2015,189,0.08331,0.03852631
10/8/2015,173,0.08156,0.034524054
10/9/2015,211,0.08527,0.044022752
10/10/2015,200,0.08395,0.041081772
10/11/2015,195,0.08327,0.039730282
10/12/2015,202,0.08383,0.041433279
10/13/2015,208,0.0843,0.04290317
10/14/2015,193,0.08259,0.039001674
10/15/2015,186,0.08173,0.037195715
10/16/2015,212,0.08424,0.043697108
10/17/2015,202,0.08305,0.041047761
10/18/2015,200,0.08269,0.040465178
10/19/2015,196,0.08214,0.03939211
10/20/2015,196,0.08199,0.039320174
10/21/2015,198,0.08205,0.039750468
10/22/2015,200,0.08211,0.04018135
10/23/2015,182,0.08018,0.035705565
10/24/2015,190,0.08083,0.03757722
10/25/2015,192,0.08089,0.038000957
10/26/2015,171,0.07874,0.032945036
10/27/2015,202,0.08163,0.040345921
10/28/2015,251,0.08663,0.053203537
10/29/2015,379,0.10085,0.093521957
10/30/2015,268,0.0882,0.05783648
10/31/2015,250,0.08612,0.052679604
11/1/2015,260,0.08706,0.055384786
11/2/2015,221,0.08281,0.044778911
11/3/2015,262,0.08703,0.055791591
11/4/2015,266,0.08734,0.056845134
11/5/2015,272,0.08786,0.058473431
11/6/2015,268,0.08731,0.057252869
11/7/2015,251,0.08537,0.052429712
11/8/2015,240,0.0841,0.049386211
11/9/2015,236,0.08358,0.048262836
11/10/2015,247,0.08463,0.051146953
11/11/2015,236,0.08337,0.048141573
11/12/2015,239,0.08359,0.048882195
11/13/2015,235,0.08308,0.047770834
11/14/2015,232,0.08267,0.046928254
11/15/2015,230,0.08238,0.046360498
11/16/2015,249,0.08427,0.051341767
11/17/2015,233,0.08252,0.047045015
11/18/2015,232,0.08233,0.04673525
11/19/2015,230,0.08205,0.046174786
11/20/2015,221,0.08106,0.043832611
11/21/2015,213,0.08018,0.041787282
11/22/2015,211,0.07992,0.041260682
11/23/2015,205,0.07926,0.03975634
11/24/2015,179,0.07672,0.033601611
11/25/2015,202,0.07884,0.038966954
11/26/2015,175,0.07624,0.032645206
11/27/2015,185,0.07711,0.034904458
11/28/2015,169,0.0756,0.031261296
11/29/2015,186,0.07711,0.035093131
11/30/2015,185,0.07697,0.034841086
12/1/2015,235,0.08185,0.047063586
12/2/2015,248,0.08314,0.050449884
12/3/2015,270,0.08541,0.056424921
12/4/2015,245,0.08276,0.049611806
12/5/2015,226,0.08079,0.044674996
12/6/2015,235,0.08167,0.046960087
12/7/2015,225,0.08063,0.044389234
12/8/2015,301,0.08857,0.065230636
12/9/2015,295,0.0879,0.063446747
12/10/2015,247,0.08282,0.050053062
12/11/2015,201,0.07819,0.038454374
12/12/2015,85.2,0.07009,0.014611477
12/13/2015,94.5,0.07026,0.0162457
12/14/2015,67.5,0.07038,0.01162389
12/15/2015,66.4,0.07043,0.011442587
12/16/2015,34.6,0.07647,0.006473895
12/17/2015,43.5,0.07352,0.00782516
12/18/2015,33,0.07721,0.006234275
12/19/2015,29.7,0.07899,0.0057402
12/20/2015,20.2,0.08723,0.004311374
12/21/2015,23.1,0.08407,0.004751727
12/22/2015,41.1,0.07423,0.007464827
12/23/2015,33.5,0.07707,0.006317258
12/24/2015,20.1,0.08747,0.004301834
12/25/2015,20.1,0.0875,0.00430331
12/26/2015,26.5,0.08131,0.005272157
12/27/2015,48,0.07272,0.008540702
12/28/2015,70.2,0.07048,0.012106023
12/29/2015,90.8,0.07041,0.01564295
12/30/2015,164,0.07508,0.030127742
12/31/2015,170,0.07565,0.031467071
1/1/2016,139,0.07312,0.024868492
1/2/2016,153,0.07428,0.027807491
1/3/2016,165,0.07535,0.030420453
1/4/2016,191,0.07779,0.036354285
1/5/2016,200,0.07871,0.038517526
1/6/2016,210,0.07975,0.040977783
1/7/2016,180,0.07693,0.033881818
1/8/2016,170,0.07609,0.031650092
1/9/2016,96.8,0.07112,0.016844789
1/10/2016,119,0.07225,0.021036975
1/11/2016,154.7,0.07494,0.028366286
1/12/2016,180,0.07729,0.034040371
1/13/2016,180,0.07737,0.034075605
1/14/2016,220,0.08136,0.043795763
1/15/2016,280,0.08778,0.060138429
1/16/2016,350,0.09564,0.081904183
1/17/2016,290,0.08907,0.063201578
1/18/2016,240,0.08381,0.049215914
1/19/2016,190,0.07884,0.036652085
1/20/2016,180,0.07799,0.034348668
1/21/2016,180,0.07808,0.034388306
1/22/2016,160,0.07637,0.029897939
1/23/2016,140,0.0748,0.02562289
1/24/2016,200,0.08034,0.039315182
1/25/2016,300,0.09111,0.066878384
1/26/2016,320,0.09348,0.073192596
1/27/2016,260,0.08697,0.055327531
1/28/2016,220,0.08284,0.044592441
1/29/2016,200,0.08092,0.039599011
1/30/2016,180,0.07908,0.03482873
1/31/2016,200,0.08117,0.039721351
2/1/2016,174,0.07876,0.033531534
2/2/2016,157,0.07734,0.029709975
2/3/2016,273,0.08935,0.059683691
2/4/2016,267,0.08884,0.058038781
2/5/2016,199,0.08173,0.039795416
2/6/2016,230,0.0851,0.047891216
2/7/2016,233,0.08557,0.048783834
2/8/2016,254,0.08801,0.054697088
2/9/2016,229,0.08544,0.047873502
2/10/2016,210,0.08358,0.042945744
2/11/2016,170,0.07973,0.033164172
2/12/2016,160,0.07895,0.030907978
2/13/2016,150,0.07821,0.028704634
2/14/2016,150,0.07835,0.028756017
2/15/2016,140,0.07766,0.026602588
2/16/2016,180,0.08145,0.035872535
2/17/2016,180,0.0816,0.035938598
2/18/2016,170,0.08079,0.033605085
2/19/2016,300,0.09511,0.069814544
2/20/2016,400,0.10723,0.104948146
2/21/2016,500,0.11974,0.146489916
2/22/2016,460,0.11502,0.129458231
2/23/2016,291,0.09482,0.067513623
2/24/2016,629,0.13674,0.210447947
2/25/2016,906,0.1729,0.383284858
2/26/2016,582,0.13132,0.187004618
2/27/2016,572,0.13032,0.18239191
2/28/2016,613,0.13582,0.203714842
2/29/2016,684,0.14526,0.243108763
3/1/2016,540,0.12706,0.16788082
3/2/2016,520,0.12478,0.158762086
3/3/2016,480,0.11997,0.140900446
3/4/2016,460,0.11769,0.13246339
3/5/2016,440,0.11542,0.124260249
3/6/2016,430,0.1144,0.120362986
3/7/2016,389,0.1095,0.104222669
3/8/2016,347,0.1045,0.088724638
3/9/2016,339,0.10373,0.086040425
3/10/2016,400,0.1116,0.109225152
3/11/2016,473,0.12115,0.140211305
3/12/2016,341,0.10466,0.087323992
3/13/2016,284,0.09787,0.068009002
3/14/2016,320,0.1025,0.08025504
3/15/2016,335,0.10459,0.085730122
3/16/2016,359,0.10784,0.094726785
3/17/2016,346,0.10643,0.090102872
3/18/2016,281,0.09857,0.067771882
3/19/2016,245,0.09443,0.056607574
3/20/2016,212,0.09078,0.047089547
3/21/2016,201,0.08973,0.044129824
3/22/2016,195,0.08926,0.042588267
3/23/2016,168,0.08656,0.035581561
3/24/2016,289,0.10085,0.071313576
3/25/2016,427,0.11882,0.124141187
3/26/2016,271,0.09904,0.065671721
3/27/2016,251,0.09679,0.059443269
3/28/2016,282,0.10083,0.069572458
3/29/2016,322,0.10612,0.083608722
3/30/2016,298,0.10328,0.07530624
3/31/2016,292,0.10273,0.073397051
4/1/2016,364,0.11226,0.099982708
4/2/2016,325,0.1074,0.085405554
4/3/2016,302,0.10466,0.077336791
4/4/2016,285,0.1027,0.071616613
4/5/2016,259,0.09962,0.063131306
4/6/2016,277,0.1021,0.069199664
4/7/2016,346,0.11126,0.094191915
4/8/2016,292,0.10443,0.074611643
4/9/2016,269,0.10169,0.06693126
4/10/2016,269,0.10189,0.067062898
4/11/2016,316,0.10818,0.083643564
4/12/2016,348,0.11263,0.095902913
4/13/2016,275,0.10325,0.069473828
4/14/2016,258,0.10127,0.063929158
4/15/2016,222,0.09696,0.052667664
4/16/2016,219,0.09677,0.051854127
4/17/2016,192,0.09372,0.044028306
4/18/2016,195,0.09424,0.044964354
4/19/2016,172,0.09179,0.038629785
4/20/2016,148,0.08942,0.032381343
4/21/2016,161,0.09092,0.035816552
4/22/2016,214,0.0972,0.050895397
4/23/2016,343,0.11423,0.095867802
4/24/2016,329,0.11252,0.090578285
4/25/2016,302,0.10907,0.080595488
4/26/2016,364,0.11767,0.104801044
4/27/2016,394,0.12201,0.117622423
4/28/2016,368,0.1186,0.106790097
4/29/2016,370,0.11906,0.107786923
4/30/2016,334,0.11429,0.093401354
5/1/2016,344,0.11584,0.097502435
5/2/2016,438,0.12914,0.138399131
5/3/2016,444,0.13017,0.14141398
5/4/2016,404,0.12471,0.123276733
5/5/2016,361.3,0.11892,0.10512871
5/6/2016,420,0.12731,0.130830885
5/7/2016,429,0.12876,0.135156436
5/8/2016,449,0.13178,0.144775247
5/9/2016,476,0.13581,0.158174756
5/10/2016,481,0.1367,0.160883706
5/11/2016,495,0.13889,0.168218846
5/12/2016,457,0.13358,0.1493675
5/13/2016,469,0.13546,0.155447015
5/14/2016,464,0.13489,0.153142667
5/15/2016,428,0.12986,0.13599334
5/16/2016,417,0.12842,0.131028929
5/17/2016,414,0.12813,0.129792512
5/18/2016,400,0.12626,0.123573187
5/19/2016,387,0.12452,0.117909432
5/20/2016,413,0.12835,0.12970132
5/21/2016,344,0.11866,0.099876027
5/22/2016,354,0.12017,0.104087312
5/23/2016,350,0.1197,0.102508686
5/24/2016,333,0.11741,0.095663836
5/25/2016,336,0.11792,0.096944956
5/26/2016,301,0.11311,0.083304022
5/27/2016,310,0.11444,0.086803656
5/28/2016,281,0.1105,0.075974363
5/29/2016,263,0.10812,0.069576128
5/30/2016,260,0.10778,0.068566187
5/31/2016,275,0.10988,0.073934956
6/1/2016,255,0.10722,0.066898203
6/2/2016,279,0.11054,0.075460927
6/3/2016,276,0.11017,0.074399652
6/4/2016,242,0.10561,0.062534385
6/5/2016,247,0.10632,0.064255513
6/6/2016,236,0.10489,0.060568185
6/7/2016,211,0.10166,0.052484496
6/8/2016,211.3,0.10175,0.052605649
6/9/2016,227,0.10379,0.057647415
6/10/2016,226,0.10368,0.057332635
6/11/2016,74,0.08965,0.016232316
6/12/2016,28.7,0.10079,0.007077792
6/13/2016,29.8,0.09998,0.007290006
6/14/2016,95.2,0.09,0.020964182
6/15/2016,273,0.11003,0.073497443
6/16/2016,209,0.10151,0.051910306
6/17/2016,214,0.10215,0.053487293
6/18/2016,214,0.10214,0.053482057
6/19/2016,212,0.10187,0.052842169
6/20/2016,215,0.10223,0.053779318
6/21/2016,214,0.10208,0.05345064
6/22/2016,190,0.09904,0.046042904
6/23/2016,209,0.10139,0.05184894
6/24/2016,199,0.10009,0.048735142
6/25/2016,202,0.10043,0.049637889
6/26/2016,212,0.10166,0.052733238
6/27/2016,245,0.10593,0.063501433
6/28/2016,272,0.10953,0.072895457
6/29/2016,332,0.11779,0.095685246
6/30/2016,338,0.11857,0.098059572
7/1/2016,233,0.10412,0.05935927
7/2/2016,122,0.09129,0.027250941
7/3/2016,190,0.09852,0.04580116
7/4/2016,197,0.09932,0.047874187
7/5/2016,191,0.09851,0.046037545
7/6/2016,234.3,0.10395,0.059593001
7/7/2016,154,0.09408,0.035450021
7/8/2016,216,0.1014,0.053590792
7/9/2016,188,0.09783,0.045001643
7/10/2016,197,0.09884,0.047642817
7/11/2016,183,0.09705,0.043455535
7/12/2016,192,0.09804,0.04605778
7/13/2016,188,0.09746,0.044831444
7/14/2016,200,0.09882,0.048358555
7/15/2016,188,0.09726,0.044739444
7/16/2016,186,0.09691,0.044104206
7/17/2016,186,0.09681,0.044058696
7/18/2016,189,0.09705,0.044880307
7/19/2016,190,0.09706,0.045122418
7/20/2016,189,0.09682,0.044773944
7/21/2016,197,0.09767,0.047078854
7/22/2016,176,0.09505,0.040932028
7/23/2016,183,0.09574,0.042868964
7/24/2016,187,0.09609,0.043966133
7/25/2016,205,0.09813,0.049221419
7/26/2016,126,0.08941,0.027564817
7/27/2016,34.3,0.09419,0.007904918
7/28/2016,73.9,0.08678,0.015691431
7/29/2016,229,0.10056,0.056345498
7/30/2016,185,0.09503,0.04301609
7/31/2016,185,0.09489,0.042952718
8/1/2016,178,0.09393,0.04090937
8/2/2016,186,0.09471,0.043102976
8/3/2016,184,0.09433,0.042468422
8/4/2016,183,0.09406,0.042116719
8/5/2016,194,0.09519,0.045184713
8/6/2016,178,0.09318,0.040582723
8/7/2016,198,0.09534,0.046189027
8/8/2016,170,0.09197,0.038255473
8/9/2016,181,0.09304,0.041204699
8/10/2016,160,0.09057,0.035457068
8/11/2016,108,0.08584,0.022683598
8/12/2016,154,0.08963,0.033773229
8/13/2016,203,0.09492,0.047146802
8/14/2016,165,0.09045,0.036516655
8/15/2016,197,0.09387,0.04524718
8/16/2016,200,0.09404,0.046019414
8/17/2016,184,0.09203,0.041432937
8/18/2016,182,0.09162,0.040799999
8/19/2016,188,0.09212,0.042375053
8/20/2016,188,0.09194,0.042292253
8/21/2016,192,0.09222,0.043323628
8/22/2016,187,0.09147,0.041852245
8/23/2016,168,0.08922,0.036674987
8/24/2016,195,0.09201,0.043900363
8/25/2016,203,0.09274,0.046063995
8/26/2016,183,0.0903,0.040433125
8/27/2016,188,0.09067,0.041708055
8/28/2016,183,0.08993,0.040267452
8/29/2016,183,0.08974,0.040182377
8/30/2016,183,0.08956,0.04010178
8/31/2016,195,0.0907,0.043275328
9/1/2016,208,0.09199,0.046816875
9/2/2016,185,0.08922,0.040386147
9/3/2016,191,0.08969,0.041915617
9/4/2016,195,0.08994,0.042912712
9/5/2016,187,0.08887,0.040662611
9/6/2016,188,0.08879,0.040843258
9/7/2016,184,0.08817,0.039695122
9/8/2016,187,0.0883,0.040401806
9/9/2016,191,0.08855,0.041382851
9/10/2016,184,0.08761,0.039443003
9/11/2016,199,0.08905,0.04335962
9/12/2016,191,0.08798,0.041116468
9/13/2016,179,0.08652,0.037893787
9/14/2016,193,0.08782,0.041471449
9/15/2016,179,0.08615,0.037731736
9/16/2016,193,0.08744,0.041292001
9/17/2016,182,0.08609,0.038337392
9/18/2016,201,0.08793,0.043244572
9/19/2016,183,0.08582,0.038427141
9/20/2016,193,0.08669,0.040937827
9/21/2016,179,0.08504,0.037245581
9/22/2016,175,0.08446,0.036164927
9/23/2016,188,0.08562,0.039385063
9/24/2016,187,0.08533,0.039042878
9/25/2016,187,0.08515,0.038960519
9/26/2016,189,0.08518,0.039391082
9/27/2016,195,0.08563,0.040856299
9/28/2016,190,0.08493,0.039483278
9/29/2016,193,0.08506,0.040168088
9/30/2016,191,0.08468,0.03957425
10/1/2016,201,0.08555,0.042074072
10/2/2016,200,0.08527,0.041727727
10/3/2016,191,0.08416,0.039331233
10/4/2016,187.3,0.08362,0.038321845
10/5/2016,195,0.08423,0.040188323
10/6/2016,181,0.08263,0.036594414
10/7/2016,191,0.08348,0.039013443
10/8/2016,167,0.08094,0.033073347
10/9/2016,185,0.08254,0.037362391
10/10/2016,172,0.0811,0.034130903
10/11/2016,181,0.08182,0.036235689
10/12/2016,178,0.08137,0.035439109
10/13/2016,178,0.08122,0.035373779
10/14/2016,173,0.08058,0.034109224
10/15/2016,180,0.08111,0.035722791
10/16/2016,180,0.08096,0.035656727
10/17/2016,177,0.08052,0.034871891
10/18/2016,177,0.08037,0.034806929
10/19/2016,189,0.0814,0.037643039
10/20/2016,192,0.08156,0.038315714
10/21/2016,220,0.08429,0.04537297
10/22/2016,245,0.08681,0.052039643
10/23/2016,218,0.08379,0.044693787
10/24/2016,217,0.08355,0.04436134
10/25/2016,217,0.08341,0.044287007
10/26/2016,217,0.08327,0.044212673
10/27/2016,223,0.08376,0.045702505
10/28/2016,221,0.08342,0.045108764
10/29/2016,218,0.08298,0.044261731
10/30/2016,216,0.08264,0.043675967
10/31/2016,214,0.08231,0.043098767
11/1/2016,198,0.08058,0.039038303
11/2/2016,209.3,0.08161,0.041793725
11/3/2016,252,0.08593,0.052983888
11/4/2016,227,0.08318,0.046200135
11/5/2016,227,0.08306,0.046133484
11/6/2016,225,0.08274,0.045550852
11/7/2016,233,0.08346,0.047580913
11/8/2016,232,0.08325,0.047257495
11/9/2016,235,0.08346,0.047989333
11/10/2016,238,0.08367,0.048724254
11/11/2016,220,0.08171,0.043984166
11/12/2016,211,0.08071,0.041668539
11/13/2016,227,0.08224,0.045678037
11/14/2016,218,0.08123,0.043328277
11/15/2016,214,0.08074,0.042276691
11/16/2016,224,0.08167,0.044761955
11/17/2016,221,0.08128,0.043951575
11/18/2016,267,0.08599,0.056176889
11/19/2016,268,0.08602,0.056406961
11/20/2016,262,0.0853,0.054682554
11/21/2016,270,0.08607,0.056860941
11/22/2016,270,0.086,0.056814696
11/23/2016,262,0.08508,0.054541521
11/24/2016,271,0.08597,0.057005228
11/25/2016,267,0.08548,0.055843708
11/26/2016,274,0.08617,0.057770367
11/27/2016,275,0.08622,0.058014851
11/28/2016,270,0.08563,0.056570261
11/29/2016,278,0.08643,0.058790585
11/30/2016,285,0.08713,0.06075906
12/1/2016,303,0.08902,0.065997683
12/2/2016,296,0.08822,0.063893582
12/3/2016,281,0.08657,0.059521273
12/4/2016,280,0.08643,0.059213539
12/5/2016,280,0.0864,0.059192986
12/6/2016,289.3,0.08737,0.061845662
12/7/2016,298,0.08827,0.064361753
12/8/2016,286,0.08696,0.060853286
12/9/2016,251,0.08325,0.051127721
12/10/2016,221,0.08017,0.04335135
12/11/2016,194,0.07752,0.036797132
12/12/2016,157,0.07418,0.028496069
12/13/2016,102,0.07052,0.01759993
12/14/2016,88.8,0.07012,0.015235382
12/15/2016,47,0.07271,0.008361621
12/16/2016,61.9,0.07073,0.010712548
12/17/2016,75.4,0.07012,0.012936349
12/18/2016,70.6,0.07026,0.012136999
12/19/2016,85.2,0.07009,0.014611477
12/20/2016,186,0.07678,0.034942947
12/21/2016,320,0.09061,0.070945455
12/22/2016,190,0.07719,0.035885013
12/23/2016,135,0.07253,0.023957965
12/24/2016,129,0.07213,0.022766911
12/25/2016,159,0.07448,0.028975789
12/26/2016,151,0.07384,0.027281429
12/27/2016,270,0.08542,0.056431527
12/28/2016,118,0.07154,0.0206552
12/29/2016,105,0.07089,0.018212633
12/30/2016,163,0.07499,0.029908142
12/31/2016,242,0.08266,0.048945102
1/1/2017,270,0.08565,0.056583473
1/2/2017,284,0.0872,0.060594513
1/3/2017,327,0.09194,0.073561525
1/4/2017,394.7,0.09955,0.096140608
1/5/2017,282,0.08718,0.060153991
1/6/2017,227,0.08147,0.045250361
1/7/2017,278,0.08689,0.059103482
1/8/2017,303,0.08967,0.06647958
1/9/2017,288,0.08812,0.062096261
1/10/2017,218,0.08084,0.04312025
1/11/2017,160,0.07541,0.02952211
1/12/2017,163,0.07575,0.030211251
1/13/2017,227,0.08199,0.045539181
1/14/2017,276,0.08726,0.058928144
1/15/2017,345,0.09497,0.080168546
1/16/2017,989,0.17181,0.415760476
1/17/2017,336,0.09418,0.077427714
1/18/2017,331,0.09373,0.075911065
1/19/2017,280,0.0882,0.060426173
1/20/2017,278,0.08809,0.059919734
1/21/2017,314,0.09218,0.070821452
1/22/2017,309,0.09174,0.069361054
1/23/2017,309,0.09187,0.069459342
1/24/2017,312,0.09233,0.07048487
1/25/2017,327,0.09415,0.075329754
1/26/2017,375,0.09976,0.091534788
1/27/2017,354,0.0975,0.084451302
1/28/2017,300,0.09152,0.067179341
1/29/2017,273,0.08866,0.059222788
1/30/2017,268,0.08824,0.057862709
1/31/2017,234,0.0847,0.048495087
2/1/2017,247,0.08623,0.052113928
2/2/2017,237,0.0853,0.049464753
2/3/2017,191,0.08067,0.037700221
2/4/2017,164,0.07823,0.031391759
2/5/2017,155,0.07755,0.029411148
2/6/2017,150,0.07725,0.028352295
2/7/2017,129.3,0.07576,0.023968285
2/8/2017,319,0.09537,0.07443907
2/9/2017,219,0.08439,0.045220314
2/10/2017,170,0.0796,0.033110098
2/11/2017,138,0.07695,0.025982814
2/12/2017,272,0.09068,0.060350224
2/13/2017,311,0.09531,0.072526602
2/14/2017,330,0.09771,0.078895353
2/15/2017,359,0.10131,0.088990826
2/16/2017,341,0.09938,0.082918578
2/17/2017,310,0.09593,0.072763672
2/18/2017,383,0.10478,0.098191895
2/19/2017,417,0.1091,0.111316432
2/20/2017,357,0.10207,0.089158921
2/21/2017,340,0.10024,0.083390859
2/22/2017,337,0.10009,0.082531371
2/23/2017,339,0.10053,0.083386137
2/24/2017,338,0.10062,0.083214591
2/25/2017,416,0.11032,0.112291286
2/26/2017,420,0.11104,0.114110922
2/27/2017,357,0.10355,0.090451712
2/28/2017,341,0.10182,0.084954413
3/1/2017,431,0.11311,0.119282503
3/2/2017,370,0.1058,0.095782433
3/3/2017,340,0.10235,0.085146193
3/4/2017,330,0.10135,0.081834449
3/5/2017,229,0.08963,0.050221231
3/6/2017,277,0.0954,0.064658647
3/7/2017,290,0.09715,0.06893492
3/8/2017,276,0.09569,0.064621065
3/9/2017,256,0.09353,0.058585396
3/10/2017,232,0.09094,0.051622782
3/11/2017,200,0.08755,0.042843468
3/12/2017,174,0.08499,0.036183915
3/13/2017,158,0.08358,0.03231156
3/14/2017,155,0.08348,0.031660124
3/15/2017,216,0.0901,0.047618643
3/16/2017,327,0.10364,0.082922737
3/17/2017,181,0.08664,0.038370326
3/18/2017,150,0.08373,0.030730585
3/19/2017,148,0.08373,0.030320843
3/20/2017,175,0.08658,0.03707269
3/21/2017,292,0.1004,0.071732346
3/22/2017,449,0.12073,0.132635572
3/23/2017,327,0.10523,0.084194902
3/24/2017,418,0.11718,0.119847298
3/25/2017,661,0.14993,0.242487007
3/26/2017,638,0.14712,0.229662912
3/27/2017,614,0.14417,0.216591666
3/28/2017,602,0.14285,0.210414279
3/29/2017,598,0.14261,0.208665013
3/30/2017,592,0.14209,0.205818161
3/31/2017,960,0.1937,0.454987354
4/1/2017,990,0.19838,0.480542222
4/2/2017,750,0.16485,0.302516235
4/3/2017,660,0.15266,0.246528802
4/4/2017,855.3,0.18039,0.377510819
4/5/2017,680,0.15608,0.25968965
4/6/2017,1244,0.23755,0.723059251
4/7/2017,1630,0.29612,1.181010658
4/8/2017,1207,0.23285,0.687673018
4/9/2017,1010,0.20452,0.505423731
4/10/2017,878,0.18582,0.399195322
4/11/2017,908,0.19051,0.423255
4/12/2017,937,0.19508,0.447250474
4/13/2017,1030,0.20904,0.526823444
4/14/2017,946,0.19713,0.456291449
4/15/2017,874,0.18702,0.399942868
4/16/2017,799,0.17652,0.3450954
4/17/2017,690,0.16119,0.272135787
4/18/2017,606,0.14953,0.221717222
4/19/2017,553,0.14231,0.192556872
4/20/2017,793.2,0.17696,0.343444279
4/21/2017,1363,0.26236,0.874967557
4/22/2017,666,0.15919,0.259411057
4/23/2017,600,0.15,0.220212
4/24/2017,592,0.14911,0.21598667
4/25/2017,566,0.14565,0.201709054
4/26/2017,583,0.14832,0.211576166
4/27/2017,641,0.15691,0.246097456
4/28/2017,900,0.19512,0.429677654
4/29/2017,878,0.19215,0.412794
4/30/2017,906,0.19662,0.435867373
5/1/2017,1884,0.34953,1.611253328
5/2/2017,2040,0.3756,1.874796883
5/3/2017,1157,0.23539,0.666376756
5/4/2017,866,0.19178,0.406368165
5/5/2017,1910,0.35571,1.662370845
5/6/2017,1890,0.3529,1.631969111
5/7/2017,1670,0.31762,1.297844869
5/8/2017,1160,0.23755,0.674235314
5/9/2017,1170,0.23939,0.685315159
5/10/2017,1150,0.23659,0.665721674
5/11/2017,1090,0.22762,0.607065271
5/12/2017,1200,0.24491,0.719094946
5/13/2017,1230,0.24986,0.751969661
5/14/2017,1210,0.24701,0.731304722
5/15/2017,985,0.21251,0.512169926
5/16/2017,905,0.20053,0.444044408
5/17/2017,817,0.18741,0.374639262
5/18/2017,771,0.18068,0.340849712
5/19/2017,751,0.17785,0.326807698
5/20/2017,681,0.16754,0.27916701
5/21/2017,633,0.16055,0.248663757
5/22/2017,595,0.15506,0.225743481
5/23/2017,553,0.14899,0.201595449
5/24/2017,521,0.14442,0.184104132
5/25/2017,665,0.16584,0.269841912
5/26/2017,705,0.17195,0.296612718
5/27/2017,609,0.15774,0.235048563
5/28/2017,587,0.15458,0.222018864
5/29/2017,603,0.15704,0.23170002
5/30/2017,619,0.15951,0.241588933
5/31/2017,617,0.15931,0.24050642
6/1/2017,607,0.1579,0.23451428
6/2/2017,588,0.15515,0.22321716
6/3/2017,568,0.15225,0.21159437
6/4/2017,557,0.15068,0.20535689
6/5/2017,556,0.15059,0.204865768
6/6/2017,551.7,0.14998,0.202457936
6/7/2017,544,0.1489,0.198194715
6/8/2017,530,0.14687,0.190461603
6/9/2017,520,0.14542,0.185023101
6/10/2017,515,0.14472,0.182361961
6/11/2017,511,0.14415,0.180232878
6/12/2017,492,0.14137,0.170184825
6/13/2017,499,0.14241,0.173875945
6/14/2017,481,0.13977,0.164496823
6/15/2017,454,0.13582,0.150875267
6/16/2017,466,0.13757,0.156858525
6/17/2017,459,0.13654,0.153345507
6/18/2017,446,0.13463,0.146918057
6/19/2017,441,0.13388,0.144461715
6/20/2017,438,0.13342,0.142986001
6/21/2017,433,0.13267,0.140559142
6/22/2017,420,0.13075,0.134366022
6/23/2017,426,0.13157,0.137140253
6/24/2017,416,0.13009,0.132414552
6/25/2017,421,0.13076,0.134696242
6/26/2017,422,0.13085,0.135109115
6/27/2017,418,0.13022,0.13318412
6/28/2017,425,0.13117,0.136402371
6/29/2017,424,0.13096,0.135863561
6/30/2017,418,0.13002,0.132979567
7/1/2017,423,0.13066,0.13523263
7/2/2017,413,0.12914,0.130499638
7/3/2017,416,0.12949,0.131803831
7/4/2017,418,0.12969,0.132642056
7/5/2017,405,0.12773,0.126574554
7/6/2017,407,0.12791,0.127378867
7/7/2017,405,0.12753,0.126376364
7/8/2017,417,0.12914,0.131763557
7/9/2017,414,0.1286,0.130268611
7/10/2017,414,0.12849,0.130157183
7/11/2017,327,0.11609,0.092884027
7/12/2017,409,0.12753,0.127624525
7/13/2017,435,0.13111,0.139547977
7/14/2017,445,0.1324,0.144160562
7/15/2017,437,0.13112,0.14020027
7/16/2017,436,0.13083,0.139570072
7/17/2017,438,0.13097,0.140360339
7/18/2017,436,0.13053,0.139250031
7/19/2017,434,0.13009,0.138144028
7/20/2017,434,0.12994,0.137984741
7/21/2017,450,0.13204,0.145383962
7/22/2017,430,0.12904,0.135766081
7/23/2017,434,0.12943,0.137443167
7/24/2017,422,0.12757,0.131722352
7/25/2017,430,0.12852,0.135218976
7/26/2017,428,0.12806,0.134108325
7/27/2017,433,0.12858,0.136225933
7/28/2017,425,0.12727,0.1323468
7/29/2017,425,0.12708,0.132149221
7/30/2017,424,0.12675,0.131495926
7/31/2017,423,0.12642,0.130844245
8/1/2017,291,0.10821,0.077047554
8/2/2017,88.9,0.08628,0.01876767
8/3/2017,135,0.0892,0.029464366
8/4/2017,181,0.09389,0.041581139
8/5/2017,470,0.13191,0.151695972
8/6/2017,463,0.13072,0.148088557
8/7/2017,449,0.12856,0.141237713
8/8/2017,363.3,0.11662,0.103666135
8/9/2017,474,0.13156,0.152581078
8/10/2017,429,0.12514,0.131356605
8/11/2017,443,0.12683,0.137475146
8/12/2017,444,0.12674,0.1376877
8/13/2017,464,0.12924,0.146728136
8/14/2017,447,0.12667,0.138541462
8/15/2017,458,0.12793,0.143362759
8/16/2017,462,0.12824,0.144965266
8/17/2017,451,0.1265,0.13959361
8/18/2017,449,0.12598,0.138403291
8/19/2017,452,0.12614,0.139504987
8/20/2017,452,0.1259,0.139239558
8/21/2017,434,0.12322,0.130848698
8/22/2017,454,0.12566,0.139589059
8/23/2017,457,0.12581,0.140679182
8/24/2017,445,0.12395,0.134959983
8/25/2017,441,0.12317,0.132905209
8/26/2017,441,0.12292,0.132635449
8/27/2017,441,0.12266,0.132354899
8/28/2017,442,0.12254,0.132525245
8/29/2017,411,0.1182,0.118866033
8/30/2017,432,0.12071,0.127592594
8/31/2017,435,0.12086,0.128638308
9/1/2017,435,0.1206,0.128361575
9/2/2017,441,0.12113,0.13070397
9/3/2017,449,0.12192,0.133942921
9/4/2017,438,0.12022,0.128839582
9/5/2017,460,0.12283,0.138248604
9/6/2017,441,0.12009,0.129581769
9/7/2017,425,0.11776,0.122457446
9/8/2017,449,0.12061,0.132503738
9/9/2017,451,0.12061,0.133093955
9/10/2017,450,0.12022,0.132369433
9/11/2017,439,0.11854,0.127329172
9/12/2017,443,0.1188,0.128771169
9/13/2017,430,0.11688,0.122972253
9/14/2017,443,0.11829,0.128218364
9/15/2017,444,0.11816,0.128366566
9/16/2017,441,0.11752,0.12680864
9/17/2017,437,0.11676,0.124845817
9/18/2017,429,0.11549,0.12122722
9/19/2017,427,0.11499,0.120139666
9/20/2017,432,0.11537,0.121948121
9/21/2017,435,0.1155,0.122933349
9/22/2017,436,0.11538,0.123087938
9/23/2017,434,0.11488,0.121992359
9/24/2017,428,0.11388,0.119258598
9/25/2017,440,0.11513,0.123948037
9/26/2017,433,0.11402,0.120800131
9/27/2017,437,0.11428,0.122194073
9/28/2017,422,0.11218,0.115831414
9/29/2017,417,0.11133,0.113591736
9/30/2017,431,0.11282,0.118976678
10/1/2017,435,0.11307,0.120346959
10/2/2017,443,0.11383,0.123384025
10/3/2017,444,0.11371,0.123532179
10/4/2017,437,0.11262,0.120419115
10/5/2017,445,0.11337,0.123440204
10/6/2017,459,0.11485,0.128985876
10/7/2017,438,0.11206,0.120094523
10/8/2017,433,0.11123,0.117844225
10/9/2017,607,0.13236,0.196582078
10/10/2017,599,0.13111,0.192159169
10/11/2017,509,0.11979,0.149189006
10/12/2017,537,0.12299,0.161600447
10/13/2017,528,0.12165,0.1571609
10/14/2017,519,0.12032,0.152793069
10/15/2017,512,0.11925,0.149391821
10/16/2017,484,0.11565,0.136958651
10/17/2017,495,0.11676,0.141415742
10/18/2017,477,0.11439,0.133507269
10/19/2017,489,0.11562,0.138337619
10/20/2017,443,0.10993,0.119156689
10/21/2017,443,0.10973,0.118939902
10/22/2017,442,0.10943,0.118346969
10/23/2017,424,0.10711,0.111120541
10/24/2017,452,0.11023,0.121909265
10/25/2017,438,0.1084,0.116172107
10/26/2017,430,0.10728,0.112871863
10/27/2017,437,0.10793,0.115404325
10/28/2017,437,0.10776,0.115222552
10/29/2017,440,0.10793,0.116196575
10/30/2017,457,0.10976,0.122732271
10/31/2017,466,0.11065,0.126164104
11/1/2017,463,0.11013,0.124762797
11/2/2017,467,0.11044,0.126194884
11/3/2017,533,0.11803,0.153928164
11/4/2017,517,0.11598,0.14671419
11/5/2017,546,0.11923,0.159285652
11/6/2017,823,0.15223,0.306548048
11/7/2017,763,0.14477,0.270272329
11/8/2017,774,0.14591,0.276327743
11/9/2017,807,0.14971,0.295612515
11/10/2017,834,0.1528,0.311808447
11/11/2017,828,0.15189,0.307721606
11/12/2017,809,0.14943,0.295790887
11/13/2017,771,0.1447,0.272974061
11/14/2017,750,0.14203,0.260639253
11/15/2017,710,0.13712,0.238208703
11/16/2017,651,0.12999,0.207056755
11/17/2017,605,0.12445,0.184225077
11/18/2017,562,0.11931,0.164063372
11/19/2017,709,0.13647,0.23674559
11/20/2017,624,0.12634,0.192896316
11/21/2017,539,0.11632,0.153405747
11/22/2017,527,0.11483,0.148069105
11/23/2017,515,0.11336,0.142845163
11/24/2017,497,0.11121,0.135237988
11/25/2017,470,0.10804,0.124245568
11/26/2017,442,0.10477,0.113307246
11/27/2017,407,0.10075,0.100331646
11/28/2017,359,0.09532,0.083729202
11/29/2017,318,0.09075,0.070610978
11/30/2017,289,0.08756,0.061915883
12/1/2017,261,0.08454,0.053988495
12/2/2017,238,0.08211,0.047815806
12/3/2017,224,0.08065,0.04420291
12/4/2017,196,0.07786,0.037339538
12/5/2017,143,0.07318,0.025605126
12/6/2017,139,0.07285,0.024776664
12/7/2017,119.7,0.07148,0.020935203
12/8/2017,119,0.07144,0.020801128
12/9/2017,110,0.07092,0.019087976
12/10/2017,104,0.07063,0.017973018
12/11/2017,99.4,0.07043,0.017129416
12/12/2017,93.3,0.07023,0.016032557
12/13/2017,101,0.07048,0.017417497
12/14/2017,108,0.07078,0.018703926
12/15/2017,120,0.07144,0.020975927
12/16/2017,117,0.07126,0.020399999
12/17/2017,117,0.07126,0.020399999
12/18/2017,139,0.07275,0.024742653
12/19/2017,400,0.09942,0.097304342
12/20/2017,428,0.10259,0.107435367
12/21/2017,348,0.09368,0.079767246
12/22/2017,293,0.08772,0.062887556
12/23/2017,289,0.08731,0.061739101
12/24/2017,298,0.08831,0.064390919
12/25/2017,293,0.0878,0.062944909
12/26/2017,280,0.08644,0.05922039
12/27/2017,265,0.08489,0.055042846
12/28/2017,254,0.08378,0.052068198
12/29/2017,248,0.08319,0.050480224
12/30/2017,243,0.08272,0.049183029
12/31/2017,236,0.08204,0.047373571
1/1/2018,220,0.08047,0.043316679
1/2/2018,195,0.07806,0.037244456
1/3/2018,186,0.07726,0.035161397
1/4/2018,189,0.0776,0.035885748
1/5/2018,187,0.07747,0.035446522
1/6/2018,187,0.07752,0.0354694
1/7/2018,191,0.07797,0.036438406
1/8/2018,182,0.07719,0.034374066
1/9/2018,174,0.07652,0.03257787
1/10/2018,183,0.07742,0.03466592
1/11/2018,247,0.0839,0.05070577
1/12/2018,704,0.13645,0.235041565
1/13/2018,656,0.13086,0.210043491
1/14/2018,670,0.13268,0.217509754
1/15/2018,624,0.12735,0.194438388
1/16/2018,638,0.12916,0.201626303
1/17/2018,608,0.12575,0.187072541
1/18/2018,596,0.12447,0.181513705
1/19/2018,652,0.13131,0.209480629
1/20/2018,768,0.14549,0.273396428
1/21/2018,676,0.13454,0.222534111
1/22/2018,597,0.12524,0.182943028
1/23/2018,769,0.1462,0.275088341
1/24/2018,665,0.13377,0.21766011
1/25/2018,549,0.12003,0.161235483
1/26/2018,594,0.12559,0.182532406
1/27/2018,644,0.13181,0.207698184
1/28/2018,679,0.13626,0.226379257
1/29/2018,612,0.12833,0.192166681
1/30/2018,526,0.11818,0.152099645
1/31/2018,604,0.12777,0.188827092
2/1/2018,538,0.12,0.157965408
2/2/2018,413,0.1053,0.106408641
2/3/2018,409,0.105,0.105077826
2/4/2018,411,0.10542,0.106014021
2/5/2018,422,0.10689,0.110369227
2/6/2018,400,0.10447,0.102246878
2/7/2018,366,0.10065,0.090134974
2/8/2018,344,0.09826,0.082705363
2/9/2018,337,0.09762,0.08049468
2/10/2018,330,0.09698,0.078305919
2/11/2018,337,0.09798,0.080791525
2/12/2018,523,0.1205,0.154201006
2/13/2018,598,0.12997,0.190170336
2/14/2018,502,0.11838,0.145405396
2/15/2018,780,0.15338,0.292726344
2/16/2018,717,0.14568,0.255574524
2/17/2018,499,0.1187,0.144927145
2/18/2018,521,0.12165,0.155077328
2/19/2018,592,0.13075,0.189392107
2/20/2018,1120,0.19935,0.54630193
2/21/2018,985,0.18188,0.438348624
2/22/2018,881,0.16862,0.363482465
2/23/2018,828,0.16206,0.328325522
2/24/2018,807,0.15967,0.315279209
2/25/2018,844,0.16482,0.34036965
2/26/2018,763,0.15461,0.288642708
2/27/2018,697,0.14638,0.249639321
2/28/2018,635,0.13869,0.215485149
3/1/2018,573,0.13104,0.183720229
3/2/2018,537,0.12672,0.166501412
3/3/2018,489,0.12089,0.144643096
3/4/2018,458,0.11723,0.131371971
3/5/2018,407,0.11107,0.110608793
3/6/2018,381,0.10806,0.10073686
3/7/2018,362,0.10594,0.093835465
3/8/2018,353.3,0.1051,0.090854162
3/9/2018,341,0.1038,0.086606443
3/10/2018,323,0.1018,0.08045421
3/11/2018,319,0.10153,0.07924713
3/12/2018,312,0.10089,0.077019587
3/13/2018,301,0.09976,0.073471923
3/14/2018,295,0.09925,0.071639246
3/15/2018,291,0.09898,0.070475621
3/16/2018,309,0.1014,0.076664606
3/17/2018,289,0.09916,0.070118535
3/18/2018,305,0.10135,0.07563487
3/19/2018,323,0.10382,0.082050649
3/20/2018,307,0.10204,0.076649142
3/21/2018,300,0.10139,0.074424316
3/22/2018,291,0.10049,0.071550769
3/23/2018,290,0.10059,0.071375847
3/24/2018,294,0.1013,0.072871087
3/25/2018,293,0.1014,0.072694917
3/26/2018,297,0.10211,0.074203296
3/27/2018,338,0.10755,0.088945829
3/28/2018,378,0.11295,0.104466371
3/29/2018,389,0.11464,0.109114948
3/30/2018,745,0.16313,0.297364131
3/31/2018,567,0.13899,0.192825775
4/1/2018,652,0.15093,0.240780682
4/2/2018,640,0.14959,0.23425076
4/3/2018,626,0.14797,0.226645175
4/4/2018,905.7,0.18753,0.415579
4/5/2018,618.7,0.14755,0.223366378
4/6/2018,592,0.14417,0.208831052
4/7/2018,598,0.14529,0.212586352
4/8/2018,567,0.14129,0.196016647
4/9/2018,531,0.1366,0.177477659
4/10/2018,495,0.13191,0.159764907
4/11/2018,449,0.12587,0.138282443
4/12/2018,408,0.12053,0.120324424
4/13/2018,374,0.11617,0.106307539
4/14/2018,344,0.11237,0.094581739
4/15/2018,348,0.11312,0.096320142
4/16/2018,1440,0.27185,0.957834115
4/17/2018,1210,0.23742,0.7029123
4/18/2018,860,0.18602,0.391432213
4/19/2018,812,0.17937,0.356372603
4/20/2018,793,0.17693,0.343299473
4/21/2018,786,0.17622,0.338903625
4/22/2018,762,0.17304,0.322626435
4/23/2018,734,0.16928,0.304018619
4/24/2018,672,0.16059,0.264050043
4/25/2018,611,0.15208,0.227358809
4/26/2018,518,0.13907,0.176263215
4/27/2018,433,0.1273,0.134869818
4/28/2018,369,0.11861,0.107089316
4/29/2018,332,0.11372,0.092379032
4/30/2018,294,0.10876,0.078237507
5/1/2018,295,0.10906,0.078720162
5/2/2018,249,0.10313,0.062832283
5/3/2018,238,0.10186,0.059316989
5/4/2018,306,0.11103,0.08313047
5/5/2018,296,0.10984,0.079551928
5/6/2018,267,0.1061,0.069314663
5/7/2018,268,0.10638,0.069757877
5/8/2018,472,0.13495,0.155852352
5/9/2018,555,0.1471,0.199757975
5/10/2018,557,0.14758,0.201132
5/11/2018,550,0.14674,0.197473888
5/12/2018,545,0.14619,0.194945242
5/13/2018,545,0.14637,0.195185273
5/14/2018,548,0.14697,0.197064195
5/15/2018,563,0.14932,0.205695527
5/16/2018,562,0.14933,0.205343922
5/17/2018,571,0.15081,0.210700089
5/18/2018,576,0.1517,0.213799427
5/19/2018,616,0.15774,0.237750271
5/20/2018,636,0.16085,0.250309108
5/21/2018,624,0.15922,0.243097606
5/22/2018,664,0.1653,0.268558811
5/23/2018,667,0.16589,0.270735068
5/24/2018,666,0.16587,0.270296577
5/25/2018,675,0.16734,0.276377071
5/26/2018,681,0.16836,0.280533352
5/27/2018,668,0.16652,0.272170679
5/28/2018,653,0.16439,0.262655832
5/29/2018,633,0.16151,0.250150629
5/30/2018,604,0.15728,0.232438953
5/31/2018,561,0.15099,0.207257148
6/1/2018,526,0.1459,0.187775751
6/2/2018,505,0.14288,0.176547386
6/3/2018,506,0.14309,0.177156982
6/4/2018,483.3,0.13983,0.16535435
6/5/2018,470,0.13793,0.158618948
6/6/2018,470,0.13797,0.158664948
6/7/2018,468,0.13772,0.157703503
6/8/2018,463,0.13703,0.155236957
6/9/2018,463,0.13706,0.155270943
6/10/2018,460,0.13664,0.153792146
6/11/2018,459,0.13652,0.153323045
6/12/2018,458,0.13639,0.152843326
6/13/2018,464,0.13728,0.155856071
6/14/2018,459,0.13655,0.153356738
6/15/2018,458,0.13641,0.152865739
6/16/2018,459,0.13655,0.153356738
6/17/2018,468,0.13785,0.157852366
6/18/2018,474,0.13872,0.160885126
6/19/2018,471,0.13826,0.159336742
6/20/2018,471,0.13823,0.159302168
6/21/2018,468,0.13777,0.157760758
6/22/2018,465,0.13729,0.156203345
6/23/2018,468,0.13769,0.157669149
6/24/2018,468,0.13764,0.157611894
6/25/2018,460,0.13642,0.15354453
6/26/2018,455,0.13564,0.151007198
6/27/2018,457,0.13587,0.151928149
6/28/2018,457,0.1358,0.151849876
6/29/2018,454,0.1353,0.150297626
6/30/2018,456,0.13552,0.151205193
7/1/2018,457,0.13558,0.151603875
7/2/2018,458,0.13564,0.15200285
7/3/2018,455,0.13512,0.150428285
7/4/2018,451,0.13445,0.148366489
7/5/2018,447,0.13377,0.146306871
7/6/2018,442,0.13295,0.143783511
7/7/2018,436,0.13198,0.140796898
7/8/2018,430,0.13101,0.137838765
7/9/2018,425,0.13017,0.135362481
7/10/2018,406.7,0.12743,0.126807321
7/11/2018,415,0.12851,0.130491881
7/12/2018,412,0.12796,0.128994122
7/13/2018,406,0.12697,0.1261321
7/14/2018,405,0.1267,0.125553872
7/15/2018,401,0.12601,0.123636828
7/16/2018,396,0.12516,0.121271629
7/17/2018,389,0.12403,0.118052399
7/18/2018,382,0.1229,0.114871877
7/19/2018,381,0.12261,0.114300818
7/20/2018,380,0.12232,0.113731179
7/21/2018,383,0.12259,0.11488208
7/22/2018,411,0.12636,0.127072013
7/23/2018,392,0.12353,0.118483256
7/24/2018,338,0.11588,0.095834892
7/25/2018,162,0.09316,0.03692691
7/26/2018,159,0.09271,0.03606801
7/27/2018,384,0.12174,0.114383398
7/28/2018,395,0.12309,0.118964762
7/29/2018,397,0.12318,0.119654539
7/30/2018,398,0.12314,0.119916983
7/31/2018,401,0.12336,0.121036736
8/1/2018,401,0.12316,0.120840503
8/2/2018,399,0.12269,0.119778959
8/3/2018,402,0.12291,0.120895948
8/4/2018,406,0.12326,0.122446583
8/5/2018,401,0.12237,0.120065381
8/6/2018,399,0.12188,0.118988178
8/7/2018,409,0.12305,0.123141205
8/8/2018,407,0.12256,0.122051082
8/9/2018,412,0.12303,0.124024279
8/10/2018,416,0.12336,0.125564295
8/11/2018,411,0.12245,0.123139981
8/12/2018,410,0.12209,0.122479223
8/13/2018,410,0.12187,0.122258522
8/14/2018,413,0.12205,0.123334991
8/15/2018,413,0.12182,0.12310257
8/16/2018,430,0.12389,0.130347642
8/17/2018,407,0.12055,0.120049428
8/18/2018,437,0.12436,0.132972129
8/19/2018,423,0.12224,0.12651796
8/20/2018,427,0.12253,0.128017335
8/21/2018,433,0.12309,0.130409473
8/22/2018,396,0.11791,0.114246866
8/23/2018,260,0.10008,0.063667693
8/24/2018,179,0.09029,0.039544961
8/25/2018,379,0.11495,0.106597411
8/26/2018,378,0.11459,0.105983191
8/27/2018,378,0.11436,0.105770466
8/28/2018,381,0.11451,0.106749749
8/29/2018,386,0.11492,0.108537895
8/30/2018,385,0.11455,0.107908162
8/31/2018,386,0.11445,0.108093996
9/1/2018,382,0.11369,0.106263496
9/2/2018,381,0.11331,0.105631072
9/3/2018,383,0.11334,0.106213679
9/4/2018,385,0.11335,0.10677774
9/5/2018,383,0.11285,0.105754489
9/6/2018,396,0.11428,0.11072964
9/7/2018,385,0.11262,0.106090067
9/8/2018,390,0.11302,0.107849561
9/9/2018,394,0.11328,0.109206361
9/10/2018,412,0.11534,0.116272132
9/11/2018,400,0.11356,0.111143443
9/12/2018,397,0.11293,0.109697898
9/13/2018,407,0.11395,0.113476834
9/14/2018,406,0.11358,0.112830463
9/15/2018,404,0.11308,0.111780394
9/16/2018,403,0.11271,0.111138868
9/17/2018,399,0.11197,0.10931331
9/18/2018,396,0.11135,0.107890667
9/19/2018,396,0.1111,0.107648434
9/20/2018,399,0.11124,0.108600631
9/21/2018,405,0.11175,0.11073911
9/22/2018,400,0.11088,0.108520474
9/23/2018,403,0.11102,0.109472426
9/24/2018,405,0.11103,0.110025623
9/25/2018,412,0.11166,0.112562391
9/26/2018,438,0.11464,0.122859505
9/27/2018,418,0.11192,0.114467568
9/28/2018,409,0.11058,0.110661962
9/29/2018,408,0.11023,0.110041992
9/30/2018,406,0.10975,0.109025738
10/1/2018,412,0.11025,0.111140996
10/2/2018,426,0.11174,0.116470714
10/3/2018,416,0.11029,0.11226075
10/4/2018,411,0.10945,0.110066729
10/5/2018,406,0.10863,0.107913129
10/6/2018,420,0.1101,0.113144926
10/7/2018,414,0.10915,0.110566243
10/8/2018,409,0.10833,0.108410294
10/9/2018,411,0.10836,0.108970587
10/10/2018,404,0.1073,0.106066823
10/11/2018,399,0.1065,0.103973096
10/12/2018,394,0.10569,0.101889303
10/13/2018,396,0.10572,0.102435576
10/14/2018,390,0.10482,0.100024695
10/15/2018,389,0.1045,0.099463643
10/16/2018,388,0.10419,0.098913652
10/17/2018,391,0.10435,0.09983152
10/18/2018,390,0.10404,0.099280378
10/19/2018,390,0.10385,0.09909907
10/20/2018,391,0.10379,0.099295768
10/21/2018,389,0.10337,0.098388104
10/22/2018,388,0.10307,0.09785037
10/23/2018,391,0.10324,0.098769584
10/24/2018,393,0.1033,0.099332495
10/25/2018,427,0.1071,0.111896324
10/26/2018,390,0.10261,0.097915798
10/27/2018,389,0.10233,0.097398226
10/28/2018,396,0.10298,0.0997807
10/29/2018,403,0.10362,0.102175579
10/30/2018,406,0.10382,0.103134871
10/31/2018,406,0.10365,0.102965993
11/1/2018,419,0.105,0.107646966
11/2/2018,638,0.13069,0.204014722
11/3/2018,534,0.11814,0.154360684
11/4/2018,473,0.11083,0.128267593
11/5/2018,452,0.10823,0.119697358
11/6/2018,478,0.1111,0.129939271
11/7/2018,535,0.11762,0.15396905
11/8/2018,511,0.11466,0.143361095
11/9/2018,496,0.11277,0.136859115
11/10/2018,516,0.11496,0.14514261
11/11/2018,503,0.11331,0.139455195
11/12/2018,493,0.11202,0.135126634
11/13/2018,497,0.11236,0.136636457
11/14/2018,516,0.11443,0.144473459
11/15/2018,486,0.11084,0.13180481
11/16/2018,471,0.109,0.125616265
11/17/2018,464,0.10809,0.12271622
11/18/2018,440,0.10523,0.113289776
11/19/2018,402,0.10082,0.099167923
11/20/2018,351,0.095,0.081588546
11/21/2018,317,0.09117,0.070714698
11/22/2018,220,0.08082,0.043505083
11/23/2018,179,0.07678,0.033627889
11/24/2018,135,0.07303,0.024123124
11/25/2018,163,0.07523,0.030003861
11/26/2018,180,0.0767,0.033780521
11/27/2018,303,0.08923,0.066153373
11/28/2018,291,0.08788,0.062572212
11/29/2018,232,0.08163,0.04633789
11/30/2018,316,0.09048,0.069958123
12/1/2018,334,0.0924,0.075512163
12/2/2018,517,0.11296,0.142893903
12/3/2018,478,0.10845,0.12683991
12/4/2018,411,0.10083,0.101398157
12/5/2018,391,0.09855,0.094282667
12/6/2018,392,0.09863,0.094600531
12/7/2018,369,0.09604,0.086711558
12/8/2018,359,0.0949,0.083360274
12/9/2018,340,0.09279,0.077193114
12/10/2018,313,0.08983,0.068796162
12/11/2018,312.3,0.08975,0.068581174
12/12/2018,245,0.08259,0.049509897
12/13/2018,230,0.08105,0.045612022
12/14/2018,183,0.07647,0.034240544
12/15/2018,234,0.08145,0.046634295
12/16/2018,188,0.07693,0.035387677
12/17/2018,186,0.07675,0.034929293
12/18/2018,184,0.07657,0.034472672
12/19/2018,176,0.07585,0.032663801
12/20/2018,162,0.07463,0.029581959
12/21/2018,550,0.11654,0.15683254
12/22/2018,402,0.09971,0.098076112
12/23/2018,312,0.08979,0.06854583
12/24/2018,310,0.0896,0.067962317
12/25/2018,282,0.08662,0.059767592
12/26/2018,329,0.09175,0.073858493
12/27/2018,313,0.09004,0.06895699
12/28/2018,321,0.09095,0.071434204
12/29/2018,308,0.08958,0.067508778
12/30/2018,292,0.0879,0.062801526
12/31/2018,218,0.08022,0.042789541
